# Blender 5.1.2
# www.blender.org
mtllib DeskBenchMetal.mtl
o NurbsPath
v 2.900270 1.510239 4.401037
v 2.880664 1.509894 4.454098
v 2.933723 1.509178 4.473699
v 2.953329 1.509522 4.420638
v -2.926469 1.490391 4.388293
v -2.907821 1.489597 4.441694
v -2.961226 1.488802 4.460331
v -2.979873 1.489597 4.406930
v -2.926469 1.490391 4.388293
v -2.907821 1.489597 4.441694
v -2.961226 1.488802 4.460331
v -2.979873 1.489597 4.406930
v -2.919624 1.214073 4.383536
v -2.900995 1.214016 4.436949
v -2.954351 1.211358 4.455554
v -2.972979 1.211415 4.402141
v -2.904783 0.980136 4.379869
v -2.886214 0.980980 4.433296
v -2.939418 0.976028 4.451866
v -2.957987 0.975184 4.398438
v -2.882713 0.783997 4.377155
v -2.864275 0.785971 4.430598
v -2.917143 0.778124 4.449128
v -2.935581 0.776151 4.395685
v -2.854140 0.621336 4.375264
v -2.835956 0.624724 4.428723
v -2.888168 0.613228 4.447211
v -2.906351 0.609841 4.393752
v -2.819749 0.488096 4.374075
v -2.802028 0.493237 4.427549
v -2.853038 0.477186 4.445997
v -2.870759 0.472046 4.392522
v -2.780185 0.380485 4.373476
v -2.763257 0.387743 4.426962
v -2.812193 0.366154 4.445379
v -2.829121 0.358896 4.391893
v -2.736053 0.294978 4.373363
v -2.720398 0.304665 4.426851
v -2.765984 0.276683 4.445261
v -2.781639 0.266996 4.391772
v -2.687925 0.228326 4.373640
v -2.674133 0.240567 4.427118
v -2.714783 0.205817 4.445557
v -2.728576 0.193576 4.392079
v -2.636351 0.177548 4.374221
v -2.624971 0.192159 4.427672
v -2.659181 0.151085 4.446183
v -2.670560 0.136474 4.392732
v -2.581857 0.139921 4.375027
v -2.573189 0.156415 4.428438
v -2.600104 0.110275 4.447055
v -2.608773 0.093781 4.393643
v -2.524940 0.112966 4.375985
v -2.518907 0.130728 4.429353
v -2.538661 0.081142 4.448089
v -2.544695 0.063381 4.394721
v -2.466048 0.094448 4.377035
v -2.462267 0.112936 4.430363
v -2.475818 0.061349 4.449209
v -2.479599 0.042861 4.395880
v -2.405574 0.082388 4.378122
v -2.403527 0.101235 4.431419
v -2.412212 0.048640 4.450351
v -2.414258 0.029793 4.397054
v -2.343860 0.075070 4.379202
v -2.343032 0.094069 4.432478
v -2.348197 0.041036 4.451471
v -2.349025 0.022036 4.398195
v -2.281207 0.071049 4.380238
v -2.281155 0.090102 4.433501
v -2.283964 0.036905 4.452533
v -2.284016 0.017852 4.399270
v -2.217874 0.069143 4.381203
v -2.218252 0.088210 4.434459
v -2.219624 0.034965 4.453513
v -2.219246 0.015898 4.400256
v -2.154084 0.068435 4.382077
v -2.154640 0.087505 4.435331
v -2.155249 0.034249 4.454395
v -2.154693 0.015179 4.401141
v -2.090021 0.068272 4.382851
v -2.090595 0.087342 4.436105
v -2.090882 0.034085 4.455173
v -2.090308 0.015015 4.401918
v -2.025832 0.068261 4.383521
v -2.026346 0.087331 4.436776
v -2.026535 0.034074 4.455844
v -2.026021 0.015004 4.402590
v -1.961629 0.068261 4.384093
v -1.962068 0.087331 4.437349
v -1.962225 0.034074 4.456418
v -1.961786 0.015004 4.403163
v -1.897504 0.068261 4.384578
v -1.897875 0.087331 4.437834
v -1.898008 0.034074 4.456904
v -1.897637 0.015004 4.403648
v -1.833545 0.068261 4.384985
v -1.833856 0.087331 4.438241
v -1.833967 0.034074 4.457311
v -1.833657 0.015004 4.404055
v -1.769832 0.068261 4.385322
v -1.770089 0.087331 4.438579
v -1.770181 0.034074 4.457648
v -1.769924 0.015004 4.404392
v -1.706435 0.068261 4.385598
v -1.706645 0.087331 4.438855
v -1.706720 0.034074 4.457925
v -1.706510 0.015004 4.404668
v -1.643418 0.068261 4.385821
v -1.643588 0.087331 4.439078
v -1.643648 0.034074 4.458148
v -1.643479 0.015004 4.404891
v -1.580838 0.068261 4.385998
v -1.580972 0.087331 4.439255
v -1.581020 0.034074 4.458325
v -1.580886 0.015004 4.405067
v -1.518741 0.068261 4.386136
v -1.518846 0.087331 4.439393
v -1.518883 0.034074 4.458463
v -1.518779 0.015004 4.405205
v -1.457170 0.068261 4.386240
v -1.457250 0.087331 4.439497
v -1.457278 0.034074 4.458568
v -1.457199 0.015004 4.405311
v -1.396157 0.068261 4.386318
v -1.396215 0.087331 4.439576
v -1.396236 0.034074 4.458645
v -1.396178 0.015004 4.405388
v -1.335726 0.068261 4.386374
v -1.335767 0.087331 4.439631
v -1.335782 0.034074 4.458701
v -1.335741 0.015004 4.405444
v -1.275895 0.068261 4.386413
v -1.275923 0.087331 4.439670
v -1.275933 0.034074 4.458740
v -1.275905 0.015004 4.405482
v -1.216673 0.068261 4.386437
v -1.216691 0.087331 4.439694
v -1.216698 0.034074 4.458765
v -1.216680 0.015004 4.405507
v -1.158063 0.068261 4.386453
v -1.158074 0.087331 4.439710
v -1.158078 0.034074 4.458780
v -1.158067 0.015004 4.405522
v -1.100059 0.068261 4.386461
v -1.100065 0.087331 4.439718
v -1.100067 0.034074 4.458788
v -1.100061 0.015004 4.405531
v -1.042647 0.068261 4.386465
v -1.042649 0.087331 4.439722
v -1.042650 0.034074 4.458792
v -1.042648 0.015004 4.405535
v -0.985805 0.068261 4.386467
v -0.985806 0.087331 4.439723
v -0.985807 0.034074 4.458794
v -0.985806 0.015004 4.405536
v -0.929506 0.068261 4.386467
v -0.929506 0.087331 4.439724
v -0.929506 0.034074 4.458794
v -0.929506 0.015004 4.405537
v -0.873712 0.068261 4.386467
v -0.873712 0.087331 4.439724
v -0.873712 0.034074 4.458794
v -0.873712 0.015004 4.405537
v -0.818379 0.068261 4.386467
v -0.818379 0.087331 4.439724
v -0.818379 0.034074 4.458794
v -0.818379 0.015004 4.405537
v -0.763459 0.068261 4.386467
v -0.763459 0.087331 4.439724
v -0.763459 0.034074 4.458794
v -0.763459 0.015004 4.405537
v -0.708904 0.068261 4.386467
v -0.708904 0.087331 4.439724
v -0.708904 0.034074 4.458794
v -0.708904 0.015004 4.405537
v -0.654665 0.068261 4.386467
v -0.654665 0.087331 4.439724
v -0.654665 0.034074 4.458794
v -0.654665 0.015004 4.405537
v -0.600693 0.068261 4.386467
v -0.600693 0.087331 4.439724
v -0.600693 0.034074 4.458794
v -0.600693 0.015004 4.405537
v -0.546939 0.068261 4.386467
v -0.546939 0.087331 4.439724
v -0.546939 0.034074 4.458794
v -0.546939 0.015004 4.405537
v -0.493356 0.068261 4.386467
v -0.493356 0.087331 4.439724
v -0.493356 0.034074 4.458794
v -0.493356 0.015004 4.405537
v -0.439894 0.068261 4.386467
v -0.439894 0.087331 4.439724
v -0.439894 0.034074 4.458794
v -0.439894 0.015004 4.405537
v -0.386505 0.068261 4.386467
v -0.386505 0.087331 4.439724
v -0.386505 0.034074 4.458794
v -0.386505 0.015004 4.405537
v -0.333140 0.068261 4.386467
v -0.333140 0.087331 4.439724
v -0.333140 0.034074 4.458794
v -0.333140 0.015004 4.405537
v -0.279752 0.068261 4.386467
v -0.279752 0.087331 4.439724
v -0.279752 0.034074 4.458794
v -0.279752 0.015004 4.405537
v -0.226289 0.068261 4.386467
v -0.226289 0.087331 4.439724
v -0.226289 0.034074 4.458794
v -0.226289 0.015004 4.405537
v -0.172706 0.068261 4.386467
v -0.172706 0.087331 4.439724
v -0.172706 0.034074 4.458794
v -0.172706 0.015004 4.405537
v -0.118953 0.068261 4.386467
v -0.118953 0.087331 4.439724
v -0.118953 0.034074 4.458794
v -0.118953 0.015004 4.405537
v -0.064981 0.068261 4.386467
v -0.064981 0.087331 4.439724
v -0.064981 0.034074 4.458794
v -0.064981 0.015004 4.405537
v -0.010741 0.068261 4.386467
v -0.010741 0.087331 4.439724
v -0.010741 0.034074 4.458794
v -0.010741 0.015004 4.405537
v 0.043814 0.068261 4.386467
v 0.043814 0.087331 4.439724
v 0.043814 0.034074 4.458794
v 0.043814 0.015004 4.405537
v 0.098734 0.068261 4.386467
v 0.098734 0.087331 4.439724
v 0.098734 0.034074 4.458794
v 0.098734 0.015004 4.405537
v 0.154067 0.068261 4.386467
v 0.154067 0.087331 4.439724
v 0.154067 0.034074 4.458794
v 0.154067 0.015004 4.405537
v 0.209862 0.068261 4.386467
v 0.209862 0.087331 4.439724
v 0.209862 0.034074 4.458794
v 0.209862 0.015004 4.405537
v 0.266172 0.068261 4.386467
v 0.266172 0.087331 4.439724
v 0.266172 0.034074 4.458794
v 0.266172 0.015004 4.405537
v 0.323057 0.068261 4.386467
v 0.323057 0.087331 4.439724
v 0.323057 0.034074 4.458794
v 0.323057 0.015004 4.405537
v 0.380588 0.068261 4.386467
v 0.380588 0.087331 4.439724
v 0.380588 0.034074 4.458794
v 0.380588 0.015004 4.405537
v 0.438842 0.068261 4.386467
v 0.438842 0.087331 4.439724
v 0.438842 0.034074 4.458794
v 0.438842 0.015004 4.405537
v 0.497902 0.068261 4.386467
v 0.497902 0.087331 4.439724
v 0.497902 0.034074 4.458794
v 0.497902 0.015004 4.405537
v 0.557864 0.068261 4.386467
v 0.557864 0.087331 4.439724
v 0.557864 0.034074 4.458794
v 0.557864 0.015004 4.405537
v 0.618830 0.068261 4.386467
v 0.618830 0.087331 4.439724
v 0.618830 0.034074 4.458794
v 0.618830 0.015004 4.405537
v 0.680908 0.068261 4.386467
v 0.680908 0.087331 4.439724
v 0.680908 0.034074 4.458794
v 0.680908 0.015004 4.405537
v 0.744218 0.068261 4.386467
v 0.744218 0.087331 4.439724
v 0.744218 0.034074 4.458794
v 0.744218 0.015004 4.405537
v 0.808886 0.068261 4.386467
v 0.808886 0.087331 4.439724
v 0.808886 0.034074 4.458794
v 0.808886 0.015004 4.405537
v 0.875046 0.068261 4.386467
v 0.875046 0.087331 4.439724
v 0.875046 0.034074 4.458794
v 0.875046 0.015004 4.405537
v 0.942841 0.068261 4.386467
v 0.942841 0.087331 4.439724
v 0.942841 0.034074 4.458794
v 0.942841 0.015004 4.405537
v 1.012422 0.068261 4.386467
v 1.012422 0.087331 4.439724
v 1.012422 0.034074 4.458794
v 1.012422 0.015004 4.405537
v 1.083948 0.068261 4.386467
v 1.083948 0.087331 4.439724
v 1.083948 0.034074 4.458794
v 1.083948 0.015004 4.405537
v 1.157586 0.068261 4.386467
v 1.157586 0.087331 4.439724
v 1.157586 0.034074 4.458794
v 1.157586 0.015004 4.405537
v 1.233513 0.068261 4.386467
v 1.233513 0.087331 4.439724
v 1.233513 0.034074 4.458794
v 1.233513 0.015004 4.405537
v 1.311911 0.068261 4.386467
v 1.311911 0.087331 4.439724
v 1.311911 0.034074 4.458794
v 1.311911 0.015004 4.405537
v 1.392973 0.068261 4.386467
v 1.392972 0.087331 4.439724
v 1.392976 0.034074 4.458794
v 1.392977 0.015004 4.405537
v 1.476892 0.068272 4.386467
v 1.476872 0.087342 4.439724
v 1.476927 0.034085 4.458794
v 1.476947 0.015015 4.405537
v 1.563797 0.068438 4.386468
v 1.563700 0.087508 4.439726
v 1.563962 0.034251 4.458796
v 1.564059 0.015182 4.405539
v 1.653670 0.069157 4.386476
v 1.653386 0.088225 4.439733
v 1.654152 0.034973 4.458803
v 1.654435 0.015905 4.405546
v 1.746343 0.071092 4.386495
v 1.745719 0.090152 4.439753
v 1.747410 0.036922 4.458823
v 1.748034 0.017861 4.405565
v 1.841505 0.075173 4.386537
v 1.840338 0.094208 4.439794
v 1.843496 0.041045 4.458864
v 1.844662 0.022009 4.405607
v 1.938689 0.082594 4.386611
v 1.936735 0.101567 4.439868
v 1.942022 0.048574 4.458941
v 1.943976 0.029601 4.405684
v 2.037280 0.094819 4.386735
v 2.034252 0.113654 4.439990
v 2.042448 0.061033 4.459066
v 2.045477 0.042199 4.405811
v 2.136517 0.113576 4.386925
v 2.132087 0.132139 4.440176
v 2.144076 0.080253 4.459260
v 2.148506 0.061690 4.406008
v 2.235482 0.140860 4.387200
v 2.229306 0.158932 4.440447
v 2.246020 0.108375 4.459545
v 2.252196 0.090303 4.406298
v 2.333111 0.178934 4.387585
v 2.324871 0.196189 4.440824
v 2.347171 0.147844 4.459943
v 2.355411 0.130590 4.406704
v 2.428180 0.230327 4.388104
v 2.417656 0.246333 4.441330
v 2.446136 0.201367 4.460485
v 2.456661 0.185360 4.407258
v 2.519311 0.297827 4.388786
v 2.506466 0.312104 4.441995
v 2.541228 0.271819 4.461196
v 2.554074 0.257542 4.407987
v 2.604975 0.384482 4.389662
v 2.589999 0.396602 4.442849
v 2.630526 0.362154 4.462109
v 2.645501 0.350034 4.408922
v 2.683494 0.493596 4.390764
v 2.666774 0.503300 4.443927
v 2.712023 0.475389 4.463253
v 2.728744 0.465686 4.410090
v 2.753051 0.628733 4.392130
v 2.735057 0.635983 4.445268
v 2.783755 0.614714 4.464661
v 2.801749 0.607464 4.411523
v 2.811685 0.793726 4.393797
v 2.792860 0.798672 4.446912
v 2.843806 0.783638 4.466368
v 2.862631 0.778692 4.413253
v 2.857293 0.992680 4.395807
v 2.837990 0.995581 4.448901
v 2.890230 0.986081 4.468413
v 2.909533 0.983180 4.415319
v 2.887623 1.229969 4.398205
v 2.868088 1.231119 4.451281
v 2.920954 1.226358 4.470841
v 2.940488 1.225208 4.417765
v 2.900270 1.510239 4.401037
v 2.880664 1.509894 4.454098
v 2.933723 1.509178 4.473699
v 2.953329 1.509522 4.420638
vn 0.0098 0.9999 0.0101
vn -0.0086 0.9998 0.0179
vn 0.4284 0.0262 -0.9032
vn 0.8992 0.0147 0.4374
vn -0.4404 -0.0264 0.8974
vn -0.9017 -0.0149 -0.4322
vn 0.4269 0.0337 -0.9037
vn 0.8983 0.0324 0.4382
vn -0.4412 -0.0342 0.8968
vn -0.9013 -0.0326 -0.4320
vn 0.4239 0.0506 -0.9043
vn 0.8952 0.0722 0.4397
vn -0.4419 -0.0521 0.8956
vn -0.8990 -0.0727 -0.4318
vn 0.4189 0.0718 -0.9052
vn 0.8889 0.1223 0.4415
vn -0.4416 -0.0750 0.8941
vn -0.8937 -0.1232 -0.4315
vn 0.4109 0.0983 -0.9064
vn 0.8768 0.1853 0.4437
vn -0.4394 -0.1044 0.8922
vn -0.8829 -0.1868 -0.4308
vn 0.3982 0.1308 -0.9079
vn 0.8552 0.2636 0.4463
vn -0.4334 -0.1418 0.8900
vn -0.8628 -0.2662 -0.4298
vn 0.3787 0.1696 -0.9099
vn 0.8185 0.3584 0.4490
vn -0.4205 -0.1883 0.8875
vn -0.8276 -0.3628 -0.4284
vn 0.3502 0.2138 -0.9120
vn 0.7601 0.4675 0.4514
vn -0.3967 -0.2429 0.8852
vn -0.7702 -0.4741 -0.4266
vn 0.3116 0.2605 -0.9138
vn 0.6749 0.5827 0.4527
vn -0.3582 -0.3010 0.8838
vn -0.6853 -0.5916 -0.4246
vn 0.2645 0.3053 -0.9148
vn 0.5649 0.6903 0.4521
vn -0.3049 -0.3546 0.8839
vn -0.5742 -0.7010 -0.4229
vn 0.2128 0.3440 -0.9146
vn 0.4411 0.7769 0.4493
vn -0.2426 -0.3955 0.8858
vn -0.4484 -0.7880 -0.4219
vn 0.1620 0.3736 -0.9133
vn 0.3200 0.8364 0.4451
vn -0.1807 -0.4207 0.8890
vn -0.3249 -0.8466 -0.4216
vn 0.1171 0.3942 -0.9115
vn 0.2153 0.8715 0.4406
vn -0.1271 -0.4325 0.8926
vn -0.2183 -0.8799 -0.4220
vn 0.0807 0.4074 -0.9097
vn 0.1335 0.8897 0.4366
vn -0.0853 -0.4359 0.8960
vn -0.1351 -0.8961 -0.4228
vn 0.0533 0.4155 -0.9080
vn 0.0746 0.8981 0.4335
vn -0.0552 -0.4351 0.8987
vn -0.0754 -0.9026 -0.4237
vn 0.0342 0.4206 -0.9066
vn 0.0356 0.9016 0.4311
vn -0.0348 -0.4329 0.9008
vn -0.0360 -0.9046 -0.4247
vn 0.0218 0.4239 -0.9055
vn 0.0124 0.9030 0.4295
vn -0.0220 -0.4306 0.9023
vn -0.0125 -0.9048 -0.4256
vn 0.0146 0.4259 -0.9047
vn 0.0006 0.9036 0.4284
vn -0.0146 -0.4288 0.9033
vn -0.0007 -0.9046 -0.4263
vn 0.0108 0.4270 -0.9042
vn -0.0036 0.9039 0.4278
vn -0.0108 -0.4276 0.9039
vn 0.0036 -0.9043 -0.4268
vn 0.0088 0.4274 -0.9040
vn -0.0041 0.9040 0.4276
vn -0.0088 -0.4272 0.9041
vn 0.0041 -0.9042 -0.4270
vn 0.0075 0.4275 -0.9040
vn -0.0035 0.9040 0.4276
vn -0.0075 -0.4272 0.9041
vn 0.0035 -0.9042 -0.4271
vn 0.0063 0.4274 -0.9040
vn -0.0030 0.9040 0.4276
vn -0.0063 -0.4272 0.9041
vn 0.0030 -0.9042 -0.4271
vn 0.0053 0.4274 -0.9040
vn -0.0025 0.9040 0.4275
vn -0.0053 -0.4272 0.9041
vn 0.0025 -0.9042 -0.4271
vn 0.0044 0.4274 -0.9040
vn -0.0021 0.9040 0.4275
vn -0.0044 -0.4273 0.9041
vn 0.0021 -0.9042 -0.4272
vn 0.0036 0.4274 -0.9041
vn -0.0017 0.9040 0.4275
vn -0.0036 -0.4273 0.9041
vn 0.0017 -0.9042 -0.4272
vn 0.0029 0.4274 -0.9041
vn -0.0014 0.9040 0.4275
vn -0.0029 -0.4273 0.9041
vn 0.0014 -0.9042 -0.4272
vn 0.0023 0.4274 -0.9041
vn -0.0011 0.9040 0.4275
vn -0.0023 -0.4273 0.9041
vn 0.0011 -0.9041 -0.4272
vn 0.0018 0.4274 -0.9041
vn -0.0008 0.9040 0.4274
vn -0.0018 -0.4273 0.9041
vn 0.0008 -0.9041 -0.4272
vn 0.0013 0.4274 -0.9041
vn -0.0006 0.9041 0.4274
vn -0.0013 -0.4273 0.9041
vn 0.0006 -0.9041 -0.4273
vn 0.0010 0.4274 -0.9041
vn -0.0005 0.9041 0.4274
vn -0.0010 -0.4273 0.9041
vn 0.0005 -0.9041 -0.4273
vn 0.0007 0.4274 -0.9041
vn -0.0003 0.9041 0.4274
vn -0.0007 -0.4273 0.9041
vn 0.0003 -0.9041 -0.4273
vn 0.0005 0.4274 -0.9041
vn -0.0002 0.9041 0.4274
vn -0.0005 -0.4273 0.9041
vn 0.0002 -0.9041 -0.4273
vn 0.0003 0.4274 -0.9041
vn -0.0001 0.9041 0.4274
vn -0.0003 -0.4273 0.9041
vn 0.0001 -0.9041 -0.4273
vn 0.0002 0.4274 -0.9041
vn -0.0002 -0.4273 0.9041
vn 0.0001 0.4273 -0.9041
vn -0.0000 0.9041 0.4274
vn -0.0001 -0.4273 0.9041
vn -0.0000 -0.9041 -0.4273
vn -0.0000 0.4273 -0.9041
vn -0.0000 0.9041 0.4273
vn -0.0000 -0.4273 0.9041
vn -0.0000 -0.4274 0.9041
vn -0.0004 0.4270 -0.9042
vn -0.0009 0.9040 0.4275
vn 0.0004 -0.4277 0.9039
vn 0.0009 -0.9042 -0.4272
vn -0.0021 0.4262 -0.9046
vn -0.0045 0.9038 0.4279
vn 0.0021 -0.4285 0.9036
vn 0.0045 -0.9043 -0.4268
vn -0.0060 0.4249 -0.9052
vn -0.0131 0.9035 0.4284
vn 0.0061 -0.4297 0.9030
vn 0.0131 -0.9045 -0.4262
vn -0.0132 0.4231 -0.9060
vn -0.0289 0.9027 0.4292
vn 0.0135 -0.4312 0.9022
vn 0.0290 -0.9045 -0.4255
vn -0.0245 0.4204 -0.9070
vn -0.0540 0.9011 0.4302
vn 0.0253 -0.4327 0.9012
vn 0.0542 -0.9038 -0.4245
vn -0.0408 0.4165 -0.9082
vn -0.0903 0.8977 0.4314
vn 0.0426 -0.4338 0.9000
vn 0.0907 -0.9014 -0.4233
vn -0.0627 0.4106 -0.9096
vn -0.1399 0.8906 0.4327
vn 0.0665 -0.4338 0.8986
vn 0.1408 -0.8956 -0.4219
vn -0.0909 0.4015 -0.9113
vn -0.2045 0.8773 0.4343
vn 0.0980 -0.4311 0.8970
vn 0.2061 -0.8837 -0.4203
vn -0.1255 0.3877 -0.9132
vn -0.2848 0.8538 0.4359
vn 0.1377 -0.4237 0.8953
vn 0.2875 -0.8616 -0.4184
vn -0.1658 0.3674 -0.9151
vn -0.3796 0.8152 0.4374
vn 0.1853 -0.4088 0.8936
vn 0.3839 -0.8242 -0.4163
vn -0.2099 0.3394 -0.9169
vn -0.4844 0.7571 0.4385
vn 0.2383 -0.3834 0.8923
vn 0.4905 -0.7666 -0.4143
vn -0.2547 0.3031 -0.9183
vn -0.5909 0.6770 0.4388
vn 0.2921 -0.3458 0.8917
vn 0.5989 -0.6864 -0.4126
vn -0.2967 0.2600 -0.9189
vn -0.6888 0.5777 0.4380
vn 0.3408 -0.2971 0.8920
vn 0.6982 -0.5860 -0.4114
vn -0.3325 0.2129 -0.9188
vn -0.7693 0.4668 0.4361
vn 0.3794 -0.2415 0.8932
vn 0.7793 -0.4733 -0.4108
vn -0.3604 0.1652 -0.9180
vn -0.8286 0.3542 0.4337
vn 0.4060 -0.1848 0.8950
vn 0.8382 -0.3587 -0.4108
vn -0.3804 0.1200 -0.9170
vn -0.8675 0.2483 0.4310
vn 0.4217 -0.1320 0.8971
vn 0.8763 -0.2512 -0.4111
vn -0.3934 0.0793 -0.9159
vn -0.8903 0.1542 0.4284
vn 0.4293 -0.0856 0.8991
vn 0.8979 -0.1558 -0.4116
vn -0.4012 0.0439 -0.9149
vn -0.9017 0.0735 0.4261
vn 0.4316 -0.0464 0.9009
vn 0.9081 -0.0743 -0.4121
vn -0.4047 0.0275 -0.9140
vn -0.9047 0.0365 0.4245
vn 0.4309 -0.0286 0.9019
vn 0.9102 -0.0369 -0.4124
vt 1.000000 0.000000
vt 0.333333 0.000000
vt 0.666667 0.000000
vt 0.000000 0.000000
vt 0.000000 1.000000
vt 0.010526 1.000000
vt 0.010526 0.750000
vt 0.000000 0.750000
vt 0.000000 0.250000
vt 0.010526 0.250000
vt 0.010526 0.000000
vt 0.000000 0.500000
vt 0.010526 0.500000
vt 0.021053 1.000000
vt 0.021053 0.750000
vt 0.021053 0.250000
vt 0.021053 0.000000
vt 0.021053 0.500000
vt 0.031579 1.000000
vt 0.031579 0.750000
vt 0.031579 0.250000
vt 0.031579 0.000000
vt 0.031579 0.500000
vt 0.042105 1.000000
vt 0.042105 0.750000
vt 0.042105 0.250000
vt 0.042105 0.000000
vt 0.042105 0.500000
vt 0.052632 1.000000
vt 0.052632 0.750000
vt 0.052632 0.250000
vt 0.052632 0.000000
vt 0.052632 0.500000
vt 0.063158 1.000000
vt 0.063158 0.750000
vt 0.063158 0.250000
vt 0.063158 0.000000
vt 0.063158 0.500000
vt 0.073684 1.000000
vt 0.073684 0.750000
vt 0.073684 0.250000
vt 0.073684 0.000000
vt 0.073684 0.500000
vt 0.084211 1.000000
vt 0.084211 0.750000
vt 0.084211 0.250000
vt 0.084211 0.000000
vt 0.084211 0.500000
vt 0.094737 1.000000
vt 0.094737 0.750000
vt 0.094737 0.250000
vt 0.094737 0.000000
vt 0.094737 0.500000
vt 0.105263 1.000000
vt 0.105263 0.750000
vt 0.105263 0.250000
vt 0.105263 0.000000
vt 0.105263 0.500000
vt 0.115789 1.000000
vt 0.115789 0.750000
vt 0.115789 0.250000
vt 0.115789 0.000000
vt 0.115789 0.500000
vt 0.126316 1.000000
vt 0.126316 0.750000
vt 0.126316 0.250000
vt 0.126316 0.000000
vt 0.126316 0.500000
vt 0.136842 1.000000
vt 0.136842 0.750000
vt 0.136842 0.250000
vt 0.136842 0.000000
vt 0.136842 0.500000
vt 0.147368 1.000000
vt 0.147368 0.750000
vt 0.147368 0.250000
vt 0.147368 0.000000
vt 0.147368 0.500000
vt 0.157895 1.000000
vt 0.157895 0.750000
vt 0.157895 0.250000
vt 0.157895 0.000000
vt 0.157895 0.500000
vt 0.168421 1.000000
vt 0.168421 0.750000
vt 0.168421 0.250000
vt 0.168421 0.000000
vt 0.168421 0.500000
vt 0.178947 1.000000
vt 0.178947 0.750000
vt 0.178947 0.250000
vt 0.178947 0.000000
vt 0.178947 0.500000
vt 0.189474 1.000000
vt 0.189474 0.750000
vt 0.189474 0.250000
vt 0.189474 0.000000
vt 0.189474 0.500000
vt 0.200000 1.000000
vt 0.200000 0.750000
vt 0.200000 0.250000
vt 0.200000 0.000000
vt 0.200000 0.500000
vt 0.210526 1.000000
vt 0.210526 0.750000
vt 0.210526 0.250000
vt 0.210526 0.000000
vt 0.210526 0.500000
vt 0.221053 1.000000
vt 0.221053 0.750000
vt 0.221053 0.250000
vt 0.221053 0.000000
vt 0.221053 0.500000
vt 0.231579 1.000000
vt 0.231579 0.750000
vt 0.231579 0.250000
vt 0.231579 0.000000
vt 0.231579 0.500000
vt 0.242105 1.000000
vt 0.242105 0.750000
vt 0.242105 0.250000
vt 0.242105 0.000000
vt 0.242105 0.500000
vt 0.252632 1.000000
vt 0.252632 0.750000
vt 0.252632 0.250000
vt 0.252632 0.000000
vt 0.252632 0.500000
vt 0.263158 1.000000
vt 0.263158 0.750000
vt 0.263158 0.250000
vt 0.263158 0.000000
vt 0.263158 0.500000
vt 0.273684 1.000000
vt 0.273684 0.750000
vt 0.273684 0.250000
vt 0.273684 0.000000
vt 0.273684 0.500000
vt 0.284211 1.000000
vt 0.284211 0.750000
vt 0.284211 0.250000
vt 0.284211 0.000000
vt 0.284211 0.500000
vt 0.294737 1.000000
vt 0.294737 0.750000
vt 0.294737 0.250000
vt 0.294737 0.000000
vt 0.294737 0.500000
vt 0.305263 1.000000
vt 0.305263 0.750000
vt 0.305263 0.250000
vt 0.305263 0.000000
vt 0.305263 0.500000
vt 0.315789 1.000000
vt 0.315789 0.750000
vt 0.315789 0.250000
vt 0.315789 0.000000
vt 0.315789 0.500000
vt 0.326316 1.000000
vt 0.326316 0.750000
vt 0.326316 0.250000
vt 0.326316 0.000000
vt 0.326316 0.500000
vt 0.336842 1.000000
vt 0.336842 0.750000
vt 0.336842 0.250000
vt 0.336842 0.000000
vt 0.336842 0.500000
vt 0.347368 1.000000
vt 0.347368 0.750000
vt 0.347368 0.250000
vt 0.347368 0.000000
vt 0.347368 0.500000
vt 0.357895 1.000000
vt 0.357895 0.750000
vt 0.357895 0.250000
vt 0.357895 0.000000
vt 0.357895 0.500000
vt 0.368421 1.000000
vt 0.368421 0.750000
vt 0.368421 0.250000
vt 0.368421 0.000000
vt 0.368421 0.500000
vt 0.378947 1.000000
vt 0.378947 0.750000
vt 0.378947 0.250000
vt 0.378947 0.000000
vt 0.378947 0.500000
vt 0.389474 1.000000
vt 0.389474 0.750000
vt 0.389474 0.250000
vt 0.389474 0.000000
vt 0.389474 0.500000
vt 0.400000 1.000000
vt 0.400000 0.750000
vt 0.400000 0.250000
vt 0.400000 0.000000
vt 0.400000 0.500000
vt 0.410526 1.000000
vt 0.410526 0.750000
vt 0.410526 0.250000
vt 0.410526 0.000000
vt 0.410526 0.500000
vt 0.421053 1.000000
vt 0.421053 0.750000
vt 0.421053 0.250000
vt 0.421053 0.000000
vt 0.421053 0.500000
vt 0.431579 1.000000
vt 0.431579 0.750000
vt 0.431579 0.250000
vt 0.431579 0.000000
vt 0.431579 0.500000
vt 0.442105 1.000000
vt 0.442105 0.750000
vt 0.442105 0.250000
vt 0.442105 0.000000
vt 0.442105 0.500000
vt 0.452632 1.000000
vt 0.452632 0.750000
vt 0.452632 0.250000
vt 0.452632 0.000000
vt 0.452632 0.500000
vt 0.463158 1.000000
vt 0.463158 0.750000
vt 0.463158 0.250000
vt 0.463158 0.000000
vt 0.463158 0.500000
vt 0.473684 1.000000
vt 0.473684 0.750000
vt 0.473684 0.250000
vt 0.473684 0.000000
vt 0.473684 0.500000
vt 0.484211 1.000000
vt 0.484211 0.750000
vt 0.484211 0.250000
vt 0.484211 0.000000
vt 0.484211 0.500000
vt 0.494737 1.000000
vt 0.494737 0.750000
vt 0.494737 0.250000
vt 0.494737 0.000000
vt 0.494737 0.500000
vt 0.505263 1.000000
vt 0.505263 0.750000
vt 0.505263 0.250000
vt 0.505263 0.000000
vt 0.505263 0.500000
vt 0.515789 1.000000
vt 0.515789 0.750000
vt 0.515789 0.250000
vt 0.515789 0.000000
vt 0.515789 0.500000
vt 0.526316 1.000000
vt 0.526316 0.750000
vt 0.526316 0.250000
vt 0.526316 0.000000
vt 0.526316 0.500000
vt 0.536842 1.000000
vt 0.536842 0.750000
vt 0.536842 0.250000
vt 0.536842 0.000000
vt 0.536842 0.500000
vt 0.547368 1.000000
vt 0.547368 0.750000
vt 0.547368 0.250000
vt 0.547368 0.000000
vt 0.547368 0.500000
vt 0.557895 1.000000
vt 0.557895 0.750000
vt 0.557895 0.250000
vt 0.557895 0.000000
vt 0.557895 0.500000
vt 0.568421 1.000000
vt 0.568421 0.750000
vt 0.568421 0.250000
vt 0.568421 0.000000
vt 0.568421 0.500000
vt 0.578947 1.000000
vt 0.578947 0.750000
vt 0.578947 0.250000
vt 0.578947 0.000000
vt 0.578947 0.500000
vt 0.589474 1.000000
vt 0.589474 0.750000
vt 0.589474 0.250000
vt 0.589474 0.000000
vt 0.589474 0.500000
vt 0.600000 1.000000
vt 0.600000 0.750000
vt 0.600000 0.250000
vt 0.600000 0.000000
vt 0.600000 0.500000
vt 0.610526 1.000000
vt 0.610526 0.750000
vt 0.610526 0.250000
vt 0.610526 0.000000
vt 0.610526 0.500000
vt 0.621053 1.000000
vt 0.621053 0.750000
vt 0.621053 0.250000
vt 0.621053 0.000000
vt 0.621053 0.500000
vt 0.631579 1.000000
vt 0.631579 0.750000
vt 0.631579 0.250000
vt 0.631579 0.000000
vt 0.631579 0.500000
vt 0.642105 1.000000
vt 0.642105 0.750000
vt 0.642105 0.250000
vt 0.642105 0.000000
vt 0.642105 0.500000
vt 0.652632 1.000000
vt 0.652632 0.750000
vt 0.652632 0.250000
vt 0.652632 0.000000
vt 0.652632 0.500000
vt 0.663158 1.000000
vt 0.663158 0.750000
vt 0.663158 0.250000
vt 0.663158 0.000000
vt 0.663158 0.500000
vt 0.673684 1.000000
vt 0.673684 0.750000
vt 0.673684 0.250000
vt 0.673684 0.000000
vt 0.673684 0.500000
vt 0.684211 1.000000
vt 0.684211 0.750000
vt 0.684211 0.250000
vt 0.684211 0.000000
vt 0.684211 0.500000
vt 0.694737 1.000000
vt 0.694737 0.750000
vt 0.694737 0.250000
vt 0.694737 0.000000
vt 0.694737 0.500000
vt 0.705263 1.000000
vt 0.705263 0.750000
vt 0.705263 0.250000
vt 0.705263 0.000000
vt 0.705263 0.500000
vt 0.715789 1.000000
vt 0.715789 0.750000
vt 0.715789 0.250000
vt 0.715789 0.000000
vt 0.715789 0.500000
vt 0.726316 1.000000
vt 0.726316 0.750000
vt 0.726316 0.250000
vt 0.726316 0.000000
vt 0.726316 0.500000
vt 0.736842 1.000000
vt 0.736842 0.750000
vt 0.736842 0.250000
vt 0.736842 0.000000
vt 0.736842 0.500000
vt 0.747368 1.000000
vt 0.747368 0.750000
vt 0.747368 0.250000
vt 0.747368 0.000000
vt 0.747368 0.500000
vt 0.757895 1.000000
vt 0.757895 0.750000
vt 0.757895 0.250000
vt 0.757895 0.000000
vt 0.757895 0.500000
vt 0.768421 1.000000
vt 0.768421 0.750000
vt 0.768421 0.250000
vt 0.768421 0.000000
vt 0.768421 0.500000
vt 0.778947 1.000000
vt 0.778947 0.750000
vt 0.778947 0.250000
vt 0.778947 0.000000
vt 0.778947 0.500000
vt 0.789474 1.000000
vt 0.789474 0.750000
vt 0.789474 0.250000
vt 0.789474 0.000000
vt 0.789474 0.500000
vt 0.800000 1.000000
vt 0.800000 0.750000
vt 0.800000 0.250000
vt 0.800000 0.000000
vt 0.800000 0.500000
vt 0.810526 1.000000
vt 0.810526 0.750000
vt 0.810526 0.250000
vt 0.810526 0.000000
vt 0.810526 0.500000
vt 0.821053 1.000000
vt 0.821053 0.750000
vt 0.821053 0.250000
vt 0.821053 0.000000
vt 0.821053 0.500000
vt 0.831579 1.000000
vt 0.831579 0.750000
vt 0.831579 0.250000
vt 0.831579 0.000000
vt 0.831579 0.500000
vt 0.842105 1.000000
vt 0.842105 0.750000
vt 0.842105 0.250000
vt 0.842105 0.000000
vt 0.842105 0.500000
vt 0.852632 1.000000
vt 0.852632 0.750000
vt 0.852632 0.250000
vt 0.852632 0.000000
vt 0.852632 0.500000
vt 0.863158 1.000000
vt 0.863158 0.750000
vt 0.863158 0.250000
vt 0.863158 0.000000
vt 0.863158 0.500000
vt 0.873684 1.000000
vt 0.873684 0.750000
vt 0.873684 0.250000
vt 0.873684 0.000000
vt 0.873684 0.500000
vt 0.884211 1.000000
vt 0.884211 0.750000
vt 0.884211 0.250000
vt 0.884211 0.000000
vt 0.884211 0.500000
vt 0.894737 1.000000
vt 0.894737 0.750000
vt 0.894737 0.250000
vt 0.894737 0.000000
vt 0.894737 0.500000
vt 0.905263 1.000000
vt 0.905263 0.750000
vt 0.905263 0.250000
vt 0.905263 0.000000
vt 0.905263 0.500000
vt 0.915789 1.000000
vt 0.915789 0.750000
vt 0.915789 0.250000
vt 0.915789 0.000000
vt 0.915789 0.500000
vt 0.926316 1.000000
vt 0.926316 0.750000
vt 0.926316 0.250000
vt 0.926316 0.000000
vt 0.926316 0.500000
vt 0.936842 1.000000
vt 0.936842 0.750000
vt 0.936842 0.250000
vt 0.936842 0.000000
vt 0.936842 0.500000
vt 0.947368 1.000000
vt 0.947368 0.750000
vt 0.947368 0.250000
vt 0.947368 0.000000
vt 0.947368 0.500000
vt 0.957895 1.000000
vt 0.957895 0.750000
vt 0.957895 0.250000
vt 0.957895 0.000000
vt 0.957895 0.500000
vt 0.968421 1.000000
vt 0.968421 0.750000
vt 0.968421 0.250000
vt 0.968421 0.000000
vt 0.968421 0.500000
vt 0.978947 1.000000
vt 0.978947 0.750000
vt 0.978947 0.250000
vt 0.978947 0.000000
vt 0.978947 0.500000
vt 0.989474 1.000000
vt 0.989474 0.750000
vt 0.989474 0.250000
vt 0.989474 0.000000
vt 0.989474 0.500000
vt 1.000000 1.000000
vt 1.000000 0.750000
vt 1.000000 0.250000
vt 1.000000 0.500000
s 1
usemtl Material.001
f 4/1/1 2/2/1 3/3/1
f 1/4/1 2/2/1 4/1/1
f 6/2/2 8/1/2 7/3/2
f 6/2/2 5/4/2 8/1/2
f 9/5/3 13/6/7 16/7/10 12/8/6
f 10/9/4 14/10/8 13/11/7 9/4/3
f 11/12/5 15/13/9 14/10/8 10/9/4
f 12/8/6 16/7/10 15/13/9 11/12/5
f 13/6/7 17/14/11 20/15/14 16/7/10
f 14/10/8 18/16/12 17/17/11 13/11/7
f 15/13/9 19/18/13 18/16/12 14/10/8
f 16/7/10 20/15/14 19/18/13 15/13/9
f 17/14/11 21/19/15 24/20/18 20/15/14
f 18/16/12 22/21/16 21/22/15 17/17/11
f 19/18/13 23/23/17 22/21/16 18/16/12
f 20/15/14 24/20/18 23/23/17 19/18/13
f 21/19/15 25/24/19 28/25/22 24/20/18
f 22/21/16 26/26/20 25/27/19 21/22/15
f 23/23/17 27/28/21 26/26/20 22/21/16
f 24/20/18 28/25/22 27/28/21 23/23/17
f 25/24/19 29/29/23 32/30/26 28/25/22
f 26/26/20 30/31/24 29/32/23 25/27/19
f 27/28/21 31/33/25 30/31/24 26/26/20
f 28/25/22 32/30/26 31/33/25 27/28/21
f 29/29/23 33/34/27 36/35/30 32/30/26
f 30/31/24 34/36/28 33/37/27 29/32/23
f 31/33/25 35/38/29 34/36/28 30/31/24
f 32/30/26 36/35/30 35/38/29 31/33/25
f 33/34/27 37/39/31 40/40/34 36/35/30
f 34/36/28 38/41/32 37/42/31 33/37/27
f 35/38/29 39/43/33 38/41/32 34/36/28
f 36/35/30 40/40/34 39/43/33 35/38/29
f 37/39/31 41/44/35 44/45/38 40/40/34
f 38/41/32 42/46/36 41/47/35 37/42/31
f 39/43/33 43/48/37 42/46/36 38/41/32
f 40/40/34 44/45/38 43/48/37 39/43/33
f 41/44/35 45/49/39 48/50/42 44/45/38
f 42/46/36 46/51/40 45/52/39 41/47/35
f 43/48/37 47/53/41 46/51/40 42/46/36
f 44/45/38 48/50/42 47/53/41 43/48/37
f 45/49/39 49/54/43 52/55/46 48/50/42
f 46/51/40 50/56/44 49/57/43 45/52/39
f 47/53/41 51/58/45 50/56/44 46/51/40
f 48/50/42 52/55/46 51/58/45 47/53/41
f 49/54/43 53/59/47 56/60/50 52/55/46
f 50/56/44 54/61/48 53/62/47 49/57/43
f 51/58/45 55/63/49 54/61/48 50/56/44
f 52/55/46 56/60/50 55/63/49 51/58/45
f 53/59/47 57/64/51 60/65/54 56/60/50
f 54/61/48 58/66/52 57/67/51 53/62/47
f 55/63/49 59/68/53 58/66/52 54/61/48
f 56/60/50 60/65/54 59/68/53 55/63/49
f 57/64/51 61/69/55 64/70/58 60/65/54
f 58/66/52 62/71/56 61/72/55 57/67/51
f 59/68/53 63/73/57 62/71/56 58/66/52
f 60/65/54 64/70/58 63/73/57 59/68/53
f 61/69/55 65/74/59 68/75/62 64/70/58
f 62/71/56 66/76/60 65/77/59 61/72/55
f 63/73/57 67/78/61 66/76/60 62/71/56
f 64/70/58 68/75/62 67/78/61 63/73/57
f 65/74/59 69/79/63 72/80/66 68/75/62
f 66/76/60 70/81/64 69/82/63 65/77/59
f 67/78/61 71/83/65 70/81/64 66/76/60
f 68/75/62 72/80/66 71/83/65 67/78/61
f 69/79/63 73/84/67 76/85/70 72/80/66
f 70/81/64 74/86/68 73/87/67 69/82/63
f 71/83/65 75/88/69 74/86/68 70/81/64
f 72/80/66 76/85/70 75/88/69 71/83/65
f 73/84/67 77/89/71 80/90/74 76/85/70
f 74/86/68 78/91/72 77/92/71 73/87/67
f 75/88/69 79/93/73 78/91/72 74/86/68
f 76/85/70 80/90/74 79/93/73 75/88/69
f 77/89/71 81/94/75 84/95/78 80/90/74
f 78/91/72 82/96/76 81/97/75 77/92/71
f 79/93/73 83/98/77 82/96/76 78/91/72
f 80/90/74 84/95/78 83/98/77 79/93/73
f 81/94/75 85/99/79 88/100/82 84/95/78
f 82/96/76 86/101/80 85/102/79 81/97/75
f 83/98/77 87/103/81 86/101/80 82/96/76
f 84/95/78 88/100/82 87/103/81 83/98/77
f 85/99/79 89/104/83 92/105/86 88/100/82
f 86/101/80 90/106/84 89/107/83 85/102/79
f 87/103/81 91/108/85 90/106/84 86/101/80
f 88/100/82 92/105/86 91/108/85 87/103/81
f 89/104/83 93/109/87 96/110/90 92/105/86
f 90/106/84 94/111/88 93/112/87 89/107/83
f 91/108/85 95/113/89 94/111/88 90/106/84
f 92/105/86 96/110/90 95/113/89 91/108/85
f 93/109/87 97/114/91 100/115/94 96/110/90
f 94/111/88 98/116/92 97/117/91 93/112/87
f 95/113/89 99/118/93 98/116/92 94/111/88
f 96/110/90 100/115/94 99/118/93 95/113/89
f 97/114/91 101/119/95 104/120/98 100/115/94
f 98/116/92 102/121/96 101/122/95 97/117/91
f 99/118/93 103/123/97 102/121/96 98/116/92
f 100/115/94 104/120/98 103/123/97 99/118/93
f 101/119/95 105/124/99 108/125/102 104/120/98
f 102/121/96 106/126/100 105/127/99 101/122/95
f 103/123/97 107/128/101 106/126/100 102/121/96
f 104/120/98 108/125/102 107/128/101 103/123/97
f 105/124/99 109/129/103 112/130/106 108/125/102
f 106/126/100 110/131/104 109/132/103 105/127/99
f 107/128/101 111/133/105 110/131/104 106/126/100
f 108/125/102 112/130/106 111/133/105 107/128/101
f 109/129/103 113/134/107 116/135/110 112/130/106
f 110/131/104 114/136/108 113/137/107 109/132/103
f 111/133/105 115/138/109 114/136/108 110/131/104
f 112/130/106 116/135/110 115/138/109 111/133/105
f 113/134/107 117/139/111 120/140/114 116/135/110
f 114/136/108 118/141/112 117/142/111 113/137/107
f 115/138/109 119/143/113 118/141/112 114/136/108
f 116/135/110 120/140/114 119/143/113 115/138/109
f 117/139/111 121/144/115 124/145/118 120/140/114
f 118/141/112 122/146/116 121/147/115 117/142/111
f 119/143/113 123/148/117 122/146/116 118/141/112
f 120/140/114 124/145/118 123/148/117 119/143/113
f 121/144/115 125/149/119 128/150/122 124/145/118
f 122/146/116 126/151/120 125/152/119 121/147/115
f 123/148/117 127/153/121 126/151/120 122/146/116
f 124/145/118 128/150/122 127/153/121 123/148/117
f 125/149/119 129/154/123 132/155/126 128/150/122
f 126/151/120 130/156/124 129/157/123 125/152/119
f 127/153/121 131/158/125 130/156/124 126/151/120
f 128/150/122 132/155/126 131/158/125 127/153/121
f 129/154/123 133/159/127 136/160/130 132/155/126
f 130/156/124 134/161/128 133/162/127 129/157/123
f 131/158/125 135/163/129 134/161/128 130/156/124
f 132/155/126 136/160/130 135/163/129 131/158/125
f 133/159/127 137/164/131 140/165/134 136/160/130
f 134/161/128 138/166/132 137/167/131 133/162/127
f 135/163/129 139/168/133 138/166/132 134/161/128
f 136/160/130 140/165/134 139/168/133 135/163/129
f 137/164/131 141/169/135 144/170/134 140/165/134
f 138/166/132 142/171/132 141/172/135 137/167/131
f 139/168/133 143/173/136 142/171/132 138/166/132
f 140/165/134 144/170/134 143/173/136 139/168/133
f 141/169/135 145/174/137 148/175/140 144/170/134
f 142/171/132 146/176/138 145/177/137 141/172/135
f 143/173/136 147/178/139 146/176/138 142/171/132
f 144/170/134 148/175/140 147/178/139 143/173/136
f 145/174/137 149/179/141 152/180/140 148/175/140
f 146/176/138 150/181/142 149/182/141 145/177/137
f 147/178/139 151/183/143 150/181/142 146/176/138
f 148/175/140 152/180/140 151/183/143 147/178/139
f 149/179/141 153/184/141 156/185/140 152/180/140
f 150/181/142 154/186/142 153/187/141 149/182/141
f 151/183/143 155/188/143 154/186/142 150/181/142
f 152/180/140 156/185/140 155/188/143 151/183/143
f 153/184/141 157/189/141 160/190/140 156/185/140
f 154/186/142 158/191/142 157/192/141 153/187/141
f 155/188/143 159/193/143 158/191/142 154/186/142
f 156/185/140 160/190/140 159/193/143 155/188/143
f 157/189/141 161/194/141 164/195/140 160/190/140
f 158/191/142 162/196/142 161/197/141 157/192/141
f 159/193/143 163/198/143 162/196/142 158/191/142
f 160/190/140 164/195/140 163/198/143 159/193/143
f 161/194/141 165/199/141 168/200/140 164/195/140
f 162/196/142 166/201/142 165/202/141 161/197/141
f 163/198/143 167/203/143 166/201/142 162/196/142
f 164/195/140 168/200/140 167/203/143 163/198/143
f 165/199/141 169/204/141 172/205/140 168/200/140
f 166/201/142 170/206/142 169/207/141 165/202/141
f 167/203/143 171/208/143 170/206/142 166/201/142
f 168/200/140 172/205/140 171/208/143 167/203/143
f 169/204/141 173/209/141 176/210/140 172/205/140
f 170/206/142 174/211/142 173/212/141 169/207/141
f 171/208/143 175/213/143 174/211/142 170/206/142
f 172/205/140 176/210/140 175/213/143 171/208/143
f 173/209/141 177/214/141 180/215/140 176/210/140
f 174/211/142 178/216/142 177/217/141 173/212/141
f 175/213/143 179/218/143 178/216/142 174/211/142
f 176/210/140 180/215/140 179/218/143 175/213/143
f 177/214/141 181/219/141 184/220/140 180/215/140
f 178/216/142 182/221/142 181/222/141 177/217/141
f 179/218/143 183/223/143 182/221/142 178/216/142
f 180/215/140 184/220/140 183/223/143 179/218/143
f 181/219/141 185/224/141 188/225/140 184/220/140
f 182/221/142 186/226/142 185/227/141 181/222/141
f 183/223/143 187/228/143 186/226/142 182/221/142
f 184/220/140 188/225/140 187/228/143 183/223/143
f 185/224/141 189/229/141 192/230/140 188/225/140
f 186/226/142 190/231/142 189/232/141 185/227/141
f 187/228/143 191/233/143 190/231/142 186/226/142
f 188/225/140 192/230/140 191/233/143 187/228/143
f 189/229/141 193/234/141 196/235/140 192/230/140
f 190/231/142 194/236/142 193/237/141 189/232/141
f 191/233/143 195/238/143 194/236/142 190/231/142
f 192/230/140 196/235/140 195/238/143 191/233/143
f 193/234/141 197/239/141 200/240/140 196/235/140
f 194/236/142 198/241/142 197/242/141 193/237/141
f 195/238/143 199/243/143 198/241/142 194/236/142
f 196/235/140 200/240/140 199/243/143 195/238/143
f 197/239/141 201/244/141 204/245/140 200/240/140
f 198/241/142 202/246/142 201/247/141 197/242/141
f 199/243/143 203/248/143 202/246/142 198/241/142
f 200/240/140 204/245/140 203/248/143 199/243/143
f 201/244/141 205/249/141 208/250/140 204/245/140
f 202/246/142 206/251/142 205/252/141 201/247/141
f 203/248/143 207/253/143 206/251/142 202/246/142
f 204/245/140 208/250/140 207/253/143 203/248/143
f 205/249/141 209/254/141 212/255/140 208/250/140
f 206/251/142 210/256/142 209/257/141 205/252/141
f 207/253/143 211/258/143 210/256/142 206/251/142
f 208/250/140 212/255/140 211/258/143 207/253/143
f 209/254/141 213/259/141 216/260/140 212/255/140
f 210/256/142 214/261/142 213/262/141 209/257/141
f 211/258/143 215/263/143 214/261/142 210/256/142
f 212/255/140 216/260/140 215/263/143 211/258/143
f 213/259/141 217/264/141 220/265/140 216/260/140
f 214/261/142 218/266/142 217/267/141 213/262/141
f 215/263/143 219/268/143 218/266/142 214/261/142
f 216/260/140 220/265/140 219/268/143 215/263/143
f 217/264/141 221/269/141 224/270/140 220/265/140
f 218/266/142 222/271/142 221/272/141 217/267/141
f 219/268/143 223/273/143 222/271/142 218/266/142
f 220/265/140 224/270/140 223/273/143 219/268/143
f 221/269/141 225/274/141 228/275/140 224/270/140
f 222/271/142 226/276/142 225/277/141 221/272/141
f 223/273/143 227/278/143 226/276/142 222/271/142
f 224/270/140 228/275/140 227/278/143 223/273/143
f 225/274/141 229/279/141 232/280/140 228/275/140
f 226/276/142 230/281/142 229/282/141 225/277/141
f 227/278/143 231/283/143 230/281/142 226/276/142
f 228/275/140 232/280/140 231/283/143 227/278/143
f 229/279/141 233/284/141 236/285/140 232/280/140
f 230/281/142 234/286/142 233/287/141 229/282/141
f 231/283/143 235/288/143 234/286/142 230/281/142
f 232/280/140 236/285/140 235/288/143 231/283/143
f 233/284/141 237/289/141 240/290/140 236/285/140
f 234/286/142 238/291/142 237/292/141 233/287/141
f 235/288/143 239/293/143 238/291/142 234/286/142
f 236/285/140 240/290/140 239/293/143 235/288/143
f 237/289/141 241/294/141 244/295/140 240/290/140
f 238/291/142 242/296/142 241/297/141 237/292/141
f 239/293/143 243/298/143 242/296/142 238/291/142
f 240/290/140 244/295/140 243/298/143 239/293/143
f 241/294/141 245/299/141 248/300/140 244/295/140
f 242/296/142 246/301/142 245/302/141 241/297/141
f 243/298/143 247/303/143 246/301/142 242/296/142
f 244/295/140 248/300/140 247/303/143 243/298/143
f 245/299/141 249/304/141 252/305/140 248/300/140
f 246/301/142 250/306/142 249/307/141 245/302/141
f 247/303/143 251/308/143 250/306/142 246/301/142
f 248/300/140 252/305/140 251/308/143 247/303/143
f 249/304/141 253/309/141 256/310/140 252/305/140
f 250/306/142 254/311/142 253/312/141 249/307/141
f 251/308/143 255/313/143 254/311/142 250/306/142
f 252/305/140 256/310/140 255/313/143 251/308/143
f 253/309/141 257/314/141 260/315/140 256/310/140
f 254/311/142 258/316/142 257/317/141 253/312/141
f 255/313/143 259/318/143 258/316/142 254/311/142
f 256/310/140 260/315/140 259/318/143 255/313/143
f 257/314/141 261/319/141 264/320/140 260/315/140
f 258/316/142 262/321/142 261/322/141 257/317/141
f 259/318/143 263/323/143 262/321/142 258/316/142
f 260/315/140 264/320/140 263/323/143 259/318/143
f 261/319/141 265/324/141 268/325/140 264/320/140
f 262/321/142 266/326/142 265/327/141 261/322/141
f 263/323/143 267/328/143 266/326/142 262/321/142
f 264/320/140 268/325/140 267/328/143 263/323/143
f 265/324/141 269/329/141 272/330/140 268/325/140
f 266/326/142 270/331/142 269/332/141 265/327/141
f 267/328/143 271/333/143 270/331/142 266/326/142
f 268/325/140 272/330/140 271/333/143 267/328/143
f 269/329/141 273/334/141 276/335/140 272/330/140
f 270/331/142 274/336/142 273/337/141 269/332/141
f 271/333/143 275/338/143 274/336/142 270/331/142
f 272/330/140 276/335/140 275/338/143 271/333/143
f 273/334/141 277/339/141 280/340/140 276/335/140
f 274/336/142 278/341/142 277/342/141 273/337/141
f 275/338/143 279/343/143 278/341/142 274/336/142
f 276/335/140 280/340/140 279/343/143 275/338/143
f 277/339/141 281/344/141 284/345/140 280/340/140
f 278/341/142 282/346/142 281/347/141 277/342/141
f 279/343/143 283/348/143 282/346/142 278/341/142
f 280/340/140 284/345/140 283/348/143 279/343/143
f 281/344/141 285/349/141 288/350/140 284/345/140
f 282/346/142 286/351/142 285/352/141 281/347/141
f 283/348/143 287/353/143 286/351/142 282/346/142
f 284/345/140 288/350/140 287/353/143 283/348/143
f 285/349/141 289/354/141 292/355/140 288/350/140
f 286/351/142 290/356/142 289/357/141 285/352/141
f 287/353/143 291/358/143 290/356/142 286/351/142
f 288/350/140 292/355/140 291/358/143 287/353/143
f 289/354/141 293/359/141 296/360/140 292/355/140
f 290/356/142 294/361/142 293/362/141 289/357/141
f 291/358/143 295/363/143 294/361/142 290/356/142
f 292/355/140 296/360/140 295/363/143 291/358/143
f 293/359/141 297/364/141 300/365/140 296/360/140
f 294/361/142 298/366/142 297/367/141 293/362/141
f 295/363/143 299/368/143 298/366/142 294/361/142
f 296/360/140 300/365/140 299/368/143 295/363/143
f 297/364/141 301/369/141 304/370/140 300/365/140
f 298/366/142 302/371/142 301/372/141 297/367/141
f 299/368/143 303/373/143 302/371/142 298/366/142
f 300/365/140 304/370/140 303/373/143 299/368/143
f 301/369/141 305/374/141 308/375/140 304/370/140
f 302/371/142 306/376/142 305/377/141 301/372/141
f 303/373/143 307/378/143 306/376/142 302/371/142
f 304/370/140 308/375/140 307/378/143 303/373/143
f 305/374/141 309/379/141 312/380/140 308/375/140
f 306/376/142 310/381/142 309/382/141 305/377/141
f 307/378/143 311/383/143 310/381/142 306/376/142
f 308/375/140 312/380/140 311/383/143 307/378/143
f 309/379/141 313/384/141 316/385/134 312/380/140
f 310/381/142 314/386/132 313/387/141 309/382/141
f 311/383/143 315/388/144 314/386/132 310/381/142
f 312/380/140 316/385/134 315/388/144 311/383/143
f 313/384/141 317/389/145 320/390/148 316/385/134
f 314/386/132 318/391/146 317/392/145 313/387/141
f 315/388/144 319/393/147 318/391/146 314/386/132
f 316/385/134 320/390/148 319/393/147 315/388/144
f 317/389/145 321/394/149 324/395/152 320/390/148
f 318/391/146 322/396/150 321/397/149 317/392/145
f 319/393/147 323/398/151 322/396/150 318/391/146
f 320/390/148 324/395/152 323/398/151 319/393/147
f 321/394/149 325/399/153 328/400/156 324/395/152
f 322/396/150 326/401/154 325/402/153 321/397/149
f 323/398/151 327/403/155 326/401/154 322/396/150
f 324/395/152 328/400/156 327/403/155 323/398/151
f 325/399/153 329/404/157 332/405/160 328/400/156
f 326/401/154 330/406/158 329/407/157 325/402/153
f 327/403/155 331/408/159 330/406/158 326/401/154
f 328/400/156 332/405/160 331/408/159 327/403/155
f 329/404/157 333/409/161 336/410/164 332/405/160
f 330/406/158 334/411/162 333/412/161 329/407/157
f 331/408/159 335/413/163 334/411/162 330/406/158
f 332/405/160 336/410/164 335/413/163 331/408/159
f 333/409/161 337/414/165 340/415/168 336/410/164
f 334/411/162 338/416/166 337/417/165 333/412/161
f 335/413/163 339/418/167 338/416/166 334/411/162
f 336/410/164 340/415/168 339/418/167 335/413/163
f 337/414/165 341/419/169 344/420/172 340/415/168
f 338/416/166 342/421/170 341/422/169 337/417/165
f 339/418/167 343/423/171 342/421/170 338/416/166
f 340/415/168 344/420/172 343/423/171 339/418/167
f 341/419/169 345/424/173 348/425/176 344/420/172
f 342/421/170 346/426/174 345/427/173 341/422/169
f 343/423/171 347/428/175 346/426/174 342/421/170
f 344/420/172 348/425/176 347/428/175 343/423/171
f 345/424/173 349/429/177 352/430/180 348/425/176
f 346/426/174 350/431/178 349/432/177 345/427/173
f 347/428/175 351/433/179 350/431/178 346/426/174
f 348/425/176 352/430/180 351/433/179 347/428/175
f 349/429/177 353/434/181 356/435/184 352/430/180
f 350/431/178 354/436/182 353/437/181 349/432/177
f 351/433/179 355/438/183 354/436/182 350/431/178
f 352/430/180 356/435/184 355/438/183 351/433/179
f 353/434/181 357/439/185 360/440/188 356/435/184
f 354/436/182 358/441/186 357/442/185 353/437/181
f 355/438/183 359/443/187 358/441/186 354/436/182
f 356/435/184 360/440/188 359/443/187 355/438/183
f 357/439/185 361/444/189 364/445/192 360/440/188
f 358/441/186 362/446/190 361/447/189 357/442/185
f 359/443/187 363/448/191 362/446/190 358/441/186
f 360/440/188 364/445/192 363/448/191 359/443/187
f 361/444/189 365/449/193 368/450/196 364/445/192
f 362/446/190 366/451/194 365/452/193 361/447/189
f 363/448/191 367/453/195 366/451/194 362/446/190
f 364/445/192 368/450/196 367/453/195 363/448/191
f 365/449/193 369/454/197 372/455/200 368/450/196
f 366/451/194 370/456/198 369/457/197 365/452/193
f 367/453/195 371/458/199 370/456/198 366/451/194
f 368/450/196 372/455/200 371/458/199 367/453/195
f 369/454/197 373/459/201 376/460/204 372/455/200
f 370/456/198 374/461/202 373/462/201 369/457/197
f 371/458/199 375/463/203 374/461/202 370/456/198
f 372/455/200 376/460/204 375/463/203 371/458/199
f 373/459/201 377/464/205 380/465/208 376/460/204
f 374/461/202 378/466/206 377/467/205 373/462/201
f 375/463/203 379/468/207 378/466/206 374/461/202
f 376/460/204 380/465/208 379/468/207 375/463/203
f 377/464/205 381/469/209 384/470/212 380/465/208
f 378/466/206 382/471/210 381/472/209 377/467/205
f 379/468/207 383/473/211 382/471/210 378/466/206
f 380/465/208 384/470/212 383/473/211 379/468/207
f 381/469/209 385/474/213 388/475/216 384/470/212
f 382/471/210 386/476/214 385/477/213 381/472/209
f 383/473/211 387/478/215 386/476/214 382/471/210
f 384/470/212 388/475/216 387/478/215 383/473/211
f 385/474/213 389/479/217 392/480/220 388/475/216
f 386/476/214 390/481/218 389/1/217 385/477/213
f 387/478/215 391/482/219 390/481/218 386/476/214
f 388/475/216 392/480/220 391/482/219 387/478/215
o NurbsPath
v 2.900270 1.510239 4.401037
v 2.880664 1.509894 4.454098
v 2.933723 1.509178 4.473699
v 2.953329 1.509522 4.420638
v -2.926469 1.490391 4.388293
v -2.907821 1.489597 4.441694
v -2.961226 1.488802 4.460331
v -2.979873 1.489597 4.406930
v -2.926469 1.490391 4.388293
v -2.907821 1.489597 4.441694
v -2.961226 1.488802 4.460331
v -2.979873 1.489597 4.406930
v -2.919624 1.214073 4.383536
v -2.900995 1.214016 4.436949
v -2.954351 1.211358 4.455554
v -2.972979 1.211415 4.402141
v -2.904783 0.980136 4.379869
v -2.886214 0.980980 4.433296
v -2.939418 0.976028 4.451866
v -2.957987 0.975184 4.398438
v -2.882713 0.783997 4.377155
v -2.864275 0.785971 4.430598
v -2.917143 0.778124 4.449128
v -2.935581 0.776151 4.395685
v -2.854140 0.621336 4.375264
v -2.835956 0.624724 4.428723
v -2.888168 0.613228 4.447211
v -2.906351 0.609841 4.393752
v -2.819749 0.488096 4.374075
v -2.802028 0.493237 4.427549
v -2.853038 0.477186 4.445997
v -2.870759 0.472046 4.392522
v -2.780185 0.380485 4.373476
v -2.763257 0.387743 4.426962
v -2.812193 0.366154 4.445379
v -2.829121 0.358896 4.391893
v -2.736053 0.294978 4.373363
v -2.720398 0.304665 4.426851
v -2.765984 0.276683 4.445261
v -2.781639 0.266996 4.391772
v -2.687925 0.228326 4.373640
v -2.674133 0.240567 4.427118
v -2.714783 0.205817 4.445557
v -2.728576 0.193576 4.392079
v -2.636351 0.177548 4.374221
v -2.624971 0.192159 4.427672
v -2.659181 0.151085 4.446183
v -2.670560 0.136474 4.392732
v -2.581857 0.139921 4.375027
v -2.573189 0.156415 4.428438
v -2.600104 0.110275 4.447055
v -2.608773 0.093781 4.393643
v -2.524940 0.112966 4.375985
v -2.518907 0.130728 4.429353
v -2.538661 0.081142 4.448089
v -2.544695 0.063381 4.394721
v -2.466048 0.094448 4.377035
v -2.462267 0.112936 4.430363
v -2.475818 0.061349 4.449209
v -2.479599 0.042861 4.395880
v -2.405574 0.082388 4.378122
v -2.403527 0.101235 4.431419
v -2.412212 0.048640 4.450351
v -2.414258 0.029793 4.397054
v -2.343860 0.075070 4.379202
v -2.343032 0.094069 4.432478
v -2.348197 0.041036 4.451471
v -2.349025 0.022036 4.398195
v -2.281207 0.071049 4.380238
v -2.281155 0.090102 4.433501
v -2.283964 0.036905 4.452533
v -2.284016 0.017852 4.399270
v -2.217874 0.069143 4.381203
v -2.218252 0.088210 4.434459
v -2.219624 0.034965 4.453513
v -2.219246 0.015898 4.400256
v -2.154084 0.068435 4.382077
v -2.154640 0.087505 4.435331
v -2.155249 0.034249 4.454395
v -2.154693 0.015179 4.401141
v -2.090021 0.068272 4.382851
v -2.090595 0.087342 4.436105
v -2.090882 0.034085 4.455173
v -2.090308 0.015015 4.401918
v -2.025832 0.068261 4.383521
v -2.026346 0.087331 4.436776
v -2.026535 0.034074 4.455844
v -2.026021 0.015004 4.402590
v -1.961629 0.068261 4.384093
v -1.962068 0.087331 4.437349
v -1.962225 0.034074 4.456418
v -1.961786 0.015004 4.403163
v -1.897504 0.068261 4.384578
v -1.897875 0.087331 4.437834
v -1.898008 0.034074 4.456904
v -1.897637 0.015004 4.403648
v -1.833545 0.068261 4.384985
v -1.833856 0.087331 4.438241
v -1.833967 0.034074 4.457311
v -1.833657 0.015004 4.404055
v -1.769832 0.068261 4.385322
v -1.770089 0.087331 4.438579
v -1.770181 0.034074 4.457648
v -1.769924 0.015004 4.404392
v -1.706435 0.068261 4.385598
v -1.706645 0.087331 4.438855
v -1.706720 0.034074 4.457925
v -1.706510 0.015004 4.404668
v -1.643418 0.068261 4.385821
v -1.643588 0.087331 4.439078
v -1.643648 0.034074 4.458148
v -1.643479 0.015004 4.404891
v -1.580838 0.068261 4.385998
v -1.580972 0.087331 4.439255
v -1.581020 0.034074 4.458325
v -1.580886 0.015004 4.405067
v -1.518741 0.068261 4.386136
v -1.518846 0.087331 4.439393
v -1.518883 0.034074 4.458463
v -1.518779 0.015004 4.405205
v -1.457170 0.068261 4.386240
v -1.457250 0.087331 4.439497
v -1.457278 0.034074 4.458568
v -1.457199 0.015004 4.405311
v -1.396157 0.068261 4.386318
v -1.396215 0.087331 4.439576
v -1.396236 0.034074 4.458645
v -1.396178 0.015004 4.405388
v -1.335726 0.068261 4.386374
v -1.335767 0.087331 4.439631
v -1.335782 0.034074 4.458701
v -1.335741 0.015004 4.405444
v -1.275895 0.068261 4.386413
v -1.275923 0.087331 4.439670
v -1.275933 0.034074 4.458740
v -1.275905 0.015004 4.405482
v -1.216673 0.068261 4.386437
v -1.216691 0.087331 4.439694
v -1.216698 0.034074 4.458765
v -1.216680 0.015004 4.405507
v -1.158063 0.068261 4.386453
v -1.158074 0.087331 4.439710
v -1.158078 0.034074 4.458780
v -1.158067 0.015004 4.405522
v -1.100059 0.068261 4.386461
v -1.100065 0.087331 4.439718
v -1.100067 0.034074 4.458788
v -1.100061 0.015004 4.405531
v -1.042647 0.068261 4.386465
v -1.042649 0.087331 4.439722
v -1.042650 0.034074 4.458792
v -1.042648 0.015004 4.405535
v -0.985805 0.068261 4.386467
v -0.985806 0.087331 4.439723
v -0.985807 0.034074 4.458794
v -0.985806 0.015004 4.405536
v -0.929506 0.068261 4.386467
v -0.929506 0.087331 4.439724
v -0.929506 0.034074 4.458794
v -0.929506 0.015004 4.405537
v -0.873712 0.068261 4.386467
v -0.873712 0.087331 4.439724
v -0.873712 0.034074 4.458794
v -0.873712 0.015004 4.405537
v -0.818379 0.068261 4.386467
v -0.818379 0.087331 4.439724
v -0.818379 0.034074 4.458794
v -0.818379 0.015004 4.405537
v -0.763459 0.068261 4.386467
v -0.763459 0.087331 4.439724
v -0.763459 0.034074 4.458794
v -0.763459 0.015004 4.405537
v -0.708904 0.068261 4.386467
v -0.708904 0.087331 4.439724
v -0.708904 0.034074 4.458794
v -0.708904 0.015004 4.405537
v -0.654665 0.068261 4.386467
v -0.654665 0.087331 4.439724
v -0.654665 0.034074 4.458794
v -0.654665 0.015004 4.405537
v -0.600693 0.068261 4.386467
v -0.600693 0.087331 4.439724
v -0.600693 0.034074 4.458794
v -0.600693 0.015004 4.405537
v -0.546939 0.068261 4.386467
v -0.546939 0.087331 4.439724
v -0.546939 0.034074 4.458794
v -0.546939 0.015004 4.405537
v -0.493356 0.068261 4.386467
v -0.493356 0.087331 4.439724
v -0.493356 0.034074 4.458794
v -0.493356 0.015004 4.405537
v -0.439894 0.068261 4.386467
v -0.439894 0.087331 4.439724
v -0.439894 0.034074 4.458794
v -0.439894 0.015004 4.405537
v -0.386505 0.068261 4.386467
v -0.386505 0.087331 4.439724
v -0.386505 0.034074 4.458794
v -0.386505 0.015004 4.405537
v -0.333140 0.068261 4.386467
v -0.333140 0.087331 4.439724
v -0.333140 0.034074 4.458794
v -0.333140 0.015004 4.405537
v -0.279752 0.068261 4.386467
v -0.279752 0.087331 4.439724
v -0.279752 0.034074 4.458794
v -0.279752 0.015004 4.405537
v -0.226289 0.068261 4.386467
v -0.226289 0.087331 4.439724
v -0.226289 0.034074 4.458794
v -0.226289 0.015004 4.405537
v -0.172706 0.068261 4.386467
v -0.172706 0.087331 4.439724
v -0.172706 0.034074 4.458794
v -0.172706 0.015004 4.405537
v -0.118953 0.068261 4.386467
v -0.118953 0.087331 4.439724
v -0.118953 0.034074 4.458794
v -0.118953 0.015004 4.405537
v -0.064981 0.068261 4.386467
v -0.064981 0.087331 4.439724
v -0.064981 0.034074 4.458794
v -0.064981 0.015004 4.405537
v -0.010741 0.068261 4.386467
v -0.010741 0.087331 4.439724
v -0.010741 0.034074 4.458794
v -0.010741 0.015004 4.405537
v 0.043814 0.068261 4.386467
v 0.043814 0.087331 4.439724
v 0.043814 0.034074 4.458794
v 0.043814 0.015004 4.405537
v 0.098734 0.068261 4.386467
v 0.098734 0.087331 4.439724
v 0.098734 0.034074 4.458794
v 0.098734 0.015004 4.405537
v 0.154067 0.068261 4.386467
v 0.154067 0.087331 4.439724
v 0.154067 0.034074 4.458794
v 0.154067 0.015004 4.405537
v 0.209862 0.068261 4.386467
v 0.209862 0.087331 4.439724
v 0.209862 0.034074 4.458794
v 0.209862 0.015004 4.405537
v 0.266172 0.068261 4.386467
v 0.266172 0.087331 4.439724
v 0.266172 0.034074 4.458794
v 0.266172 0.015004 4.405537
v 0.323057 0.068261 4.386467
v 0.323057 0.087331 4.439724
v 0.323057 0.034074 4.458794
v 0.323057 0.015004 4.405537
v 0.380588 0.068261 4.386467
v 0.380588 0.087331 4.439724
v 0.380588 0.034074 4.458794
v 0.380588 0.015004 4.405537
v 0.438842 0.068261 4.386467
v 0.438842 0.087331 4.439724
v 0.438842 0.034074 4.458794
v 0.438842 0.015004 4.405537
v 0.497902 0.068261 4.386467
v 0.497902 0.087331 4.439724
v 0.497902 0.034074 4.458794
v 0.497902 0.015004 4.405537
v 0.557864 0.068261 4.386467
v 0.557864 0.087331 4.439724
v 0.557864 0.034074 4.458794
v 0.557864 0.015004 4.405537
v 0.618830 0.068261 4.386467
v 0.618830 0.087331 4.439724
v 0.618830 0.034074 4.458794
v 0.618830 0.015004 4.405537
v 0.680908 0.068261 4.386467
v 0.680908 0.087331 4.439724
v 0.680908 0.034074 4.458794
v 0.680908 0.015004 4.405537
v 0.744218 0.068261 4.386467
v 0.744218 0.087331 4.439724
v 0.744218 0.034074 4.458794
v 0.744218 0.015004 4.405537
v 0.808886 0.068261 4.386467
v 0.808886 0.087331 4.439724
v 0.808886 0.034074 4.458794
v 0.808886 0.015004 4.405537
v 0.875046 0.068261 4.386467
v 0.875046 0.087331 4.439724
v 0.875046 0.034074 4.458794
v 0.875046 0.015004 4.405537
v 0.942841 0.068261 4.386467
v 0.942841 0.087331 4.439724
v 0.942841 0.034074 4.458794
v 0.942841 0.015004 4.405537
v 1.012422 0.068261 4.386467
v 1.012422 0.087331 4.439724
v 1.012422 0.034074 4.458794
v 1.012422 0.015004 4.405537
v 1.083948 0.068261 4.386467
v 1.083948 0.087331 4.439724
v 1.083948 0.034074 4.458794
v 1.083948 0.015004 4.405537
v 1.157586 0.068261 4.386467
v 1.157586 0.087331 4.439724
v 1.157586 0.034074 4.458794
v 1.157586 0.015004 4.405537
v 1.233513 0.068261 4.386467
v 1.233513 0.087331 4.439724
v 1.233513 0.034074 4.458794
v 1.233513 0.015004 4.405537
v 1.311911 0.068261 4.386467
v 1.311911 0.087331 4.439724
v 1.311911 0.034074 4.458794
v 1.311911 0.015004 4.405537
v 1.392973 0.068261 4.386467
v 1.392972 0.087331 4.439724
v 1.392976 0.034074 4.458794
v 1.392977 0.015004 4.405537
v 1.476892 0.068272 4.386467
v 1.476872 0.087342 4.439724
v 1.476927 0.034085 4.458794
v 1.476947 0.015015 4.405537
v 1.563797 0.068438 4.386468
v 1.563700 0.087508 4.439726
v 1.563962 0.034251 4.458796
v 1.564059 0.015182 4.405539
v 1.653670 0.069157 4.386476
v 1.653386 0.088225 4.439733
v 1.654152 0.034973 4.458803
v 1.654435 0.015905 4.405546
v 1.746343 0.071092 4.386495
v 1.745719 0.090152 4.439753
v 1.747410 0.036922 4.458823
v 1.748034 0.017861 4.405565
v 1.841505 0.075173 4.386537
v 1.840338 0.094208 4.439794
v 1.843496 0.041045 4.458864
v 1.844662 0.022009 4.405607
v 1.938689 0.082594 4.386611
v 1.936735 0.101567 4.439868
v 1.942022 0.048574 4.458941
v 1.943976 0.029601 4.405684
v 2.037280 0.094819 4.386735
v 2.034252 0.113654 4.439990
v 2.042448 0.061033 4.459066
v 2.045477 0.042199 4.405811
v 2.136517 0.113576 4.386925
v 2.132087 0.132139 4.440176
v 2.144076 0.080253 4.459260
v 2.148506 0.061690 4.406008
v 2.235482 0.140860 4.387200
v 2.229306 0.158932 4.440447
v 2.246020 0.108375 4.459545
v 2.252196 0.090303 4.406298
v 2.333111 0.178934 4.387585
v 2.324871 0.196189 4.440824
v 2.347171 0.147844 4.459943
v 2.355411 0.130590 4.406704
v 2.428180 0.230327 4.388104
v 2.417656 0.246333 4.441330
v 2.446136 0.201367 4.460485
v 2.456661 0.185360 4.407258
v 2.519311 0.297827 4.388786
v 2.506466 0.312104 4.441995
v 2.541228 0.271819 4.461196
v 2.554074 0.257542 4.407987
v 2.604975 0.384482 4.389662
v 2.589999 0.396602 4.442849
v 2.630526 0.362154 4.462109
v 2.645501 0.350034 4.408922
v 2.683494 0.493596 4.390764
v 2.666774 0.503300 4.443927
v 2.712023 0.475389 4.463253
v 2.728744 0.465686 4.410090
v 2.753051 0.628733 4.392130
v 2.735057 0.635983 4.445268
v 2.783755 0.614714 4.464661
v 2.801749 0.607464 4.411523
v 2.811685 0.793726 4.393797
v 2.792860 0.798672 4.446912
v 2.843806 0.783638 4.466368
v 2.862631 0.778692 4.413253
v 2.857293 0.992680 4.395807
v 2.837990 0.995581 4.448901
v 2.890230 0.986081 4.468413
v 2.909533 0.983180 4.415319
v 2.887623 1.229969 4.398205
v 2.868088 1.231119 4.451281
v 2.920954 1.226358 4.470841
v 2.940488 1.225208 4.417765
v 2.900270 1.510239 4.401037
v 2.880664 1.509894 4.454098
v 2.933723 1.509178 4.473699
v 2.953329 1.509522 4.420638
vn 0.0098 0.9999 0.0101
vn -0.0086 0.9998 0.0179
vn 0.4284 0.0262 -0.9032
vn 0.8992 0.0147 0.4374
vn -0.4404 -0.0264 0.8974
vn -0.9017 -0.0149 -0.4322
vn 0.4269 0.0337 -0.9037
vn 0.8983 0.0324 0.4382
vn -0.4412 -0.0342 0.8968
vn -0.9013 -0.0326 -0.4320
vn 0.4239 0.0506 -0.9043
vn 0.8952 0.0722 0.4397
vn -0.4419 -0.0521 0.8956
vn -0.8990 -0.0727 -0.4318
vn 0.4189 0.0718 -0.9052
vn 0.8889 0.1223 0.4415
vn -0.4416 -0.0750 0.8941
vn -0.8937 -0.1232 -0.4315
vn 0.4109 0.0983 -0.9064
vn 0.8768 0.1853 0.4437
vn -0.4394 -0.1044 0.8922
vn -0.8829 -0.1868 -0.4308
vn 0.3982 0.1308 -0.9079
vn 0.8552 0.2636 0.4463
vn -0.4334 -0.1418 0.8900
vn -0.8628 -0.2662 -0.4298
vn 0.3787 0.1696 -0.9099
vn 0.8185 0.3584 0.4490
vn -0.4205 -0.1883 0.8875
vn -0.8276 -0.3628 -0.4284
vn 0.3502 0.2138 -0.9120
vn 0.7601 0.4675 0.4514
vn -0.3967 -0.2429 0.8852
vn -0.7702 -0.4741 -0.4266
vn 0.3116 0.2605 -0.9138
vn 0.6749 0.5827 0.4527
vn -0.3582 -0.3010 0.8838
vn -0.6853 -0.5916 -0.4246
vn 0.2645 0.3053 -0.9148
vn 0.5649 0.6903 0.4521
vn -0.3049 -0.3546 0.8839
vn -0.5742 -0.7010 -0.4229
vn 0.2128 0.3440 -0.9146
vn 0.4411 0.7769 0.4493
vn -0.2426 -0.3955 0.8858
vn -0.4484 -0.7880 -0.4219
vn 0.1620 0.3736 -0.9133
vn 0.3200 0.8364 0.4451
vn -0.1807 -0.4207 0.8890
vn -0.3249 -0.8466 -0.4216
vn 0.1171 0.3942 -0.9115
vn 0.2153 0.8715 0.4406
vn -0.1271 -0.4325 0.8926
vn -0.2183 -0.8799 -0.4220
vn 0.0807 0.4074 -0.9097
vn 0.1335 0.8897 0.4366
vn -0.0853 -0.4359 0.8960
vn -0.1351 -0.8961 -0.4228
vn 0.0533 0.4155 -0.9080
vn 0.0746 0.8981 0.4335
vn -0.0552 -0.4351 0.8987
vn -0.0754 -0.9026 -0.4237
vn 0.0342 0.4206 -0.9066
vn 0.0356 0.9016 0.4311
vn -0.0348 -0.4329 0.9008
vn -0.0360 -0.9046 -0.4247
vn 0.0218 0.4239 -0.9055
vn 0.0124 0.9030 0.4295
vn -0.0220 -0.4306 0.9023
vn -0.0125 -0.9048 -0.4256
vn 0.0146 0.4259 -0.9047
vn 0.0006 0.9036 0.4284
vn -0.0146 -0.4288 0.9033
vn -0.0007 -0.9046 -0.4263
vn 0.0108 0.4270 -0.9042
vn -0.0036 0.9039 0.4278
vn -0.0108 -0.4276 0.9039
vn 0.0036 -0.9043 -0.4268
vn 0.0088 0.4274 -0.9040
vn -0.0041 0.9040 0.4276
vn -0.0088 -0.4272 0.9041
vn 0.0041 -0.9042 -0.4270
vn 0.0075 0.4275 -0.9040
vn -0.0035 0.9040 0.4276
vn -0.0075 -0.4272 0.9041
vn 0.0035 -0.9042 -0.4271
vn 0.0063 0.4274 -0.9040
vn -0.0030 0.9040 0.4276
vn -0.0063 -0.4272 0.9041
vn 0.0030 -0.9042 -0.4271
vn 0.0053 0.4274 -0.9040
vn -0.0025 0.9040 0.4275
vn -0.0053 -0.4272 0.9041
vn 0.0025 -0.9042 -0.4271
vn 0.0044 0.4274 -0.9040
vn -0.0021 0.9040 0.4275
vn -0.0044 -0.4273 0.9041
vn 0.0021 -0.9042 -0.4272
vn 0.0036 0.4274 -0.9041
vn -0.0017 0.9040 0.4275
vn -0.0036 -0.4273 0.9041
vn 0.0017 -0.9042 -0.4272
vn 0.0029 0.4274 -0.9041
vn -0.0014 0.9040 0.4275
vn -0.0029 -0.4273 0.9041
vn 0.0014 -0.9042 -0.4272
vn 0.0023 0.4274 -0.9041
vn -0.0011 0.9040 0.4275
vn -0.0023 -0.4273 0.9041
vn 0.0011 -0.9041 -0.4272
vn 0.0018 0.4274 -0.9041
vn -0.0008 0.9040 0.4274
vn -0.0018 -0.4273 0.9041
vn 0.0008 -0.9041 -0.4272
vn 0.0013 0.4274 -0.9041
vn -0.0006 0.9041 0.4274
vn -0.0013 -0.4273 0.9041
vn 0.0006 -0.9041 -0.4273
vn 0.0010 0.4274 -0.9041
vn -0.0005 0.9041 0.4274
vn -0.0010 -0.4273 0.9041
vn 0.0005 -0.9041 -0.4273
vn 0.0007 0.4274 -0.9041
vn -0.0003 0.9041 0.4274
vn -0.0007 -0.4273 0.9041
vn 0.0003 -0.9041 -0.4273
vn 0.0005 0.4274 -0.9041
vn -0.0002 0.9041 0.4274
vn -0.0005 -0.4273 0.9041
vn 0.0002 -0.9041 -0.4273
vn 0.0003 0.4274 -0.9041
vn -0.0001 0.9041 0.4274
vn -0.0003 -0.4273 0.9041
vn 0.0001 -0.9041 -0.4273
vn 0.0002 0.4274 -0.9041
vn -0.0002 -0.4273 0.9041
vn 0.0001 0.4273 -0.9041
vn -0.0000 0.9041 0.4274
vn -0.0001 -0.4273 0.9041
vn -0.0000 -0.9041 -0.4273
vn -0.0000 0.4273 -0.9041
vn -0.0000 0.9041 0.4273
vn -0.0000 -0.4273 0.9041
vn -0.0000 -0.4274 0.9041
vn -0.0004 0.4270 -0.9042
vn -0.0009 0.9040 0.4275
vn 0.0004 -0.4277 0.9039
vn 0.0009 -0.9042 -0.4272
vn -0.0021 0.4262 -0.9046
vn -0.0045 0.9038 0.4279
vn 0.0021 -0.4285 0.9036
vn 0.0045 -0.9043 -0.4268
vn -0.0060 0.4249 -0.9052
vn -0.0131 0.9035 0.4284
vn 0.0061 -0.4297 0.9030
vn 0.0131 -0.9045 -0.4262
vn -0.0132 0.4231 -0.9060
vn -0.0289 0.9027 0.4292
vn 0.0135 -0.4312 0.9022
vn 0.0290 -0.9045 -0.4255
vn -0.0245 0.4204 -0.9070
vn -0.0540 0.9011 0.4302
vn 0.0253 -0.4327 0.9012
vn 0.0542 -0.9038 -0.4245
vn -0.0408 0.4165 -0.9082
vn -0.0903 0.8977 0.4314
vn 0.0426 -0.4338 0.9000
vn 0.0907 -0.9014 -0.4233
vn -0.0627 0.4106 -0.9096
vn -0.1399 0.8906 0.4327
vn 0.0665 -0.4338 0.8986
vn 0.1408 -0.8956 -0.4219
vn -0.0909 0.4015 -0.9113
vn -0.2045 0.8773 0.4343
vn 0.0980 -0.4311 0.8970
vn 0.2061 -0.8837 -0.4203
vn -0.1255 0.3877 -0.9132
vn -0.2848 0.8538 0.4359
vn 0.1377 -0.4237 0.8953
vn 0.2875 -0.8616 -0.4184
vn -0.1658 0.3674 -0.9151
vn -0.3796 0.8152 0.4374
vn 0.1853 -0.4088 0.8936
vn 0.3839 -0.8242 -0.4163
vn -0.2099 0.3394 -0.9169
vn -0.4844 0.7571 0.4385
vn 0.2383 -0.3834 0.8923
vn 0.4905 -0.7666 -0.4143
vn -0.2547 0.3031 -0.9183
vn -0.5909 0.6770 0.4388
vn 0.2921 -0.3458 0.8917
vn 0.5989 -0.6864 -0.4126
vn -0.2967 0.2600 -0.9189
vn -0.6888 0.5777 0.4380
vn 0.3408 -0.2971 0.8920
vn 0.6982 -0.5860 -0.4114
vn -0.3325 0.2129 -0.9188
vn -0.7693 0.4668 0.4361
vn 0.3794 -0.2415 0.8932
vn 0.7793 -0.4733 -0.4108
vn -0.3604 0.1652 -0.9180
vn -0.8286 0.3542 0.4337
vn 0.4060 -0.1848 0.8950
vn 0.8382 -0.3587 -0.4108
vn -0.3804 0.1200 -0.9170
vn -0.8675 0.2483 0.4310
vn 0.4217 -0.1320 0.8971
vn 0.8763 -0.2512 -0.4111
vn -0.3934 0.0793 -0.9159
vn -0.8903 0.1542 0.4284
vn 0.4293 -0.0856 0.8991
vn 0.8979 -0.1558 -0.4116
vn -0.4012 0.0439 -0.9149
vn -0.9017 0.0735 0.4261
vn 0.4316 -0.0464 0.9009
vn 0.9081 -0.0743 -0.4121
vn -0.4047 0.0275 -0.9140
vn -0.9047 0.0365 0.4245
vn 0.4309 -0.0286 0.9019
vn 0.9102 -0.0369 -0.4124
vt 1.000000 0.000000
vt 0.333333 0.000000
vt 0.666667 0.000000
vt 0.000000 0.000000
vt 0.000000 1.000000
vt 0.010526 1.000000
vt 0.010526 0.750000
vt 0.000000 0.750000
vt 0.000000 0.250000
vt 0.010526 0.250000
vt 0.010526 0.000000
vt 0.000000 0.500000
vt 0.010526 0.500000
vt 0.021053 1.000000
vt 0.021053 0.750000
vt 0.021053 0.250000
vt 0.021053 0.000000
vt 0.021053 0.500000
vt 0.031579 1.000000
vt 0.031579 0.750000
vt 0.031579 0.250000
vt 0.031579 0.000000
vt 0.031579 0.500000
vt 0.042105 1.000000
vt 0.042105 0.750000
vt 0.042105 0.250000
vt 0.042105 0.000000
vt 0.042105 0.500000
vt 0.052632 1.000000
vt 0.052632 0.750000
vt 0.052632 0.250000
vt 0.052632 0.000000
vt 0.052632 0.500000
vt 0.063158 1.000000
vt 0.063158 0.750000
vt 0.063158 0.250000
vt 0.063158 0.000000
vt 0.063158 0.500000
vt 0.073684 1.000000
vt 0.073684 0.750000
vt 0.073684 0.250000
vt 0.073684 0.000000
vt 0.073684 0.500000
vt 0.084211 1.000000
vt 0.084211 0.750000
vt 0.084211 0.250000
vt 0.084211 0.000000
vt 0.084211 0.500000
vt 0.094737 1.000000
vt 0.094737 0.750000
vt 0.094737 0.250000
vt 0.094737 0.000000
vt 0.094737 0.500000
vt 0.105263 1.000000
vt 0.105263 0.750000
vt 0.105263 0.250000
vt 0.105263 0.000000
vt 0.105263 0.500000
vt 0.115789 1.000000
vt 0.115789 0.750000
vt 0.115789 0.250000
vt 0.115789 0.000000
vt 0.115789 0.500000
vt 0.126316 1.000000
vt 0.126316 0.750000
vt 0.126316 0.250000
vt 0.126316 0.000000
vt 0.126316 0.500000
vt 0.136842 1.000000
vt 0.136842 0.750000
vt 0.136842 0.250000
vt 0.136842 0.000000
vt 0.136842 0.500000
vt 0.147368 1.000000
vt 0.147368 0.750000
vt 0.147368 0.250000
vt 0.147368 0.000000
vt 0.147368 0.500000
vt 0.157895 1.000000
vt 0.157895 0.750000
vt 0.157895 0.250000
vt 0.157895 0.000000
vt 0.157895 0.500000
vt 0.168421 1.000000
vt 0.168421 0.750000
vt 0.168421 0.250000
vt 0.168421 0.000000
vt 0.168421 0.500000
vt 0.178947 1.000000
vt 0.178947 0.750000
vt 0.178947 0.250000
vt 0.178947 0.000000
vt 0.178947 0.500000
vt 0.189474 1.000000
vt 0.189474 0.750000
vt 0.189474 0.250000
vt 0.189474 0.000000
vt 0.189474 0.500000
vt 0.200000 1.000000
vt 0.200000 0.750000
vt 0.200000 0.250000
vt 0.200000 0.000000
vt 0.200000 0.500000
vt 0.210526 1.000000
vt 0.210526 0.750000
vt 0.210526 0.250000
vt 0.210526 0.000000
vt 0.210526 0.500000
vt 0.221053 1.000000
vt 0.221053 0.750000
vt 0.221053 0.250000
vt 0.221053 0.000000
vt 0.221053 0.500000
vt 0.231579 1.000000
vt 0.231579 0.750000
vt 0.231579 0.250000
vt 0.231579 0.000000
vt 0.231579 0.500000
vt 0.242105 1.000000
vt 0.242105 0.750000
vt 0.242105 0.250000
vt 0.242105 0.000000
vt 0.242105 0.500000
vt 0.252632 1.000000
vt 0.252632 0.750000
vt 0.252632 0.250000
vt 0.252632 0.000000
vt 0.252632 0.500000
vt 0.263158 1.000000
vt 0.263158 0.750000
vt 0.263158 0.250000
vt 0.263158 0.000000
vt 0.263158 0.500000
vt 0.273684 1.000000
vt 0.273684 0.750000
vt 0.273684 0.250000
vt 0.273684 0.000000
vt 0.273684 0.500000
vt 0.284211 1.000000
vt 0.284211 0.750000
vt 0.284211 0.250000
vt 0.284211 0.000000
vt 0.284211 0.500000
vt 0.294737 1.000000
vt 0.294737 0.750000
vt 0.294737 0.250000
vt 0.294737 0.000000
vt 0.294737 0.500000
vt 0.305263 1.000000
vt 0.305263 0.750000
vt 0.305263 0.250000
vt 0.305263 0.000000
vt 0.305263 0.500000
vt 0.315789 1.000000
vt 0.315789 0.750000
vt 0.315789 0.250000
vt 0.315789 0.000000
vt 0.315789 0.500000
vt 0.326316 1.000000
vt 0.326316 0.750000
vt 0.326316 0.250000
vt 0.326316 0.000000
vt 0.326316 0.500000
vt 0.336842 1.000000
vt 0.336842 0.750000
vt 0.336842 0.250000
vt 0.336842 0.000000
vt 0.336842 0.500000
vt 0.347368 1.000000
vt 0.347368 0.750000
vt 0.347368 0.250000
vt 0.347368 0.000000
vt 0.347368 0.500000
vt 0.357895 1.000000
vt 0.357895 0.750000
vt 0.357895 0.250000
vt 0.357895 0.000000
vt 0.357895 0.500000
vt 0.368421 1.000000
vt 0.368421 0.750000
vt 0.368421 0.250000
vt 0.368421 0.000000
vt 0.368421 0.500000
vt 0.378947 1.000000
vt 0.378947 0.750000
vt 0.378947 0.250000
vt 0.378947 0.000000
vt 0.378947 0.500000
vt 0.389474 1.000000
vt 0.389474 0.750000
vt 0.389474 0.250000
vt 0.389474 0.000000
vt 0.389474 0.500000
vt 0.400000 1.000000
vt 0.400000 0.750000
vt 0.400000 0.250000
vt 0.400000 0.000000
vt 0.400000 0.500000
vt 0.410526 1.000000
vt 0.410526 0.750000
vt 0.410526 0.250000
vt 0.410526 0.000000
vt 0.410526 0.500000
vt 0.421053 1.000000
vt 0.421053 0.750000
vt 0.421053 0.250000
vt 0.421053 0.000000
vt 0.421053 0.500000
vt 0.431579 1.000000
vt 0.431579 0.750000
vt 0.431579 0.250000
vt 0.431579 0.000000
vt 0.431579 0.500000
vt 0.442105 1.000000
vt 0.442105 0.750000
vt 0.442105 0.250000
vt 0.442105 0.000000
vt 0.442105 0.500000
vt 0.452632 1.000000
vt 0.452632 0.750000
vt 0.452632 0.250000
vt 0.452632 0.000000
vt 0.452632 0.500000
vt 0.463158 1.000000
vt 0.463158 0.750000
vt 0.463158 0.250000
vt 0.463158 0.000000
vt 0.463158 0.500000
vt 0.473684 1.000000
vt 0.473684 0.750000
vt 0.473684 0.250000
vt 0.473684 0.000000
vt 0.473684 0.500000
vt 0.484211 1.000000
vt 0.484211 0.750000
vt 0.484211 0.250000
vt 0.484211 0.000000
vt 0.484211 0.500000
vt 0.494737 1.000000
vt 0.494737 0.750000
vt 0.494737 0.250000
vt 0.494737 0.000000
vt 0.494737 0.500000
vt 0.505263 1.000000
vt 0.505263 0.750000
vt 0.505263 0.250000
vt 0.505263 0.000000
vt 0.505263 0.500000
vt 0.515789 1.000000
vt 0.515789 0.750000
vt 0.515789 0.250000
vt 0.515789 0.000000
vt 0.515789 0.500000
vt 0.526316 1.000000
vt 0.526316 0.750000
vt 0.526316 0.250000
vt 0.526316 0.000000
vt 0.526316 0.500000
vt 0.536842 1.000000
vt 0.536842 0.750000
vt 0.536842 0.250000
vt 0.536842 0.000000
vt 0.536842 0.500000
vt 0.547368 1.000000
vt 0.547368 0.750000
vt 0.547368 0.250000
vt 0.547368 0.000000
vt 0.547368 0.500000
vt 0.557895 1.000000
vt 0.557895 0.750000
vt 0.557895 0.250000
vt 0.557895 0.000000
vt 0.557895 0.500000
vt 0.568421 1.000000
vt 0.568421 0.750000
vt 0.568421 0.250000
vt 0.568421 0.000000
vt 0.568421 0.500000
vt 0.578947 1.000000
vt 0.578947 0.750000
vt 0.578947 0.250000
vt 0.578947 0.000000
vt 0.578947 0.500000
vt 0.589474 1.000000
vt 0.589474 0.750000
vt 0.589474 0.250000
vt 0.589474 0.000000
vt 0.589474 0.500000
vt 0.600000 1.000000
vt 0.600000 0.750000
vt 0.600000 0.250000
vt 0.600000 0.000000
vt 0.600000 0.500000
vt 0.610526 1.000000
vt 0.610526 0.750000
vt 0.610526 0.250000
vt 0.610526 0.000000
vt 0.610526 0.500000
vt 0.621053 1.000000
vt 0.621053 0.750000
vt 0.621053 0.250000
vt 0.621053 0.000000
vt 0.621053 0.500000
vt 0.631579 1.000000
vt 0.631579 0.750000
vt 0.631579 0.250000
vt 0.631579 0.000000
vt 0.631579 0.500000
vt 0.642105 1.000000
vt 0.642105 0.750000
vt 0.642105 0.250000
vt 0.642105 0.000000
vt 0.642105 0.500000
vt 0.652632 1.000000
vt 0.652632 0.750000
vt 0.652632 0.250000
vt 0.652632 0.000000
vt 0.652632 0.500000
vt 0.663158 1.000000
vt 0.663158 0.750000
vt 0.663158 0.250000
vt 0.663158 0.000000
vt 0.663158 0.500000
vt 0.673684 1.000000
vt 0.673684 0.750000
vt 0.673684 0.250000
vt 0.673684 0.000000
vt 0.673684 0.500000
vt 0.684211 1.000000
vt 0.684211 0.750000
vt 0.684211 0.250000
vt 0.684211 0.000000
vt 0.684211 0.500000
vt 0.694737 1.000000
vt 0.694737 0.750000
vt 0.694737 0.250000
vt 0.694737 0.000000
vt 0.694737 0.500000
vt 0.705263 1.000000
vt 0.705263 0.750000
vt 0.705263 0.250000
vt 0.705263 0.000000
vt 0.705263 0.500000
vt 0.715789 1.000000
vt 0.715789 0.750000
vt 0.715789 0.250000
vt 0.715789 0.000000
vt 0.715789 0.500000
vt 0.726316 1.000000
vt 0.726316 0.750000
vt 0.726316 0.250000
vt 0.726316 0.000000
vt 0.726316 0.500000
vt 0.736842 1.000000
vt 0.736842 0.750000
vt 0.736842 0.250000
vt 0.736842 0.000000
vt 0.736842 0.500000
vt 0.747368 1.000000
vt 0.747368 0.750000
vt 0.747368 0.250000
vt 0.747368 0.000000
vt 0.747368 0.500000
vt 0.757895 1.000000
vt 0.757895 0.750000
vt 0.757895 0.250000
vt 0.757895 0.000000
vt 0.757895 0.500000
vt 0.768421 1.000000
vt 0.768421 0.750000
vt 0.768421 0.250000
vt 0.768421 0.000000
vt 0.768421 0.500000
vt 0.778947 1.000000
vt 0.778947 0.750000
vt 0.778947 0.250000
vt 0.778947 0.000000
vt 0.778947 0.500000
vt 0.789474 1.000000
vt 0.789474 0.750000
vt 0.789474 0.250000
vt 0.789474 0.000000
vt 0.789474 0.500000
vt 0.800000 1.000000
vt 0.800000 0.750000
vt 0.800000 0.250000
vt 0.800000 0.000000
vt 0.800000 0.500000
vt 0.810526 1.000000
vt 0.810526 0.750000
vt 0.810526 0.250000
vt 0.810526 0.000000
vt 0.810526 0.500000
vt 0.821053 1.000000
vt 0.821053 0.750000
vt 0.821053 0.250000
vt 0.821053 0.000000
vt 0.821053 0.500000
vt 0.831579 1.000000
vt 0.831579 0.750000
vt 0.831579 0.250000
vt 0.831579 0.000000
vt 0.831579 0.500000
vt 0.842105 1.000000
vt 0.842105 0.750000
vt 0.842105 0.250000
vt 0.842105 0.000000
vt 0.842105 0.500000
vt 0.852632 1.000000
vt 0.852632 0.750000
vt 0.852632 0.250000
vt 0.852632 0.000000
vt 0.852632 0.500000
vt 0.863158 1.000000
vt 0.863158 0.750000
vt 0.863158 0.250000
vt 0.863158 0.000000
vt 0.863158 0.500000
vt 0.873684 1.000000
vt 0.873684 0.750000
vt 0.873684 0.250000
vt 0.873684 0.000000
vt 0.873684 0.500000
vt 0.884211 1.000000
vt 0.884211 0.750000
vt 0.884211 0.250000
vt 0.884211 0.000000
vt 0.884211 0.500000
vt 0.894737 1.000000
vt 0.894737 0.750000
vt 0.894737 0.250000
vt 0.894737 0.000000
vt 0.894737 0.500000
vt 0.905263 1.000000
vt 0.905263 0.750000
vt 0.905263 0.250000
vt 0.905263 0.000000
vt 0.905263 0.500000
vt 0.915789 1.000000
vt 0.915789 0.750000
vt 0.915789 0.250000
vt 0.915789 0.000000
vt 0.915789 0.500000
vt 0.926316 1.000000
vt 0.926316 0.750000
vt 0.926316 0.250000
vt 0.926316 0.000000
vt 0.926316 0.500000
vt 0.936842 1.000000
vt 0.936842 0.750000
vt 0.936842 0.250000
vt 0.936842 0.000000
vt 0.936842 0.500000
vt 0.947368 1.000000
vt 0.947368 0.750000
vt 0.947368 0.250000
vt 0.947368 0.000000
vt 0.947368 0.500000
vt 0.957895 1.000000
vt 0.957895 0.750000
vt 0.957895 0.250000
vt 0.957895 0.000000
vt 0.957895 0.500000
vt 0.968421 1.000000
vt 0.968421 0.750000
vt 0.968421 0.250000
vt 0.968421 0.000000
vt 0.968421 0.500000
vt 0.978947 1.000000
vt 0.978947 0.750000
vt 0.978947 0.250000
vt 0.978947 0.000000
vt 0.978947 0.500000
vt 0.989474 1.000000
vt 0.989474 0.750000
vt 0.989474 0.250000
vt 0.989474 0.000000
vt 0.989474 0.500000
vt 1.000000 1.000000
vt 1.000000 0.750000
vt 1.000000 0.250000
vt 1.000000 0.500000
s 1
usemtl Material.001
f 396/483/221 394/484/221 395/485/221
f 393/486/221 394/484/221 396/483/221
f 398/484/222 400/483/222 399/485/222
f 398/484/222 397/486/222 400/483/222
f 401/487/223 405/488/227 408/489/230 404/490/226
f 402/491/224 406/492/228 405/493/227 401/486/223
f 403/494/225 407/495/229 406/492/228 402/491/224
f 404/490/226 408/489/230 407/495/229 403/494/225
f 405/488/227 409/496/231 412/497/234 408/489/230
f 406/492/228 410/498/232 409/499/231 405/493/227
f 407/495/229 411/500/233 410/498/232 406/492/228
f 408/489/230 412/497/234 411/500/233 407/495/229
f 409/496/231 413/501/235 416/502/238 412/497/234
f 410/498/232 414/503/236 413/504/235 409/499/231
f 411/500/233 415/505/237 414/503/236 410/498/232
f 412/497/234 416/502/238 415/505/237 411/500/233
f 413/501/235 417/506/239 420/507/242 416/502/238
f 414/503/236 418/508/240 417/509/239 413/504/235
f 415/505/237 419/510/241 418/508/240 414/503/236
f 416/502/238 420/507/242 419/510/241 415/505/237
f 417/506/239 421/511/243 424/512/246 420/507/242
f 418/508/240 422/513/244 421/514/243 417/509/239
f 419/510/241 423/515/245 422/513/244 418/508/240
f 420/507/242 424/512/246 423/515/245 419/510/241
f 421/511/243 425/516/247 428/517/250 424/512/246
f 422/513/244 426/518/248 425/519/247 421/514/243
f 423/515/245 427/520/249 426/518/248 422/513/244
f 424/512/246 428/517/250 427/520/249 423/515/245
f 425/516/247 429/521/251 432/522/254 428/517/250
f 426/518/248 430/523/252 429/524/251 425/519/247
f 427/520/249 431/525/253 430/523/252 426/518/248
f 428/517/250 432/522/254 431/525/253 427/520/249
f 429/521/251 433/526/255 436/527/258 432/522/254
f 430/523/252 434/528/256 433/529/255 429/524/251
f 431/525/253 435/530/257 434/528/256 430/523/252
f 432/522/254 436/527/258 435/530/257 431/525/253
f 433/526/255 437/531/259 440/532/262 436/527/258
f 434/528/256 438/533/260 437/534/259 433/529/255
f 435/530/257 439/535/261 438/533/260 434/528/256
f 436/527/258 440/532/262 439/535/261 435/530/257
f 437/531/259 441/536/263 444/537/266 440/532/262
f 438/533/260 442/538/264 441/539/263 437/534/259
f 439/535/261 443/540/265 442/538/264 438/533/260
f 440/532/262 444/537/266 443/540/265 439/535/261
f 441/536/263 445/541/267 448/542/270 444/537/266
f 442/538/264 446/543/268 445/544/267 441/539/263
f 443/540/265 447/545/269 446/543/268 442/538/264
f 444/537/266 448/542/270 447/545/269 443/540/265
f 445/541/267 449/546/271 452/547/274 448/542/270
f 446/543/268 450/548/272 449/549/271 445/544/267
f 447/545/269 451/550/273 450/548/272 446/543/268
f 448/542/270 452/547/274 451/550/273 447/545/269
f 449/546/271 453/551/275 456/552/278 452/547/274
f 450/548/272 454/553/276 453/554/275 449/549/271
f 451/550/273 455/555/277 454/553/276 450/548/272
f 452/547/274 456/552/278 455/555/277 451/550/273
f 453/551/275 457/556/279 460/557/282 456/552/278
f 454/553/276 458/558/280 457/559/279 453/554/275
f 455/555/277 459/560/281 458/558/280 454/553/276
f 456/552/278 460/557/282 459/560/281 455/555/277
f 457/556/279 461/561/283 464/562/286 460/557/282
f 458/558/280 462/563/284 461/564/283 457/559/279
f 459/560/281 463/565/285 462/563/284 458/558/280
f 460/557/282 464/562/286 463/565/285 459/560/281
f 461/561/283 465/566/287 468/567/290 464/562/286
f 462/563/284 466/568/288 465/569/287 461/564/283
f 463/565/285 467/570/289 466/568/288 462/563/284
f 464/562/286 468/567/290 467/570/289 463/565/285
f 465/566/287 469/571/291 472/572/294 468/567/290
f 466/568/288 470/573/292 469/574/291 465/569/287
f 467/570/289 471/575/293 470/573/292 466/568/288
f 468/567/290 472/572/294 471/575/293 467/570/289
f 469/571/291 473/576/295 476/577/298 472/572/294
f 470/573/292 474/578/296 473/579/295 469/574/291
f 471/575/293 475/580/297 474/578/296 470/573/292
f 472/572/294 476/577/298 475/580/297 471/575/293
f 473/576/295 477/581/299 480/582/302 476/577/298
f 474/578/296 478/583/300 477/584/299 473/579/295
f 475/580/297 479/585/301 478/583/300 474/578/296
f 476/577/298 480/582/302 479/585/301 475/580/297
f 477/581/299 481/586/303 484/587/306 480/582/302
f 478/583/300 482/588/304 481/589/303 477/584/299
f 479/585/301 483/590/305 482/588/304 478/583/300
f 480/582/302 484/587/306 483/590/305 479/585/301
f 481/586/303 485/591/307 488/592/310 484/587/306
f 482/588/304 486/593/308 485/594/307 481/589/303
f 483/590/305 487/595/309 486/593/308 482/588/304
f 484/587/306 488/592/310 487/595/309 483/590/305
f 485/591/307 489/596/311 492/597/314 488/592/310
f 486/593/308 490/598/312 489/599/311 485/594/307
f 487/595/309 491/600/313 490/598/312 486/593/308
f 488/592/310 492/597/314 491/600/313 487/595/309
f 489/596/311 493/601/315 496/602/318 492/597/314
f 490/598/312 494/603/316 493/604/315 489/599/311
f 491/600/313 495/605/317 494/603/316 490/598/312
f 492/597/314 496/602/318 495/605/317 491/600/313
f 493/601/315 497/606/319 500/607/322 496/602/318
f 494/603/316 498/608/320 497/609/319 493/604/315
f 495/605/317 499/610/321 498/608/320 494/603/316
f 496/602/318 500/607/322 499/610/321 495/605/317
f 497/606/319 501/611/323 504/612/326 500/607/322
f 498/608/320 502/613/324 501/614/323 497/609/319
f 499/610/321 503/615/325 502/613/324 498/608/320
f 500/607/322 504/612/326 503/615/325 499/610/321
f 501/611/323 505/616/327 508/617/330 504/612/326
f 502/613/324 506/618/328 505/619/327 501/614/323
f 503/615/325 507/620/329 506/618/328 502/613/324
f 504/612/326 508/617/330 507/620/329 503/615/325
f 505/616/327 509/621/331 512/622/334 508/617/330
f 506/618/328 510/623/332 509/624/331 505/619/327
f 507/620/329 511/625/333 510/623/332 506/618/328
f 508/617/330 512/622/334 511/625/333 507/620/329
f 509/621/331 513/626/335 516/627/338 512/622/334
f 510/623/332 514/628/336 513/629/335 509/624/331
f 511/625/333 515/630/337 514/628/336 510/623/332
f 512/622/334 516/627/338 515/630/337 511/625/333
f 513/626/335 517/631/339 520/632/342 516/627/338
f 514/628/336 518/633/340 517/634/339 513/629/335
f 515/630/337 519/635/341 518/633/340 514/628/336
f 516/627/338 520/632/342 519/635/341 515/630/337
f 517/631/339 521/636/343 524/637/346 520/632/342
f 518/633/340 522/638/344 521/639/343 517/634/339
f 519/635/341 523/640/345 522/638/344 518/633/340
f 520/632/342 524/637/346 523/640/345 519/635/341
f 521/636/343 525/641/347 528/642/350 524/637/346
f 522/638/344 526/643/348 525/644/347 521/639/343
f 523/640/345 527/645/349 526/643/348 522/638/344
f 524/637/346 528/642/350 527/645/349 523/640/345
f 525/641/347 529/646/351 532/647/354 528/642/350
f 526/643/348 530/648/352 529/649/351 525/644/347
f 527/645/349 531/650/353 530/648/352 526/643/348
f 528/642/350 532/647/354 531/650/353 527/645/349
f 529/646/351 533/651/355 536/652/354 532/647/354
f 530/648/352 534/653/352 533/654/355 529/649/351
f 531/650/353 535/655/356 534/653/352 530/648/352
f 532/647/354 536/652/354 535/655/356 531/650/353
f 533/651/355 537/656/357 540/657/360 536/652/354
f 534/653/352 538/658/358 537/659/357 533/654/355
f 535/655/356 539/660/359 538/658/358 534/653/352
f 536/652/354 540/657/360 539/660/359 535/655/356
f 537/656/357 541/661/361 544/662/360 540/657/360
f 538/658/358 542/663/362 541/664/361 537/659/357
f 539/660/359 543/665/363 542/663/362 538/658/358
f 540/657/360 544/662/360 543/665/363 539/660/359
f 541/661/361 545/666/361 548/667/360 544/662/360
f 542/663/362 546/668/362 545/669/361 541/664/361
f 543/665/363 547/670/363 546/668/362 542/663/362
f 544/662/360 548/667/360 547/670/363 543/665/363
f 545/666/361 549/671/361 552/672/360 548/667/360
f 546/668/362 550/673/362 549/674/361 545/669/361
f 547/670/363 551/675/363 550/673/362 546/668/362
f 548/667/360 552/672/360 551/675/363 547/670/363
f 549/671/361 553/676/361 556/677/360 552/672/360
f 550/673/362 554/678/362 553/679/361 549/674/361
f 551/675/363 555/680/363 554/678/362 550/673/362
f 552/672/360 556/677/360 555/680/363 551/675/363
f 553/676/361 557/681/361 560/682/360 556/677/360
f 554/678/362 558/683/362 557/684/361 553/679/361
f 555/680/363 559/685/363 558/683/362 554/678/362
f 556/677/360 560/682/360 559/685/363 555/680/363
f 557/681/361 561/686/361 564/687/360 560/682/360
f 558/683/362 562/688/362 561/689/361 557/684/361
f 559/685/363 563/690/363 562/688/362 558/683/362
f 560/682/360 564/687/360 563/690/363 559/685/363
f 561/686/361 565/691/361 568/692/360 564/687/360
f 562/688/362 566/693/362 565/694/361 561/689/361
f 563/690/363 567/695/363 566/693/362 562/688/362
f 564/687/360 568/692/360 567/695/363 563/690/363
f 565/691/361 569/696/361 572/697/360 568/692/360
f 566/693/362 570/698/362 569/699/361 565/694/361
f 567/695/363 571/700/363 570/698/362 566/693/362
f 568/692/360 572/697/360 571/700/363 567/695/363
f 569/696/361 573/701/361 576/702/360 572/697/360
f 570/698/362 574/703/362 573/704/361 569/699/361
f 571/700/363 575/705/363 574/703/362 570/698/362
f 572/697/360 576/702/360 575/705/363 571/700/363
f 573/701/361 577/706/361 580/707/360 576/702/360
f 574/703/362 578/708/362 577/709/361 573/704/361
f 575/705/363 579/710/363 578/708/362 574/703/362
f 576/702/360 580/707/360 579/710/363 575/705/363
f 577/706/361 581/711/361 584/712/360 580/707/360
f 578/708/362 582/713/362 581/714/361 577/709/361
f 579/710/363 583/715/363 582/713/362 578/708/362
f 580/707/360 584/712/360 583/715/363 579/710/363
f 581/711/361 585/716/361 588/717/360 584/712/360
f 582/713/362 586/718/362 585/719/361 581/714/361
f 583/715/363 587/720/363 586/718/362 582/713/362
f 584/712/360 588/717/360 587/720/363 583/715/363
f 585/716/361 589/721/361 592/722/360 588/717/360
f 586/718/362 590/723/362 589/724/361 585/719/361
f 587/720/363 591/725/363 590/723/362 586/718/362
f 588/717/360 592/722/360 591/725/363 587/720/363
f 589/721/361 593/726/361 596/727/360 592/722/360
f 590/723/362 594/728/362 593/729/361 589/724/361
f 591/725/363 595/730/363 594/728/362 590/723/362
f 592/722/360 596/727/360 595/730/363 591/725/363
f 593/726/361 597/731/361 600/732/360 596/727/360
f 594/728/362 598/733/362 597/734/361 593/729/361
f 595/730/363 599/735/363 598/733/362 594/728/362
f 596/727/360 600/732/360 599/735/363 595/730/363
f 597/731/361 601/736/361 604/737/360 600/732/360
f 598/733/362 602/738/362 601/739/361 597/734/361
f 599/735/363 603/740/363 602/738/362 598/733/362
f 600/732/360 604/737/360 603/740/363 599/735/363
f 601/736/361 605/741/361 608/742/360 604/737/360
f 602/738/362 606/743/362 605/744/361 601/739/361
f 603/740/363 607/745/363 606/743/362 602/738/362
f 604/737/360 608/742/360 607/745/363 603/740/363
f 605/741/361 609/746/361 612/747/360 608/742/360
f 606/743/362 610/748/362 609/749/361 605/744/361
f 607/745/363 611/750/363 610/748/362 606/743/362
f 608/742/360 612/747/360 611/750/363 607/745/363
f 609/746/361 613/751/361 616/752/360 612/747/360
f 610/748/362 614/753/362 613/754/361 609/749/361
f 611/750/363 615/755/363 614/753/362 610/748/362
f 612/747/360 616/752/360 615/755/363 611/750/363
f 613/751/361 617/756/361 620/757/360 616/752/360
f 614/753/362 618/758/362 617/759/361 613/754/361
f 615/755/363 619/760/363 618/758/362 614/753/362
f 616/752/360 620/757/360 619/760/363 615/755/363
f 617/756/361 621/761/361 624/762/360 620/757/360
f 618/758/362 622/763/362 621/764/361 617/759/361
f 619/760/363 623/765/363 622/763/362 618/758/362
f 620/757/360 624/762/360 623/765/363 619/760/363
f 621/761/361 625/766/361 628/767/360 624/762/360
f 622/763/362 626/768/362 625/769/361 621/764/361
f 623/765/363 627/770/363 626/768/362 622/763/362
f 624/762/360 628/767/360 627/770/363 623/765/363
f 625/766/361 629/771/361 632/772/360 628/767/360
f 626/768/362 630/773/362 629/774/361 625/769/361
f 627/770/363 631/775/363 630/773/362 626/768/362
f 628/767/360 632/772/360 631/775/363 627/770/363
f 629/771/361 633/776/361 636/777/360 632/772/360
f 630/773/362 634/778/362 633/779/361 629/774/361
f 631/775/363 635/780/363 634/778/362 630/773/362
f 632/772/360 636/777/360 635/780/363 631/775/363
f 633/776/361 637/781/361 640/782/360 636/777/360
f 634/778/362 638/783/362 637/784/361 633/779/361
f 635/780/363 639/785/363 638/783/362 634/778/362
f 636/777/360 640/782/360 639/785/363 635/780/363
f 637/781/361 641/786/361 644/787/360 640/782/360
f 638/783/362 642/788/362 641/789/361 637/784/361
f 639/785/363 643/790/363 642/788/362 638/783/362
f 640/782/360 644/787/360 643/790/363 639/785/363
f 641/786/361 645/791/361 648/792/360 644/787/360
f 642/788/362 646/793/362 645/794/361 641/789/361
f 643/790/363 647/795/363 646/793/362 642/788/362
f 644/787/360 648/792/360 647/795/363 643/790/363
f 645/791/361 649/796/361 652/797/360 648/792/360
f 646/793/362 650/798/362 649/799/361 645/794/361
f 647/795/363 651/800/363 650/798/362 646/793/362
f 648/792/360 652/797/360 651/800/363 647/795/363
f 649/796/361 653/801/361 656/802/360 652/797/360
f 650/798/362 654/803/362 653/804/361 649/799/361
f 651/800/363 655/805/363 654/803/362 650/798/362
f 652/797/360 656/802/360 655/805/363 651/800/363
f 653/801/361 657/806/361 660/807/360 656/802/360
f 654/803/362 658/808/362 657/809/361 653/804/361
f 655/805/363 659/810/363 658/808/362 654/803/362
f 656/802/360 660/807/360 659/810/363 655/805/363
f 657/806/361 661/811/361 664/812/360 660/807/360
f 658/808/362 662/813/362 661/814/361 657/809/361
f 659/810/363 663/815/363 662/813/362 658/808/362
f 660/807/360 664/812/360 663/815/363 659/810/363
f 661/811/361 665/816/361 668/817/360 664/812/360
f 662/813/362 666/818/362 665/819/361 661/814/361
f 663/815/363 667/820/363 666/818/362 662/813/362
f 664/812/360 668/817/360 667/820/363 663/815/363
f 665/816/361 669/821/361 672/822/360 668/817/360
f 666/818/362 670/823/362 669/824/361 665/819/361
f 667/820/363 671/825/363 670/823/362 666/818/362
f 668/817/360 672/822/360 671/825/363 667/820/363
f 669/821/361 673/826/361 676/827/360 672/822/360
f 670/823/362 674/828/362 673/829/361 669/824/361
f 671/825/363 675/830/363 674/828/362 670/823/362
f 672/822/360 676/827/360 675/830/363 671/825/363
f 673/826/361 677/831/361 680/832/360 676/827/360
f 674/828/362 678/833/362 677/834/361 673/829/361
f 675/830/363 679/835/363 678/833/362 674/828/362
f 676/827/360 680/832/360 679/835/363 675/830/363
f 677/831/361 681/836/361 684/837/360 680/832/360
f 678/833/362 682/838/362 681/839/361 677/834/361
f 679/835/363 683/840/363 682/838/362 678/833/362
f 680/832/360 684/837/360 683/840/363 679/835/363
f 681/836/361 685/841/361 688/842/360 684/837/360
f 682/838/362 686/843/362 685/844/361 681/839/361
f 683/840/363 687/845/363 686/843/362 682/838/362
f 684/837/360 688/842/360 687/845/363 683/840/363
f 685/841/361 689/846/361 692/847/360 688/842/360
f 686/843/362 690/848/362 689/849/361 685/844/361
f 687/845/363 691/850/363 690/848/362 686/843/362
f 688/842/360 692/847/360 691/850/363 687/845/363
f 689/846/361 693/851/361 696/852/360 692/847/360
f 690/848/362 694/853/362 693/854/361 689/849/361
f 691/850/363 695/855/363 694/853/362 690/848/362
f 692/847/360 696/852/360 695/855/363 691/850/363
f 693/851/361 697/856/361 700/857/360 696/852/360
f 694/853/362 698/858/362 697/859/361 693/854/361
f 695/855/363 699/860/363 698/858/362 694/853/362
f 696/852/360 700/857/360 699/860/363 695/855/363
f 697/856/361 701/861/361 704/862/360 700/857/360
f 698/858/362 702/863/362 701/864/361 697/859/361
f 699/860/363 703/865/363 702/863/362 698/858/362
f 700/857/360 704/862/360 703/865/363 699/860/363
f 701/861/361 705/866/361 708/867/354 704/862/360
f 702/863/362 706/868/352 705/869/361 701/864/361
f 703/865/363 707/870/364 706/868/352 702/863/362
f 704/862/360 708/867/354 707/870/364 703/865/363
f 705/866/361 709/871/365 712/872/368 708/867/354
f 706/868/352 710/873/366 709/874/365 705/869/361
f 707/870/364 711/875/367 710/873/366 706/868/352
f 708/867/354 712/872/368 711/875/367 707/870/364
f 709/871/365 713/876/369 716/877/372 712/872/368
f 710/873/366 714/878/370 713/879/369 709/874/365
f 711/875/367 715/880/371 714/878/370 710/873/366
f 712/872/368 716/877/372 715/880/371 711/875/367
f 713/876/369 717/881/373 720/882/376 716/877/372
f 714/878/370 718/883/374 717/884/373 713/879/369
f 715/880/371 719/885/375 718/883/374 714/878/370
f 716/877/372 720/882/376 719/885/375 715/880/371
f 717/881/373 721/886/377 724/887/380 720/882/376
f 718/883/374 722/888/378 721/889/377 717/884/373
f 719/885/375 723/890/379 722/888/378 718/883/374
f 720/882/376 724/887/380 723/890/379 719/885/375
f 721/886/377 725/891/381 728/892/384 724/887/380
f 722/888/378 726/893/382 725/894/381 721/889/377
f 723/890/379 727/895/383 726/893/382 722/888/378
f 724/887/380 728/892/384 727/895/383 723/890/379
f 725/891/381 729/896/385 732/897/388 728/892/384
f 726/893/382 730/898/386 729/899/385 725/894/381
f 727/895/383 731/900/387 730/898/386 726/893/382
f 728/892/384 732/897/388 731/900/387 727/895/383
f 729/896/385 733/901/389 736/902/392 732/897/388
f 730/898/386 734/903/390 733/904/389 729/899/385
f 731/900/387 735/905/391 734/903/390 730/898/386
f 732/897/388 736/902/392 735/905/391 731/900/387
f 733/901/389 737/906/393 740/907/396 736/902/392
f 734/903/390 738/908/394 737/909/393 733/904/389
f 735/905/391 739/910/395 738/908/394 734/903/390
f 736/902/392 740/907/396 739/910/395 735/905/391
f 737/906/393 741/911/397 744/912/400 740/907/396
f 738/908/394 742/913/398 741/914/397 737/909/393
f 739/910/395 743/915/399 742/913/398 738/908/394
f 740/907/396 744/912/400 743/915/399 739/910/395
f 741/911/397 745/916/401 748/917/404 744/912/400
f 742/913/398 746/918/402 745/919/401 741/914/397
f 743/915/399 747/920/403 746/918/402 742/913/398
f 744/912/400 748/917/404 747/920/403 743/915/399
f 745/916/401 749/921/405 752/922/408 748/917/404
f 746/918/402 750/923/406 749/924/405 745/919/401
f 747/920/403 751/925/407 750/923/406 746/918/402
f 748/917/404 752/922/408 751/925/407 747/920/403
f 749/921/405 753/926/409 756/927/412 752/922/408
f 750/923/406 754/928/410 753/929/409 749/924/405
f 751/925/407 755/930/411 754/928/410 750/923/406
f 752/922/408 756/927/412 755/930/411 751/925/407
f 753/926/409 757/931/413 760/932/416 756/927/412
f 754/928/410 758/933/414 757/934/413 753/929/409
f 755/930/411 759/935/415 758/933/414 754/928/410
f 756/927/412 760/932/416 759/935/415 755/930/411
f 757/931/413 761/936/417 764/937/420 760/932/416
f 758/933/414 762/938/418 761/939/417 757/934/413
f 759/935/415 763/940/419 762/938/418 758/933/414
f 760/932/416 764/937/420 763/940/419 759/935/415
f 761/936/417 765/941/421 768/942/424 764/937/420
f 762/938/418 766/943/422 765/944/421 761/939/417
f 763/940/419 767/945/423 766/943/422 762/938/418
f 764/937/420 768/942/424 767/945/423 763/940/419
f 765/941/421 769/946/425 772/947/428 768/942/424
f 766/943/422 770/948/426 769/949/425 765/944/421
f 767/945/423 771/950/427 770/948/426 766/943/422
f 768/942/424 772/947/428 771/950/427 767/945/423
f 769/946/425 773/951/429 776/952/432 772/947/428
f 770/948/426 774/953/430 773/954/429 769/949/425
f 771/950/427 775/955/431 774/953/430 770/948/426
f 772/947/428 776/952/432 775/955/431 771/950/427
f 773/951/429 777/956/433 780/957/436 776/952/432
f 774/953/430 778/958/434 777/959/433 773/954/429
f 775/955/431 779/960/435 778/958/434 774/953/430
f 776/952/432 780/957/436 779/960/435 775/955/431
f 777/956/433 781/961/437 784/962/440 780/957/436
f 778/958/434 782/963/438 781/483/437 777/959/433
f 779/960/435 783/964/439 782/963/438 778/958/434
f 780/957/436 784/962/440 783/964/439 779/960/435
o NurbsPath.001
v 2.965438 -0.111450 3.011685
v 2.980129 -0.096877 3.012390
v 3.000145 -0.091604 3.012937
v 3.020121 -0.097044 3.013178
v 3.034706 -0.111740 3.013050
v 3.039992 -0.131755 3.012587
v 3.034561 -0.151724 3.011912
v 3.019870 -0.166298 3.011207
v 2.999855 -0.171571 3.010661
v 2.979878 -0.166130 3.010419
v 2.965293 -0.151434 3.010547
v 2.960008 -0.131420 3.011011
v -2.965381 -0.111606 2.898496
v -2.980031 -0.096979 2.898870
v -3.000032 -0.091626 2.898740
v -3.020024 -0.096979 2.898139
v -3.034651 -0.111606 2.897230
v -3.039993 -0.131587 2.896254
v -3.034619 -0.151568 2.895475
v -3.019969 -0.166195 2.895101
v -2.999968 -0.171548 2.895231
v -2.979976 -0.166195 2.895832
v -2.965349 -0.151568 2.896741
v -2.960007 -0.131587 2.897717
v -2.965381 -0.111606 2.898496
v -2.980031 -0.096979 2.898870
v -3.000032 -0.091626 2.898740
v -3.020024 -0.096979 2.898139
v -3.034651 -0.111606 2.897230
v -3.039993 -0.131587 2.896254
v -3.034619 -0.151568 2.895475
v -3.019969 -0.166195 2.895101
v -2.999968 -0.171548 2.895231
v -2.979976 -0.166195 2.895832
v -2.965349 -0.151568 2.896741
v -2.960007 -0.131587 2.897717
v -2.959321 -0.120882 3.130004
v -2.973935 -0.106306 3.131638
v -2.993882 -0.101025 3.133345
v -3.013819 -0.106455 3.134669
v -3.028403 -0.121142 3.135253
v -3.033726 -0.141149 3.134943
v -3.028362 -0.161116 3.133821
v -3.013748 -0.175693 3.132187
v -2.993800 -0.180974 3.130480
v -2.973863 -0.175543 3.129156
v -2.959279 -0.160857 3.128571
v -2.953956 -0.140849 3.128881
v -2.933792 -0.127235 3.332083
v -2.948224 -0.112702 3.335124
v -2.967906 -0.107486 3.338884
v -2.987564 -0.112983 3.342356
v -3.001931 -0.127722 3.344610
v -3.007157 -0.147752 3.345041
v -3.001843 -0.167707 3.343534
v -2.987412 -0.182240 3.340493
v -2.967730 -0.187457 3.336732
v -2.948072 -0.181959 3.333260
v -2.933705 -0.167221 3.331007
v -2.928478 -0.147190 3.330575
v -2.891255 -0.130999 3.507269
v -2.905307 -0.116498 3.511853
v -2.924435 -0.111330 3.517862
v -2.943515 -0.116877 3.523686
v -2.957433 -0.131654 3.527766
v -2.962460 -0.151702 3.529006
v -2.957250 -0.171648 3.527077
v -2.943198 -0.186148 3.522494
v -2.924070 -0.191317 3.516484
v -2.904990 -0.185769 3.510660
v -2.891072 -0.170992 3.506581
v -2.886045 -0.150945 3.505340
v -2.834021 -0.132493 3.658120
v -2.847456 -0.118008 3.664319
v -2.865685 -0.112862 3.672681
v -2.883824 -0.118434 3.680967
v -2.897012 -0.133229 3.686956
v -2.901716 -0.153285 3.689044
v -2.896676 -0.173227 3.686669
v -2.883241 -0.187711 3.680470
v -2.865012 -0.192857 3.672108
v -2.846873 -0.187286 3.663822
v -2.833684 -0.172490 3.657833
v -2.828980 -0.152435 3.655746
v -2.764205 -0.132019 3.787155
v -2.776773 -0.117529 3.794952
v -2.793740 -0.112374 3.805642
v -2.810560 -0.117936 3.816360
v -2.822726 -0.132725 3.824234
v -2.826977 -0.152778 3.827155
v -2.822176 -0.172721 3.824340
v -2.809608 -0.187212 3.816543
v -2.792641 -0.192366 3.805854
v -2.775821 -0.186804 3.795135
v -2.763655 -0.172015 3.787261
v -2.759404 -0.151963 3.784340
v -2.683686 -0.129855 3.896811
v -2.695169 -0.115336 3.906088
v -2.710557 -0.110139 3.918930
v -2.725727 -0.115657 3.931896
v -2.736615 -0.130411 3.941513
v -2.740303 -0.150449 3.945203
v -2.735802 -0.170401 3.941978
v -2.724320 -0.184920 3.932701
v -2.708931 -0.190117 3.919859
v -2.693761 -0.184599 3.906893
v -2.682873 -0.169844 3.897276
v -2.679186 -0.149807 3.893586
v -2.594116 -0.126251 3.989361
v -2.604366 -0.111682 3.999916
v -2.617963 -0.106414 4.014615
v -2.631264 -0.111857 4.029521
v -2.640704 -0.126553 4.040639
v -2.643754 -0.146565 4.044991
v -2.639597 -0.166531 4.041409
v -2.629347 -0.181100 4.030854
v -2.615750 -0.186368 4.016155
v -2.602449 -0.180925 4.001249
v -2.593009 -0.166228 3.990131
v -2.589959 -0.146216 3.985780
v -2.496974 -0.121432 4.066856
v -2.505937 -0.106800 4.078444
v -2.517665 -0.101439 4.094644
v -2.529015 -0.106786 4.111115
v -2.536947 -0.121408 4.123444
v -2.539335 -0.141388 4.128326
v -2.535539 -0.161371 4.124455
v -2.526576 -0.176003 4.112867
v -2.514848 -0.181364 4.096667
v -2.503498 -0.176017 4.080196
v -2.495566 -0.161395 4.067868
v -2.493178 -0.141415 4.062984
v -2.393641 -0.115607 4.131119
v -2.401346 -0.100904 4.143496
v -2.411251 -0.095440 4.160839
v -2.420701 -0.100681 4.178501
v -2.427164 -0.115220 4.191750
v -2.428909 -0.135164 4.197036
v -2.425468 -0.155167 4.192942
v -2.417764 -0.169870 4.180565
v -2.407859 -0.175333 4.163222
v -2.398409 -0.170093 4.145560
v -2.391946 -0.155553 4.132311
v -2.390201 -0.135610 4.127025
v -2.285443 -0.108968 4.183780
v -2.291980 -0.094193 4.196730
v -2.300196 -0.088627 4.214902
v -2.307888 -0.093760 4.233428
v -2.312995 -0.108217 4.247343
v -2.314150 -0.128124 4.252919
v -2.311042 -0.148147 4.248662
v -2.304504 -0.162921 4.235712
v -2.296288 -0.168488 4.217540
v -2.288596 -0.163355 4.199014
v -2.283489 -0.148898 4.185099
v -2.282334 -0.128991 4.179523
v -2.173660 -0.101699 4.226320
v -2.179155 -0.086857 4.239671
v -2.185866 -0.081193 4.258422
v -2.191993 -0.086225 4.277549
v -2.195897 -0.100604 4.291928
v -2.196530 -0.120477 4.297704
v -2.193722 -0.140520 4.293331
v -2.188227 -0.155362 4.279981
v -2.181516 -0.161026 4.261230
v -2.175388 -0.155994 4.242102
v -2.171485 -0.141615 4.227724
v -2.170852 -0.121742 4.221948
v -2.059516 -0.093974 4.260109
v -2.064106 -0.079071 4.273732
v -2.069512 -0.073319 4.292873
v -2.074287 -0.078259 4.312406
v -2.077152 -0.092568 4.327095
v -2.077338 -0.112411 4.333005
v -2.074796 -0.132472 4.328553
v -2.070207 -0.147375 4.314931
v -2.064800 -0.153127 4.295789
v -2.060025 -0.148187 4.276257
v -2.057160 -0.133878 4.261568
v -2.056974 -0.114035 4.255657
v -1.944155 -0.085954 4.286421
v -1.947972 -0.070997 4.300222
v -1.952271 -0.065168 4.319619
v -1.955901 -0.070029 4.339416
v -1.957889 -0.084277 4.354308
v -1.957702 -0.104094 4.360304
v -1.955391 -0.124171 4.355799
v -1.951574 -0.139128 4.341998
v -1.947275 -0.144957 4.322601
v -1.943645 -0.140096 4.302804
v -1.941657 -0.125848 4.287912
v -1.941844 -0.106031 4.281916
v -1.828619 -0.077786 4.306439
v -1.831787 -0.062784 4.320354
v -1.835161 -0.056890 4.339914
v -1.837838 -0.061684 4.359878
v -1.839100 -0.075880 4.374897
v -1.838609 -0.095676 4.380948
v -1.836497 -0.115767 4.376407
v -1.833329 -0.130769 4.362492
v -1.829955 -0.136663 4.342932
v -1.827278 -0.131870 4.322968
v -1.826016 -0.117673 4.307949
v -1.826507 -0.097877 4.301899
v -1.713840 -0.069606 4.321255
v -1.716470 -0.054566 4.335240
v -1.719084 -0.048617 4.354900
v -1.720981 -0.053355 4.374966
v -1.721653 -0.067510 4.390063
v -1.720921 -0.087289 4.396145
v -1.718979 -0.107392 4.391582
v -1.716349 -0.122432 4.377596
v -1.713736 -0.128381 4.357937
v -1.711838 -0.123643 4.337870
v -1.711166 -0.109488 4.322773
v -1.711899 -0.089709 4.316692
v -1.600634 -0.061532 4.331862
v -1.602823 -0.046460 4.345890
v -1.604821 -0.040468 4.365608
v -1.606092 -0.045162 4.385735
v -1.606295 -0.059283 4.400876
v -1.605376 -0.079049 4.406976
v -1.603582 -0.099162 4.402399
v -1.601392 -0.114234 4.388371
v -1.599394 -0.120226 4.368653
v -1.598123 -0.115533 4.348526
v -1.597920 -0.101411 4.333385
v -1.598839 -0.081646 4.327285
v -1.489693 -0.053669 4.339157
v -1.491528 -0.038572 4.353208
v -1.493038 -0.032545 4.372959
v -1.493817 -0.037204 4.393119
v -1.493658 -0.051300 4.408285
v -1.492602 -0.071056 4.414393
v -1.490933 -0.091178 4.409808
v -1.489098 -0.106275 4.395757
v -1.487588 -0.112302 4.376006
v -1.486809 -0.107643 4.355846
v -1.486968 -0.093547 4.340680
v -1.488024 -0.073791 4.334571
v -1.381589 -0.046105 4.343929
v -1.383144 -0.030988 4.357993
v -1.384276 -0.024935 4.377761
v -1.384683 -0.029568 4.397938
v -1.384255 -0.043645 4.413116
v -1.383107 -0.063394 4.419229
v -1.381546 -0.083524 4.414639
v -1.379992 -0.098641 4.400575
v -1.378859 -0.104694 4.380806
v -1.378452 -0.100061 4.360630
v -1.378880 -0.085984 4.345451
v -1.380028 -0.066235 4.339338
v -1.276773 -0.038913 4.346863
v -1.278111 -0.023781 4.360933
v -1.278963 -0.017709 4.380710
v -1.279100 -0.022323 4.400895
v -1.278485 -0.036387 4.416078
v -1.277284 -0.056133 4.422193
v -1.275818 -0.076269 4.417599
v -1.274480 -0.091401 4.403529
v -1.273629 -0.097473 4.383752
v -1.273492 -0.092859 4.363568
v -1.274106 -0.078795 4.348384
v -1.275307 -0.059049 4.342270
v -1.175576 -0.032150 4.348536
v -1.176751 -0.017008 4.362609
v -1.177404 -0.010923 4.382390
v -1.177359 -0.015525 4.402577
v -1.176630 -0.029581 4.417763
v -1.175410 -0.049325 4.423877
v -1.174028 -0.069467 4.419282
v -1.172853 -0.084610 4.405210
v -1.172200 -0.090695 4.385429
v -1.172245 -0.086093 4.365242
v -1.172974 -0.072037 4.350056
v -1.174194 -0.052292 4.343942
v -1.078210 -0.025860 4.349415
v -1.079266 -0.010710 4.363489
v -1.079788 -0.004616 4.383271
v -1.079636 -0.009211 4.403460
v -1.078851 -0.023264 4.418645
v -1.077643 -0.043009 4.424760
v -1.076336 -0.063156 4.420165
v -1.075280 -0.078306 4.406091
v -1.074758 -0.084400 4.386309
v -1.074910 -0.079804 4.366120
v -1.075696 -0.065752 4.350934
v -1.076903 -0.046006 4.344820
v -0.984772 -0.020067 4.349856
v -0.985741 -0.004912 4.363931
v -0.986185 0.001187 4.383713
v -0.985983 -0.003405 4.403902
v -0.985189 -0.017458 4.419088
v -0.984018 -0.037205 4.425202
v -0.982781 -0.057356 4.420607
v -0.981812 -0.072512 4.406532
v -0.981368 -0.078610 4.386750
v -0.981571 -0.074018 4.366561
v -0.982364 -0.059966 4.351375
v -0.983535 -0.040218 4.345261
v -0.895243 -0.014785 4.350105
v -0.896148 0.000375 4.364180
v -0.896547 0.006476 4.383963
v -0.896334 0.001885 4.404151
v -0.895566 -0.012169 4.419337
v -0.894448 -0.031920 4.425452
v -0.893281 -0.052075 4.420856
v -0.892376 -0.067234 4.406781
v -0.891977 -0.073336 4.386999
v -0.892190 -0.068744 4.366810
v -0.892958 -0.054690 4.351624
v -0.894076 -0.034940 4.345510
v -0.809490 -0.010007 4.350296
v -0.810338 0.005155 4.364370
v -0.810709 0.011258 4.384152
v -0.810504 0.006667 4.404341
v -0.809778 -0.007390 4.419528
v -0.808725 -0.027144 4.425642
v -0.807628 -0.047303 4.421045
v -0.806780 -0.062465 4.406971
v -0.806409 -0.068568 4.387188
v -0.806614 -0.063976 4.366999
v -0.807340 -0.049920 4.351813
v -0.808393 -0.030166 4.345699
v -0.727267 -0.005716 4.350461
v -0.728057 0.009449 4.364537
v -0.728402 0.015554 4.384319
v -0.728210 0.010961 4.404508
v -0.727532 -0.003098 4.419693
v -0.726550 -0.022855 4.425807
v -0.725526 -0.043018 4.421211
v -0.724736 -0.058184 4.407136
v -0.724391 -0.064288 4.387354
v -0.724583 -0.059696 4.367165
v -0.725261 -0.045637 4.351979
v -0.726243 -0.025879 4.345865
v -0.648272 -0.001889 4.350607
v -0.649002 0.013280 4.364682
v -0.649320 0.019385 4.384464
v -0.649142 0.014792 4.404653
v -0.648515 0.000731 4.419839
v -0.647607 -0.019031 4.425953
v -0.646662 -0.039197 4.421356
v -0.645932 -0.054366 4.407281
v -0.645614 -0.060471 4.387499
v -0.645792 -0.055878 4.367310
v -0.646419 -0.041817 4.352124
v -0.647327 -0.022055 4.346010
v -0.572200 0.001497 4.350733
v -0.572866 0.016668 4.364808
v -0.573156 0.022775 4.384591
v -0.572992 0.018181 4.404779
v -0.572420 0.004117 4.419965
v -0.571591 -0.015648 4.426079
v -0.570728 -0.035818 4.421482
v -0.570062 -0.050989 4.407407
v -0.569772 -0.057096 4.387624
v -0.569936 -0.052502 4.367435
v -0.570508 -0.038439 4.352250
v -0.571337 -0.018674 4.346136
v -0.498744 0.004460 4.350841
v -0.499342 0.019633 4.364916
v -0.499602 0.025741 4.384699
v -0.499455 0.021147 4.404888
v -0.498939 0.007081 4.420073
v -0.498194 -0.012687 4.426187
v -0.497418 -0.032861 4.421590
v -0.496819 -0.048035 4.407515
v -0.496559 -0.054143 4.387733
v -0.496706 -0.049549 4.367544
v -0.497222 -0.035483 4.352358
v -0.497968 -0.015714 4.346244
v -0.427597 0.007018 4.350933
v -0.428125 0.022194 4.365008
v -0.428355 0.028304 4.384790
v -0.428224 0.023708 4.404979
v -0.427769 0.009640 4.420165
v -0.427110 -0.010131 4.426279
v -0.426425 -0.030308 4.421681
v -0.425898 -0.045485 4.407606
v -0.425668 -0.051594 4.387824
v -0.425799 -0.046999 4.367635
v -0.426254 -0.032931 4.352449
v -0.426913 -0.013159 4.346336
v -0.358456 0.009188 4.351009
v -0.358911 0.024366 4.365085
v -0.359108 0.030477 4.384867
v -0.358995 0.025881 4.405056
v -0.358602 0.011811 4.420241
v -0.358035 -0.007963 4.426355
v -0.357445 -0.028144 4.421758
v -0.356991 -0.043322 4.407682
v -0.356794 -0.049432 4.387900
v -0.356906 -0.044837 4.367711
v -0.357299 -0.030767 4.352526
v -0.357866 -0.010992 4.346412
v -0.291016 0.010983 4.351071
v -0.291394 0.026164 4.365147
v -0.291558 0.032275 4.384930
v -0.291464 0.027679 4.405118
v -0.291136 0.013607 4.420304
v -0.290664 -0.006170 4.426417
v -0.290172 -0.026353 4.421820
v -0.289794 -0.041533 4.407744
v -0.289630 -0.047644 4.387962
v -0.289724 -0.043048 4.367773
v -0.290051 -0.028977 4.352588
v -0.290524 -0.009200 4.346475
v -0.224971 0.012416 4.351120
v -0.225272 0.027599 4.365196
v -0.225402 0.033710 4.384978
v -0.225327 0.029114 4.405167
v -0.225067 0.015041 4.420352
v -0.224691 -0.004738 4.426466
v -0.224301 -0.024923 4.421868
v -0.224001 -0.040106 4.407793
v -0.223871 -0.046217 4.388011
v -0.223946 -0.041621 4.367822
v -0.224206 -0.027548 4.352636
v -0.224582 -0.007769 4.346523
v -0.160021 0.013498 4.351156
v -0.160241 0.028681 4.365232
v -0.160336 0.034794 4.385015
v -0.160281 0.030197 4.405203
v -0.160090 0.016122 4.420388
v -0.159814 -0.003658 4.426502
v -0.159528 -0.023845 4.421905
v -0.159308 -0.039029 4.407829
v -0.159213 -0.045141 4.388046
v -0.159268 -0.040544 4.367857
v -0.159459 -0.026470 4.352672
v -0.159735 -0.006689 4.346559
v -0.095861 0.014236 4.351180
v -0.096000 0.029420 4.365255
v -0.096060 0.035533 4.385038
v -0.096025 0.030936 4.405227
v -0.095904 0.016861 4.420412
v -0.095730 -0.002921 4.426525
v -0.095549 -0.023109 4.421928
v -0.095409 -0.038294 4.407852
v -0.095350 -0.044406 4.388070
v -0.095385 -0.039809 4.367881
v -0.095506 -0.025734 4.352696
v -0.095680 -0.005952 4.346583
v -0.032191 0.014637 4.351192
v -0.032248 0.029822 4.365267
v -0.032273 0.035935 4.385050
v -0.032257 0.031338 4.405239
v -0.032207 0.017262 4.420424
v -0.032134 -0.002520 4.426537
v -0.032059 -0.022709 4.421940
v -0.032002 -0.037894 4.407864
v -0.031977 -0.044007 4.388082
v -0.031992 -0.039410 4.367893
v -0.032043 -0.025334 4.352707
v -0.032116 -0.005552 4.346594
v 0.031292 0.014706 4.351192
v 0.031316 0.029892 4.365267
v 0.031327 0.036005 4.385050
v 0.031322 0.031408 4.405239
v 0.031303 0.017332 4.420424
v 0.031274 -0.002451 4.426537
v 0.031243 -0.022639 4.421940
v 0.031219 -0.037825 4.407864
v 0.031208 -0.043938 4.388082
v 0.031213 -0.039340 4.367893
v 0.031233 -0.025265 4.352707
v 0.031262 -0.005482 4.346594
v 0.094889 0.014447 4.351180
v 0.094994 0.029632 4.365255
v 0.095040 0.035745 4.385038
v 0.095015 0.031148 4.405227
v 0.094926 0.017072 4.420412
v 0.094796 -0.002710 4.426525
v 0.094661 -0.022898 4.421928
v 0.094557 -0.038083 4.407852
v 0.094511 -0.044196 4.388070
v 0.094536 -0.039599 4.367881
v 0.094625 -0.025523 4.352696
v 0.094754 -0.005741 4.346583
v 0.158900 0.013860 4.351156
v 0.159083 0.029045 4.365232
v 0.159163 0.035157 4.385015
v 0.159119 0.030560 4.405203
v 0.158962 0.016485 4.420388
v 0.158734 -0.003296 4.426502
v 0.158497 -0.023483 4.421905
v 0.158314 -0.038667 4.407829
v 0.158233 -0.044780 4.388046
v 0.158277 -0.040183 4.367857
v 0.158434 -0.026108 4.352672
v 0.158662 -0.006327 4.346559
v 0.223624 0.012945 4.351120
v 0.223884 0.028128 4.365196
v 0.223998 0.034240 4.384978
v 0.223935 0.029643 4.405167
v 0.223712 0.015570 4.420352
v 0.223389 -0.004210 4.426466
v 0.223052 -0.024396 4.421868
v 0.222791 -0.039579 4.407793
v 0.222677 -0.045691 4.388011
v 0.222740 -0.041095 4.367822
v 0.222963 -0.027021 4.352636
v 0.223287 -0.007241 4.346523
v 0.289362 0.011699 4.351071
v 0.289696 0.026880 4.365147
v 0.289843 0.032992 4.384930
v 0.289762 0.028395 4.405118
v 0.289475 0.014323 4.420304
v 0.289060 -0.005455 4.426417
v 0.288626 -0.025639 4.421820
v 0.288292 -0.040821 4.407744
v 0.288145 -0.046933 4.387962
v 0.288226 -0.042336 4.367773
v 0.288513 -0.028264 4.352588
v 0.288928 -0.008486 4.346475
v 0.356412 0.010117 4.351009
v 0.356818 0.025297 4.365085
v 0.356996 0.031408 4.384867
v 0.356898 0.026812 4.405056
v 0.356550 0.012740 4.420241
v 0.356046 -0.007036 4.426355
v 0.355521 -0.027218 4.421758
v 0.355115 -0.042398 4.407682
v 0.354937 -0.048508 4.387900
v 0.355035 -0.043912 4.367711
v 0.355383 -0.029841 4.352526
v 0.355887 -0.010065 4.346412
v 0.425074 0.008193 4.350933
v 0.425548 0.023371 4.365008
v 0.425756 0.029481 4.384791
v 0.425642 0.024886 4.404979
v 0.425236 0.010816 4.420165
v 0.424648 -0.008957 4.426279
v 0.424035 -0.029137 4.421681
v 0.423561 -0.044315 4.407606
v 0.423353 -0.050425 4.387824
v 0.423467 -0.045829 4.367635
v 0.423873 -0.031760 4.352449
v 0.424461 -0.011986 4.346336
v 0.495646 0.005920 4.350841
v 0.496184 0.021096 4.364916
v 0.496421 0.027205 4.384699
v 0.496292 0.022610 4.404888
v 0.495832 0.008542 4.420073
v 0.495164 -0.011229 4.426187
v 0.494468 -0.031406 4.421590
v 0.493929 -0.046582 4.407515
v 0.493693 -0.052691 4.387732
v 0.493822 -0.048096 4.367543
v 0.494282 -0.034028 4.352358
v 0.494949 -0.014257 4.346244
v 0.568425 0.003287 4.350733
v 0.569025 0.018461 4.364808
v 0.569288 0.024569 4.384591
v 0.569145 0.019974 4.404779
v 0.568634 0.005908 4.419965
v 0.567892 -0.013860 4.426079
v 0.567117 -0.034034 4.421482
v 0.566517 -0.049208 4.407407
v 0.566254 -0.055316 4.387624
v 0.566396 -0.050722 4.367435
v 0.566908 -0.036656 4.352250
v 0.567650 -0.016887 4.346136
v 0.643710 0.000282 4.350607
v 0.644367 0.015453 4.364682
v 0.644657 0.021560 4.384464
v 0.644501 0.016966 4.404653
v 0.643942 0.002902 4.419839
v 0.643129 -0.016864 4.425953
v 0.642280 -0.037035 4.421356
v 0.641623 -0.052206 4.407281
v 0.641334 -0.058313 4.387499
v 0.641490 -0.053719 4.367310
v 0.642049 -0.039655 4.352124
v 0.642862 -0.019889 4.346010
v 0.721798 -0.003109 4.350461
v 0.722509 0.012060 4.364537
v 0.722823 0.018166 4.384319
v 0.722655 0.013573 4.404508
v 0.722051 -0.000490 4.419694
v 0.721173 -0.020252 4.425807
v 0.720255 -0.040420 4.421211
v 0.719544 -0.055590 4.407136
v 0.719230 -0.061696 4.387354
v 0.719398 -0.057102 4.367165
v 0.720002 -0.043040 4.351979
v 0.720880 -0.023277 4.345865
v 0.802985 -0.006901 4.350296
v 0.803747 0.008266 4.364370
v 0.804084 0.014371 4.384153
v 0.803906 0.009778 4.404342
v 0.803260 -0.004282 4.419528
v 0.802320 -0.024042 4.425642
v 0.801337 -0.044207 4.421045
v 0.800575 -0.059374 4.406971
v 0.800238 -0.065479 4.387188
v 0.800417 -0.060886 4.366999
v 0.801062 -0.046826 4.351813
v 0.802002 -0.027066 4.345699
v 0.887561 -0.011111 4.350106
v 0.888373 0.004053 4.364181
v 0.888735 0.010157 4.383963
v 0.888551 0.005564 4.404151
v 0.887869 -0.008494 4.419338
v 0.886873 -0.028251 4.425452
v 0.885829 -0.048413 4.420856
v 0.885017 -0.063578 4.406781
v 0.884655 -0.069681 4.386999
v 0.884839 -0.065089 4.366810
v 0.885521 -0.051030 4.351624
v 0.886517 -0.031273 4.345510
v 0.975764 -0.015754 4.349859
v 0.976634 -0.000592 4.363934
v 0.977036 0.005509 4.383716
v 0.976864 0.000916 4.403905
v 0.976162 -0.013142 4.419091
v 0.975119 -0.032896 4.425205
v 0.974015 -0.053055 4.420609
v 0.973145 -0.068216 4.406535
v 0.972743 -0.074318 4.386753
v 0.972916 -0.069725 4.366564
v 0.973617 -0.055667 4.351377
v 0.974660 -0.035913 4.345263
v 1.067728 -0.020832 4.349434
v 1.068676 -0.005675 4.363508
v 1.069151 0.000423 4.383290
v 1.069027 -0.004173 4.403478
v 1.068335 -0.018231 4.418664
v 1.067263 -0.037984 4.424778
v 1.066096 -0.058140 4.420183
v 1.065148 -0.073297 4.406109
v 1.064673 -0.079394 4.386327
v 1.064798 -0.074798 4.366138
v 1.065489 -0.060740 4.350953
v 1.066561 -0.040987 4.344838
v 1.163477 -0.026337 4.348602
v 1.164535 -0.011187 4.362676
v 1.165133 -0.005096 4.382456
v 1.165110 -0.009698 4.402644
v 1.164473 -0.023759 4.417830
v 1.163393 -0.043512 4.423944
v 1.162159 -0.063663 4.419349
v 1.161101 -0.078814 4.405275
v 1.160503 -0.084904 4.385495
v 1.160526 -0.080302 4.365307
v 1.161162 -0.066241 4.350122
v 1.162243 -0.046489 4.344007
v 1.262929 -0.032249 4.347036
v 1.264139 -0.017108 4.361107
v 1.264923 -0.011028 4.380884
v 1.265072 -0.015640 4.401069
v 1.264546 -0.029708 4.416253
v 1.263485 -0.049462 4.422367
v 1.262174 -0.069609 4.417773
v 1.260964 -0.084750 4.403703
v 1.260179 -0.090830 4.383925
v 1.260030 -0.086218 4.363740
v 1.260557 -0.072150 4.348557
v 1.261618 -0.052396 4.342443
v 1.365893 -0.038536 4.344305
v 1.367307 -0.023407 4.358369
v 1.368356 -0.017344 4.378139
v 1.368759 -0.021971 4.398317
v 1.368408 -0.036050 4.413496
v 1.367398 -0.055807 4.419609
v 1.365999 -0.075948 4.415018
v 1.364585 -0.091077 4.400953
v 1.363536 -0.097141 4.381183
v 1.363133 -0.092513 4.361005
v 1.363484 -0.078435 4.345826
v 1.364494 -0.058678 4.339713
v 1.472069 -0.045155 4.339875
v 1.473747 -0.030042 4.353929
v 1.475151 -0.024001 4.373683
v 1.475905 -0.028650 4.393846
v 1.475807 -0.042744 4.409014
v 1.474883 -0.062506 4.415123
v 1.473381 -0.082641 4.410536
v 1.471702 -0.097754 4.396482
v 1.470298 -0.103795 4.376728
v 1.469544 -0.099146 4.356565
v 1.469642 -0.085052 4.341397
v 1.470566 -0.065290 4.335288
v 1.581043 -0.052048 4.333115
v 1.583056 -0.036957 4.347147
v 1.584921 -0.030945 4.366873
v 1.586136 -0.035623 4.387006
v 1.586378 -0.049739 4.402153
v 1.585580 -0.069509 4.408254
v 1.583956 -0.089636 4.403675
v 1.581943 -0.104728 4.389642
v 1.580078 -0.110740 4.369917
v 1.578863 -0.106062 4.349783
v 1.578621 -0.091946 4.334637
v 1.579419 -0.072176 4.328536
v 1.692289 -0.059151 4.323296
v 1.694719 -0.044086 4.337290
v 1.697164 -0.038111 4.356964
v 1.698968 -0.042827 4.377044
v 1.699647 -0.056970 4.392151
v 1.699020 -0.076751 4.398237
v 1.697255 -0.096870 4.393671
v 1.694824 -0.111935 4.379676
v 1.692379 -0.117910 4.360003
v 1.690576 -0.113194 4.339922
v 1.689896 -0.099050 4.324815
v 1.690524 -0.079269 4.318729
v 1.805167 -0.066382 4.309589
v 1.808108 -0.051350 4.323521
v 1.811270 -0.045421 4.343106
v 1.813804 -0.050184 4.363097
v 1.815033 -0.064362 4.378136
v 1.814627 -0.084157 4.384194
v 1.812695 -0.104265 4.379648
v 1.809754 -0.119297 4.365716
v 1.806593 -0.125227 4.346131
v 1.804058 -0.120464 4.326141
v 1.802829 -0.106285 4.311102
v 1.803235 -0.086490 4.305044
v 1.918925 -0.073652 4.291077
v 1.922482 -0.058659 4.304907
v 1.926514 -0.052786 4.324349
v 1.929942 -0.057605 4.344192
v 1.931847 -0.071827 4.359119
v 1.931718 -0.091640 4.365132
v 1.929590 -0.111735 4.360619
v 1.926033 -0.126728 4.346788
v 1.922000 -0.132602 4.327347
v 1.918573 -0.127782 4.307504
v 1.916668 -0.113561 4.292576
v 1.916797 -0.093748 4.286564
v 2.032698 -0.080859 4.266750
v 2.036989 -0.065912 4.280421
v 2.042065 -0.060105 4.299636
v 2.046566 -0.064992 4.319247
v 2.049286 -0.079265 4.333998
v 2.049496 -0.099100 4.339937
v 2.047140 -0.119181 4.335473
v 2.042849 -0.134127 4.321802
v 2.037773 -0.139935 4.302587
v 2.033272 -0.135047 4.282976
v 2.030552 -0.120774 4.268225
v 2.030342 -0.100940 4.262286
v 2.145515 -0.087888 4.235512
v 2.150669 -0.072995 4.248941
v 2.156976 -0.067264 4.267812
v 2.162747 -0.072231 4.287067
v 2.166434 -0.086564 4.301547
v 2.167051 -0.106424 4.307373
v 2.164431 -0.126488 4.302982
v 2.159276 -0.141381 4.289553
v 2.152969 -0.147112 4.270682
v 2.147199 -0.142146 4.251428
v 2.143511 -0.127812 4.236947
v 2.142895 -0.107953 4.231122
v 2.256311 -0.094618 4.196185
v 2.262462 -0.079785 4.209257
v 2.270196 -0.074141 4.227616
v 2.277439 -0.079197 4.246343
v 2.282252 -0.093598 4.260419
v 2.283344 -0.113486 4.266074
v 2.280423 -0.133533 4.261792
v 2.274272 -0.148365 4.248720
v 2.266538 -0.154010 4.230361
v 2.259295 -0.148954 4.211634
v 2.254482 -0.134552 4.197558
v 2.253390 -0.114664 4.191903
v 2.363936 -0.100915 4.147506
v 2.371213 -0.086148 4.160064
v 2.380558 -0.080597 4.177687
v 2.389470 -0.085751 4.195652
v 2.395559 -0.100227 4.209146
v 2.397194 -0.120147 4.214553
v 2.393936 -0.140173 4.210424
v 2.386660 -0.154940 4.197866
v 2.377314 -0.160491 4.180243
v 2.368403 -0.155338 4.162278
v 2.362314 -0.140861 4.148784
v 2.360679 -0.120941 4.143377
v 2.467183 -0.106639 4.088113
v 2.475687 -0.091940 4.099959
v 2.486796 -0.086487 4.116560
v 2.497533 -0.091741 4.133467
v 2.505020 -0.106294 4.146150
v 2.507252 -0.126247 4.151210
v 2.503630 -0.146254 4.147293
v 2.495126 -0.160953 4.135447
v 2.484017 -0.166406 4.118846
v 2.473280 -0.161152 4.101940
v 2.465793 -0.146599 4.089256
v 2.463561 -0.126645 4.084196
v 2.564795 -0.111643 4.016523
v 2.574581 -0.097009 4.027423
v 2.587531 -0.091650 4.042664
v 2.600176 -0.097001 4.058163
v 2.609126 -0.111630 4.069765
v 2.611985 -0.131615 4.074363
v 2.607985 -0.151602 4.070725
v 2.598200 -0.166235 4.059824
v 2.585250 -0.171594 4.044583
v 2.572605 -0.166243 4.029085
v 2.563655 -0.151615 4.017482
v 2.560796 -0.131630 4.012884
v 2.655479 -0.115770 3.931086
v 2.666523 -0.101193 3.940794
v 2.681284 -0.095916 3.954322
v 2.695807 -0.101353 3.968043
v 2.706199 -0.116046 3.978281
v 2.709677 -0.136059 3.982294
v 2.705307 -0.156030 3.979005
v 2.694263 -0.170606 3.969296
v 2.679502 -0.175883 3.955769
v 2.664980 -0.170447 3.942048
v 2.654588 -0.155753 3.931809
v 2.651110 -0.135740 3.927797
v 2.737861 -0.118852 3.829950
v 2.750053 -0.104318 3.838247
v 2.766466 -0.099103 3.849742
v 2.782702 -0.104604 3.861355
v 2.794411 -0.119346 3.869974
v 2.798455 -0.139380 3.873289
v 2.793751 -0.159338 3.870413
v 2.781559 -0.173872 3.862116
v 2.765146 -0.179087 3.850621
v 2.748909 -0.173587 3.839009
v 2.737201 -0.158844 3.830390
v 2.733157 -0.138810 3.827074
v 2.810438 -0.120706 3.711050
v 2.823586 -0.106196 3.717782
v 2.841376 -0.101016 3.727022
v 2.859042 -0.106553 3.736295
v 2.871849 -0.121324 3.743116
v 2.876367 -0.141370 3.745656
v 2.871384 -0.161321 3.743236
v 2.858236 -0.175830 3.736504
v 2.840445 -0.181010 3.727263
v 2.822780 -0.175473 3.717990
v 2.809972 -0.160703 3.711170
v 2.805455 -0.140656 3.708629
v 2.871506 -0.121125 3.572140
v 2.885372 -0.106621 3.577249
v 2.904196 -0.101448 3.584149
v 2.922935 -0.106993 3.590992
v 2.936568 -0.121769 3.595944
v 2.941441 -0.141818 3.597678
v 2.936250 -0.161768 3.595730
v 2.922385 -0.176272 3.590621
v 2.903561 -0.181445 3.583721
v 2.884822 -0.175900 3.576878
v 2.871189 -0.161124 3.571926
v 2.866315 -0.141075 3.570192
v 2.919142 -0.119886 3.410871
v 2.933480 -0.105370 3.414393
v 2.952987 -0.100180 3.419005
v 2.972435 -0.105707 3.423470
v 2.986613 -0.120470 3.426594
v 2.991723 -0.140513 3.427537
v 2.986394 -0.160465 3.426049
v 2.972056 -0.174982 3.422527
v 2.952549 -0.180171 3.417915
v 2.933101 -0.174645 3.413450
v 2.918922 -0.159882 3.410326
v 2.913813 -0.139839 3.409383
v 2.951215 -0.116746 3.224845
v 2.965813 -0.102205 3.226890
v 2.985694 -0.096980 3.229371
v 3.005531 -0.102470 3.231623
v 3.020008 -0.117204 3.233043
v 3.025247 -0.137235 3.233250
v 3.019844 -0.157195 3.232188
v 3.005246 -0.171735 3.230143
v 2.985365 -0.176961 3.227662
v 2.965528 -0.171471 3.225410
v 2.951050 -0.156736 3.223990
v 2.945811 -0.136706 3.223784
v 2.965438 -0.111450 3.011685
v 2.980129 -0.096877 3.012390
v 3.000145 -0.091604 3.012937
v 3.020121 -0.097044 3.013178
v 3.034706 -0.111740 3.013050
v 3.039992 -0.131755 3.012587
v 3.034561 -0.151724 3.011912
v 3.019870 -0.166298 3.011207
v 2.999855 -0.171571 3.010661
v 2.979878 -0.166130 3.010419
v 2.965293 -0.151434 3.010547
v 2.960008 -0.131420 3.011011
vn 0.0198 0.0284 -0.9994
vn 0.0183 0.0439 -0.9989
vn 0.8640 0.5036 -0.0024
vn 0.4943 0.8690 0.0219
vn -0.0081 0.9992 0.0402
vn -0.5066 0.8608 0.0478
vn -0.8685 0.4939 0.0426
vn -0.9997 -0.0026 0.0261
vn -0.8671 -0.4982 0.0028
vn -0.5047 -0.8630 -0.0213
vn -0.0066 -0.9992 -0.0399
vn 0.4951 -0.8675 -0.0477
vn 0.8643 -0.5012 -0.0427
vn 0.9997 0.0013 -0.0261
vn 0.8613 0.5060 -0.0474
vn 0.4918 0.8707 -0.0063
vn -0.0092 0.9993 0.0364
vn -0.5058 0.8598 0.0693
vn -0.8664 0.4924 0.0836
vn -0.9971 -0.0044 0.0758
vn -0.8647 -0.4999 0.0480
vn -0.5034 -0.8640 0.0074
vn -0.0071 -0.9994 -0.0352
vn 0.4930 -0.8673 -0.0685
vn 0.8617 -0.5005 -0.0835
vn 0.9971 0.0030 -0.0757
vn 0.8487 0.5093 -0.1426
vn 0.4833 0.8730 -0.0658
vn -0.0113 0.9995 0.0286
vn -0.5007 0.8579 0.1149
vn -0.8554 0.4892 0.1704
vn -0.9835 -0.0078 0.1809
vn -0.8525 -0.5025 0.1436
vn -0.4963 -0.8655 0.0684
vn -0.0069 -0.9997 -0.0252
vn 0.4864 -0.8665 -0.1125
vn 0.8502 -0.4984 -0.1696
vn 0.9835 0.0062 -0.1808
vn 0.8228 0.5119 -0.2468
vn 0.4666 0.8748 -0.1307
vn -0.0144 0.9997 0.0203
vn -0.4892 0.8564 0.1651
vn -0.8322 0.4867 0.2656
vn -0.9552 -0.0103 0.2959
vn -0.8270 -0.5044 0.2484
vn -0.4805 -0.8665 0.1352
vn -0.0052 -0.9999 -0.0142
vn 0.4738 -0.8659 -0.1605
vn 0.8267 -0.4969 -0.2640
vn 0.9552 0.0086 -0.2958
vn 0.7810 0.5133 -0.3558
vn 0.4401 0.8757 -0.1985
vn -0.0184 0.9998 0.0118
vn -0.4696 0.8556 0.2179
vn -0.7943 0.4854 0.3653
vn -0.9092 -0.0115 0.4163
vn -0.7853 -0.5052 0.3579
vn -0.4544 -0.8669 0.2052
vn -0.0016 -1.0000 -0.0026
vn 0.4540 -0.8657 -0.2107
vn 0.7887 -0.4963 -0.3627
vn 0.9092 0.0097 -0.4162
vn 0.7225 0.5130 -0.4635
vn 0.4034 0.8756 -0.2655
vn -0.0233 0.9997 0.0034
vn -0.4416 0.8556 0.2700
vn -0.7410 0.4856 0.4639
vn -0.8447 -0.0111 0.5352
vn -0.7267 -0.5047 0.4661
vn -0.4172 -0.8665 0.2741
vn 0.0042 -1.0000 0.0087
vn 0.4267 -0.8661 -0.2605
vn 0.7357 -0.4968 -0.4604
vn 0.8447 0.0092 -0.5352
vn 0.6495 0.5110 -0.5631
vn 0.3581 0.8744 -0.3275
vn -0.0289 0.9996 -0.0044
vn -0.4061 0.8566 0.3182
vn -0.6741 0.4875 0.5550
vn -0.7640 -0.0089 0.6452
vn -0.6533 -0.5027 0.5660
vn -0.3705 -0.8653 0.3377
vn 0.0118 -0.9998 0.0188
vn 0.3929 -0.8669 -0.3068
vn 0.6694 -0.4985 -0.5508
vn 0.7640 0.0071 -0.6452
vn 0.5668 0.5075 -0.6490
vn 0.3070 0.8721 -0.3812
vn -0.0348 0.9993 -0.0114
vn -0.3656 0.8585 0.3595
vn -0.5981 0.4908 0.6336
vn -0.6725 -0.0052 0.7401
vn -0.5702 -0.4996 0.6521
vn -0.3174 -0.8634 0.3922
vn 0.0206 -0.9994 0.0270
vn 0.3547 -0.8682 -0.3471
vn 0.5942 -0.5012 -0.6290
vn 0.6724 0.0035 -0.7402
vn 0.4806 0.5029 -0.7184
vn 0.2538 0.8690 -0.4247
vn -0.0408 0.9990 -0.0174
vn -0.3232 0.8610 0.3927
vn -0.5187 0.4952 0.6970
vn -0.5770 -0.0004 0.8167
vn -0.4834 -0.4957 0.7215
vn -0.2621 -0.8611 0.4357
vn 0.0297 -0.9990 0.0331
vn 0.3147 -0.8697 -0.3802
vn 0.5158 -0.5046 -0.6924
vn 0.5769 -0.0011 -0.8168
vn 0.3967 0.4977 -0.7713
vn 0.2021 0.8656 -0.4581
vn -0.0465 0.9987 -0.0224
vn -0.2817 0.8638 0.4176
vn -0.4413 0.5000 0.7451
vn -0.4839 0.0049 0.8751
vn -0.3989 -0.4913 0.7742
vn -0.2083 -0.8585 0.4685
vn 0.0383 -0.9986 0.0372
vn 0.2755 -0.8714 -0.4058
vn 0.4392 -0.5083 -0.7408
vn 0.4838 -0.0062 -0.8752
vn 0.3191 0.4925 -0.8097
vn 0.1543 0.8622 -0.4825
vn -0.0518 0.9983 -0.0262
vn -0.2433 0.8667 0.4355
vn -0.3695 0.5050 0.7800
vn -0.3977 0.0103 0.9174
vn -0.3208 -0.4870 0.8124
vn -0.1588 -0.8560 0.4920
vn 0.0459 -0.9982 0.0397
vn 0.2390 -0.8732 -0.4248
vn 0.3681 -0.5121 -0.7760
vn 0.3976 -0.0114 -0.9175
vn 0.2502 0.4877 -0.8364
vn 0.1118 0.8590 -0.4997
vn -0.0564 0.9980 -0.0292
vn -0.2090 0.8694 0.4478
vn -0.3056 0.5097 0.8043
vn -0.3210 0.0154 0.9469
vn -0.2514 -0.4829 0.8388
vn -0.1150 -0.8537 0.5080
vn 0.0524 -0.9978 0.0410
vn 0.2061 -0.8748 -0.4384
vn 0.3047 -0.5157 -0.8008
vn 0.3209 -0.0163 -0.9470
vn 0.1905 0.4832 -0.8545
vn 0.0752 0.8560 -0.5114
vn -0.0602 0.9977 -0.0314
vn -0.1792 0.8718 0.4559
vn -0.2501 0.5139 0.8206
vn -0.2546 0.0200 0.9668
vn -0.1914 -0.4792 0.8566
vn -0.0774 -0.8516 0.5185
vn 0.0576 -0.9975 0.0415
vn 0.1774 -0.8763 -0.4478
vn 0.2496 -0.5189 -0.8176
vn 0.2545 -0.0206 -0.9668
vn 0.1401 0.4794 -0.8663
vn 0.0443 0.8535 -0.5192
vn -0.0633 0.9974 -0.0330
vn -0.1537 0.8740 0.4610
vn -0.2030 0.5176 0.8312
vn -0.1983 0.0239 0.9799
vn -0.1408 -0.4760 0.8681
vn -0.0458 -0.8498 0.5252
vn 0.0616 -0.9972 0.0415
vn 0.1526 -0.8777 -0.4543
vn 0.2028 -0.5217 -0.8287
vn 0.1982 -0.0245 -0.9799
vn 0.0982 0.4762 -0.8738
vn 0.0188 0.8514 -0.5242
vn -0.0656 0.9973 -0.0342
vn -0.1323 0.8758 0.4641
vn -0.1636 0.5208 0.8379
vn -0.1513 0.0273 0.9881
vn -0.0987 -0.4733 0.8753
vn -0.0198 -0.8483 0.5292
vn 0.0645 -0.9971 0.0412
vn 0.1317 -0.8788 -0.4586
vn 0.1635 -0.5241 -0.8358
vn 0.1513 -0.0277 -0.9881
vn 0.0641 0.4735 -0.8785
vn -0.0018 0.8496 -0.5274
vn -0.0672 0.9971 -0.0351
vn -0.1145 0.8774 0.4659
vn -0.1311 0.5234 0.8419
vn -0.1128 0.0301 0.9932
vn -0.0644 -0.4712 0.8797
vn 0.0012 -0.8471 0.5315
vn 0.0665 -0.9969 0.0408
vn 0.1141 -0.8798 -0.4615
vn 0.1311 -0.5260 -0.8403
vn 0.1128 -0.0304 -0.9932
vn 0.0367 0.4713 -0.8812
vn -0.0181 0.8482 -0.5294
vn -0.0680 0.9970 -0.0358
vn -0.0997 0.8787 0.4669
vn -0.1047 0.5256 0.8443
vn -0.0817 0.0324 0.9961
vn -0.0370 -0.4694 0.8822
vn 0.0177 -0.8461 0.5327
vn 0.0677 -0.9969 0.0403
vn 0.0995 -0.8806 -0.4633
vn 0.1047 -0.5276 -0.8430
vn 0.0817 -0.0325 -0.9961
vn 0.0154 0.4696 -0.8827
vn -0.0305 0.8471 -0.5306
vn -0.0682 0.9970 -0.0363
vn -0.0876 0.8798 0.4673
vn -0.0836 0.5273 0.8455
vn -0.0572 0.0342 0.9978
vn -0.0156 -0.4681 0.8836
vn 0.0302 -0.8455 0.5332
vn 0.0680 -0.9969 0.0398
vn 0.0876 -0.8812 -0.4646
vn 0.0836 -0.5288 -0.8446
vn 0.0572 -0.0342 -0.9978
vn -0.0006 0.4684 -0.8835
vn -0.0395 0.8463 -0.5313
vn -0.0678 0.9970 -0.0367
vn -0.0779 0.8806 0.4673
vn -0.0672 0.5287 0.8461
vn -0.0385 0.0356 0.9986
vn 0.0005 -0.4671 0.8842
vn 0.0393 -0.8450 0.5333
vn 0.0677 -0.9969 0.0394
vn 0.0779 -0.8817 -0.4654
vn 0.0672 -0.5298 -0.8455
vn 0.0385 -0.0354 -0.9986
vn -0.0120 0.4675 -0.8839
vn -0.0454 0.8457 -0.5317
vn -0.0667 0.9971 -0.0371
vn -0.0701 0.8813 0.4673
vn -0.0547 0.5298 0.8464
vn -0.0247 0.0366 0.9990
vn 0.0119 -0.4665 0.8845
vn 0.0453 -0.8448 0.5332
vn 0.0666 -0.9970 0.0390
vn 0.0701 -0.8821 -0.4659
vn 0.0548 -0.5304 -0.8460
vn 0.0247 -0.0363 -0.9990
vn -0.0194 0.4669 -0.8841
vn -0.0488 0.8454 -0.5320
vn -0.0651 0.9972 -0.0374
vn -0.0639 0.8819 0.4671
vn -0.0457 0.5305 0.8464
vn -0.0152 0.0372 0.9992
vn 0.0193 -0.4661 0.8845
vn 0.0487 -0.8447 0.5330
vn 0.0650 -0.9971 0.0386
vn 0.0639 -0.8823 -0.4663
vn 0.0457 -0.5308 -0.8462
vn 0.0152 -0.0369 -0.9992
vn -0.0235 0.4665 -0.8842
vn -0.0498 0.8452 -0.5322
vn -0.0629 0.9973 -0.0376
vn -0.0591 0.8823 0.4669
vn -0.0394 0.5311 0.8464
vn -0.0093 0.0377 0.9992
vn 0.0234 -0.4659 0.8845
vn 0.0498 -0.8447 0.5329
vn 0.0629 -0.9973 0.0383
vn 0.0591 -0.8825 -0.4666
vn 0.0394 -0.5311 -0.8464
vn 0.0092 -0.0373 -0.9993
vn -0.0249 0.4664 -0.8842
vn -0.0491 0.8451 -0.5323
vn -0.0602 0.9975 -0.0378
vn -0.0552 0.8827 0.4668
vn -0.0353 0.5315 0.8463
vn -0.0060 0.0379 0.9993
vn 0.0249 -0.4659 0.8845
vn 0.0491 -0.8449 0.5327
vn 0.0602 -0.9975 0.0381
vn 0.0552 -0.8827 -0.4667
vn 0.0353 -0.5313 -0.8465
vn 0.0060 -0.0374 -0.9993
vn -0.0245 0.4664 -0.8843
vn -0.0472 0.8452 -0.5324
vn -0.0571 0.9976 -0.0379
vn -0.0518 0.8829 0.4667
vn -0.0326 0.5317 0.8463
vn -0.0047 0.0380 0.9993
vn 0.0245 -0.4659 0.8845
vn 0.0471 -0.8450 0.5327
vn 0.0571 -0.9976 0.0380
vn 0.0518 -0.8828 -0.4668
vn 0.0326 -0.5313 -0.8465
vn 0.0046 -0.0375 -0.9993
vn -0.0233 0.4664 -0.8842
vn -0.0445 0.8453 -0.5324
vn -0.0538 0.9978 -0.0379
vn -0.0486 0.8831 0.4667
vn -0.0305 0.5318 0.8463
vn -0.0042 0.0381 0.9993
vn 0.0233 -0.4660 0.8845
vn 0.0445 -0.8452 0.5326
vn 0.0538 -0.9978 0.0380
vn 0.0486 -0.8830 -0.4669
vn 0.0305 -0.5314 -0.8466
vn 0.0041 -0.0375 -0.9993
vn -0.0218 0.4665 -0.8842
vn -0.0415 0.8455 -0.5323
vn -0.0501 0.9980 -0.0379
vn -0.0453 0.8833 0.4667
vn -0.0284 0.5320 0.8463
vn -0.0038 0.0381 0.9993
vn 0.0217 -0.4660 0.8845
vn 0.0415 -0.8453 0.5326
vn 0.0501 -0.9980 0.0380
vn 0.0453 -0.8831 -0.4669
vn 0.0284 -0.5315 -0.8466
vn 0.0038 -0.0375 -0.9993
vn -0.0201 0.4666 -0.8842
vn -0.0384 0.8457 -0.5323
vn -0.0463 0.9982 -0.0379
vn -0.0419 0.8834 0.4667
vn -0.0262 0.5321 0.8463
vn -0.0035 0.0381 0.9993
vn 0.0201 -0.4661 0.8845
vn 0.0384 -0.8455 0.5326
vn 0.0463 -0.9982 0.0380
vn 0.0419 -0.8833 -0.4669
vn 0.0262 -0.5316 -0.8466
vn 0.0035 -0.0375 -0.9993
vn -0.0184 0.4667 -0.8842
vn -0.0350 0.8458 -0.5323
vn -0.0423 0.9984 -0.0379
vn -0.0382 0.8836 0.4667
vn -0.0239 0.5322 0.8463
vn -0.0032 0.0382 0.9993
vn 0.0184 -0.4662 0.8845
vn 0.0350 -0.8456 0.5326
vn 0.0423 -0.9984 0.0380
vn 0.0382 -0.8835 -0.4669
vn 0.0239 -0.5317 -0.8466
vn 0.0032 -0.0375 -0.9993
vn -0.0166 0.4668 -0.8842
vn -0.0315 0.8460 -0.5323
vn -0.0380 0.9986 -0.0379
vn -0.0344 0.8838 0.4667
vn -0.0215 0.5323 0.8463
vn -0.0028 0.0382 0.9993
vn 0.0166 -0.4662 0.8845
vn 0.0315 -0.8457 0.5327
vn 0.0380 -0.9986 0.0379
vn 0.0344 -0.8836 -0.4669
vn 0.0215 -0.5318 -0.8466
vn 0.0028 -0.0375 -0.9993
vn -0.0147 0.4669 -0.8842
vn -0.0279 0.8461 -0.5323
vn -0.0336 0.9987 -0.0379
vn -0.0303 0.8839 0.4667
vn -0.0189 0.5324 0.8463
vn -0.0025 0.0382 0.9993
vn 0.0146 -0.4663 0.8845
vn 0.0278 -0.8459 0.5327
vn 0.0336 -0.9987 0.0379
vn 0.0303 -0.8838 -0.4669
vn 0.0189 -0.5319 -0.8466
vn 0.0025 -0.0375 -0.9993
vn -0.0126 0.4670 -0.8842
vn -0.0240 0.8462 -0.5323
vn -0.0289 0.9989 -0.0379
vn -0.0261 0.8841 0.4667
vn -0.0163 0.5325 0.8463
vn -0.0021 0.0383 0.9993
vn 0.0126 -0.4663 0.8845
vn 0.0240 -0.8460 0.5327
vn 0.0289 -0.9989 0.0379
vn 0.0261 -0.8839 -0.4670
vn 0.0163 -0.5319 -0.8466
vn 0.0021 -0.0375 -0.9993
vn -0.0105 0.4670 -0.8842
vn -0.0200 0.8463 -0.5323
vn -0.0241 0.9990 -0.0379
vn -0.0217 0.8842 0.4667
vn -0.0136 0.5326 0.8463
vn -0.0018 0.0383 0.9993
vn 0.0105 -0.4664 0.8845
vn 0.0200 -0.8461 0.5327
vn 0.0241 -0.9990 0.0379
vn 0.0217 -0.8840 -0.4670
vn 0.0136 -0.5320 -0.8466
vn 0.0017 -0.0375 -0.9993
vn -0.0084 0.4671 -0.8842
vn -0.0159 0.8464 -0.5323
vn -0.0191 0.9991 -0.0379
vn -0.0173 0.8843 0.4667
vn -0.0108 0.5326 0.8463
vn -0.0014 0.0383 0.9993
vn 0.0084 -0.4664 0.8845
vn 0.0159 -0.8462 0.5327
vn 0.0191 -0.9991 0.0379
vn 0.0173 -0.8841 -0.4670
vn 0.0107 -0.5321 -0.8466
vn 0.0014 -0.0375 -0.9993
vn -0.0062 0.4671 -0.8842
vn -0.0117 0.8465 -0.5323
vn -0.0140 0.9992 -0.0379
vn -0.0127 0.8843 0.4667
vn -0.0079 0.5327 0.8463
vn -0.0010 0.0383 0.9993
vn 0.0062 -0.4664 0.8845
vn 0.0117 -0.8462 0.5327
vn 0.0140 -0.9992 0.0379
vn 0.0127 -0.8842 -0.4670
vn 0.0079 -0.5321 -0.8466
vn 0.0010 -0.0375 -0.9993
vn -0.0039 0.4671 -0.8842
vn -0.0074 0.8466 -0.5323
vn -0.0089 0.9992 -0.0379
vn -0.0080 0.8844 0.4667
vn -0.0050 0.5327 0.8463
vn -0.0006 0.0383 0.9993
vn 0.0039 -0.4665 0.8845
vn 0.0074 -0.8463 0.5327
vn 0.0089 -0.9992 0.0379
vn 0.0080 -0.8842 -0.4670
vn 0.0050 -0.5321 -0.8466
vn 0.0006 -0.0375 -0.9993
vn -0.0016 0.4672 -0.8842
vn -0.0031 0.8466 -0.5323
vn -0.0037 0.9993 -0.0379
vn -0.0033 0.8844 0.4667
vn -0.0020 0.5328 0.8463
vn -0.0002 0.0383 0.9993
vn 0.0016 -0.4665 0.8845
vn 0.0031 -0.8463 0.5327
vn 0.0037 -0.9993 0.0379
vn 0.0033 -0.8843 -0.4670
vn 0.0020 -0.5322 -0.8466
vn 0.0002 -0.0375 -0.9993
vn 0.0006 0.4672 -0.8842
vn 0.0012 0.8466 -0.5323
vn 0.0015 0.9993 -0.0379
vn 0.0014 0.8844 0.4667
vn 0.0009 0.5328 0.8463
vn 0.0001 0.0383 0.9993
vn -0.0006 -0.4665 0.8845
vn -0.0012 -0.8463 0.5327
vn -0.0015 -0.9993 0.0379
vn -0.0014 -0.8843 -0.4670
vn -0.0009 -0.5322 -0.8466
vn -0.0001 -0.0375 -0.9993
vn 0.0028 0.4671 -0.8842
vn 0.0055 0.8466 -0.5323
vn 0.0066 0.9993 -0.0379
vn 0.0060 0.8844 0.4667
vn 0.0038 0.5327 0.8463
vn 0.0005 0.0383 0.9993
vn -0.0028 -0.4665 0.8845
vn -0.0055 -0.8463 0.5327
vn -0.0066 -0.9993 0.0379
vn -0.0060 -0.8842 -0.4670
vn -0.0038 -0.5322 -0.8466
vn -0.0005 -0.0375 -0.9993
vn 0.0050 0.4671 -0.8842
vn 0.0096 0.8465 -0.5323
vn 0.0116 0.9992 -0.0379
vn 0.0105 0.8844 0.4667
vn 0.0066 0.5327 0.8463
vn 0.0009 0.0383 0.9993
vn -0.0050 -0.4665 0.8845
vn -0.0096 -0.8463 0.5327
vn -0.0116 -0.9992 0.0379
vn -0.0105 -0.8842 -0.4670
vn -0.0066 -0.5321 -0.8466
vn -0.0009 -0.0375 -0.9993
vn 0.0072 0.4671 -0.8842
vn 0.0137 0.8465 -0.5323
vn 0.0165 0.9991 -0.0379
vn 0.0149 0.8843 0.4667
vn 0.0094 0.5327 0.8463
vn 0.0013 0.0383 0.9993
vn -0.0071 -0.4664 0.8845
vn -0.0137 -0.8462 0.5327
vn -0.0165 -0.9991 0.0379
vn -0.0149 -0.8841 -0.4670
vn -0.0094 -0.5321 -0.8466
vn -0.0013 -0.0375 -0.9993
vn 0.0092 0.4670 -0.8842
vn 0.0176 0.8464 -0.5323
vn 0.0212 0.9991 -0.0379
vn 0.0192 0.8842 0.4667
vn 0.0120 0.5326 0.8463
vn 0.0016 0.0383 0.9993
vn -0.0092 -0.4664 0.8845
vn -0.0176 -0.8462 0.5326
vn -0.0212 -0.9991 0.0379
vn -0.0192 -0.8841 -0.4670
vn -0.0120 -0.5321 -0.8466
vn -0.0016 -0.0375 -0.9993
vn 0.0111 0.4670 -0.8842
vn 0.0213 0.8463 -0.5323
vn 0.0257 0.9990 -0.0379
vn 0.0233 0.8841 0.4667
vn 0.0146 0.5325 0.8463
vn 0.0020 0.0382 0.9993
vn -0.0111 -0.4664 0.8845
vn -0.0213 -0.8461 0.5326
vn -0.0257 -0.9989 0.0379
vn -0.0233 -0.8840 -0.4669
vn -0.0146 -0.5320 -0.8466
vn -0.0020 -0.0375 -0.9993
vn 0.0130 0.4669 -0.8842
vn 0.0248 0.8462 -0.5323
vn 0.0300 0.9988 -0.0379
vn 0.0272 0.8840 0.4667
vn 0.0171 0.5324 0.8463
vn 0.0024 0.0382 0.9993
vn -0.0130 -0.4664 0.8845
vn -0.0248 -0.8460 0.5326
vn -0.0300 -0.9988 0.0379
vn -0.0272 -0.8839 -0.4669
vn -0.0170 -0.5320 -0.8466
vn -0.0023 -0.0375 -0.9993
vn 0.0147 0.4668 -0.8842
vn 0.0282 0.8461 -0.5323
vn 0.0341 0.9987 -0.0379
vn 0.0309 0.8839 0.4667
vn 0.0194 0.5324 0.8463
vn 0.0027 0.0382 0.9993
vn -0.0147 -0.4663 0.8845
vn -0.0282 -0.8459 0.5326
vn -0.0341 -0.9987 0.0379
vn -0.0309 -0.8838 -0.4669
vn -0.0194 -0.5319 -0.8466
vn -0.0027 -0.0375 -0.9993
vn 0.0164 0.4668 -0.8842
vn 0.0313 0.8460 -0.5323
vn 0.0379 0.9986 -0.0379
vn 0.0344 0.8838 0.4667
vn 0.0216 0.5323 0.8463
vn 0.0030 0.0381 0.9993
vn -0.0163 -0.4663 0.8845
vn -0.0313 -0.8458 0.5326
vn -0.0379 -0.9986 0.0380
vn -0.0344 -0.8836 -0.4669
vn -0.0216 -0.5318 -0.8466
vn -0.0030 -0.0375 -0.9993
vn 0.0179 0.4667 -0.8842
vn 0.0343 0.8458 -0.5323
vn 0.0415 0.9984 -0.0379
vn 0.0376 0.8836 0.4667
vn 0.0237 0.5322 0.8463
vn 0.0034 0.0381 0.9993
vn -0.0179 -0.4662 0.8845
vn -0.0343 -0.8457 0.5326
vn -0.0415 -0.9984 0.0380
vn -0.0376 -0.8835 -0.4669
vn -0.0237 -0.5318 -0.8466
vn -0.0033 -0.0375 -0.9993
vn 0.0193 0.4666 -0.8843
vn 0.0371 0.8457 -0.5324
vn 0.0449 0.9983 -0.0379
vn 0.0407 0.8835 0.4667
vn 0.0256 0.5321 0.8463
vn 0.0037 0.0381 0.9993
vn -0.0193 -0.4662 0.8845
vn -0.0371 -0.8455 0.5326
vn -0.0449 -0.9983 0.0380
vn -0.0407 -0.8834 -0.4669
vn -0.0256 -0.5317 -0.8465
vn -0.0036 -0.0375 -0.9993
vn 0.0206 0.4665 -0.8843
vn 0.0397 0.8456 -0.5324
vn 0.0481 0.9981 -0.0379
vn 0.0436 0.8833 0.4667
vn 0.0275 0.5320 0.8463
vn 0.0040 0.0380 0.9993
vn -0.0206 -0.4661 0.8845
vn -0.0396 -0.8454 0.5326
vn -0.0481 -0.9981 0.0380
vn -0.0436 -0.8832 -0.4669
vn -0.0275 -0.5316 -0.8465
vn -0.0040 -0.0375 -0.9993
vn 0.0217 0.4665 -0.8843
vn 0.0420 0.8455 -0.5324
vn 0.0510 0.9980 -0.0379
vn 0.0464 0.8832 0.4667
vn 0.0294 0.5318 0.8463
vn 0.0045 0.0380 0.9993
vn -0.0216 -0.4661 0.8845
vn -0.0419 -0.8453 0.5326
vn -0.0510 -0.9980 0.0380
vn -0.0464 -0.8831 -0.4668
vn -0.0294 -0.5316 -0.8465
vn -0.0044 -0.0375 -0.9993
vn 0.0219 0.4665 -0.8843
vn 0.0436 0.8454 -0.5323
vn 0.0537 0.9978 -0.0378
vn 0.0493 0.8830 0.4668
vn 0.0318 0.5317 0.8464
vn 0.0058 0.0379 0.9993
vn -0.0219 -0.4660 0.8845
vn -0.0436 -0.8452 0.5327
vn -0.0537 -0.9978 0.0381
vn -0.0494 -0.8830 -0.4667
vn -0.0318 -0.5315 -0.8465
vn -0.0057 -0.0375 -0.9993
vn 0.0204 0.4666 -0.8842
vn 0.0441 0.8455 -0.5322
vn 0.0560 0.9977 -0.0376
vn 0.0529 0.8827 0.4669
vn 0.0356 0.5313 0.8464
vn 0.0088 0.0377 0.9993
vn -0.0204 -0.4661 0.8845
vn -0.0441 -0.8451 0.5328
vn -0.0560 -0.9977 0.0383
vn -0.0529 -0.8829 -0.4666
vn -0.0356 -0.5314 -0.8464
vn -0.0088 -0.0374 -0.9993
vn 0.0165 0.4669 -0.8841
vn 0.0429 0.8456 -0.5320
vn 0.0579 0.9976 -0.0374
vn 0.0573 0.8824 0.4671
vn 0.0414 0.5309 0.8464
vn 0.0144 0.0374 0.9992
vn -0.0165 -0.4662 0.8845
vn -0.0429 -0.8450 0.5330
vn -0.0579 -0.9976 0.0386
vn -0.0573 -0.8828 -0.4663
vn -0.0414 -0.5312 -0.8463
vn -0.0144 -0.0371 -0.9992
vn 0.0095 0.4675 -0.8840
vn 0.0397 0.8460 -0.5318
vn 0.0593 0.9975 -0.0371
vn 0.0630 0.8819 0.4672
vn 0.0498 0.5302 0.8464
vn 0.0233 0.0368 0.9991
vn -0.0094 -0.4665 0.8845
vn -0.0396 -0.8451 0.5331
vn -0.0593 -0.9975 0.0389
vn -0.0630 -0.8826 -0.4660
vn -0.0499 -0.5308 -0.8460
vn -0.0233 -0.0366 -0.9991
vn -0.0013 0.4682 -0.8836
vn 0.0341 0.8465 -0.5313
vn 0.0603 0.9975 -0.0368
vn 0.0703 0.8813 0.4673
vn 0.0615 0.5293 0.8462
vn 0.0363 0.0359 0.9987
vn 0.0014 -0.4671 0.8842
vn -0.0339 -0.8453 0.5332
vn -0.0602 -0.9974 0.0393
vn -0.0703 -0.8823 -0.4655
vn -0.0616 -0.5303 -0.8456
vn -0.0363 -0.0358 -0.9987
vn -0.0163 0.4693 -0.8829
vn 0.0257 0.8472 -0.5307
vn 0.0608 0.9975 -0.0364
vn 0.0795 0.8805 0.4673
vn 0.0770 0.5282 0.8456
vn 0.0540 0.0348 0.9979
vn 0.0165 -0.4678 0.8837
vn -0.0254 -0.8456 0.5331
vn -0.0606 -0.9974 0.0397
vn -0.0795 -0.8819 -0.4647
vn -0.0771 -0.5295 -0.8448
vn -0.0539 -0.0348 -0.9979
vn -0.0363 0.4708 -0.8815
vn 0.0141 0.8481 -0.5296
vn 0.0607 0.9975 -0.0359
vn 0.0910 0.8796 0.4669
vn 0.0969 0.5267 0.8445
vn 0.0770 0.0333 0.9965
vn 0.0365 -0.4689 0.8825
vn -0.0604 -0.9974 0.0402
vn -0.0908 -0.8814 -0.4636
vn -0.0970 -0.5285 -0.8434
vn -0.0770 -0.0334 -0.9965
vn -0.0619 0.4726 -0.8791
vn -0.0010 0.8493 -0.5279
vn 0.0601 0.9976 -0.0353
vn 0.1051 0.8785 0.4661
vn 0.1219 0.5248 0.8425
vn 0.1062 0.0314 0.9938
vn 0.0622 -0.4704 0.8803
vn 0.0016 -0.8469 0.5317
vn -0.0595 -0.9974 0.0407
vn -0.1047 -0.8807 -0.4619
vn -0.1219 -0.5272 -0.8410
vn -0.1062 -0.0316 -0.9938
vn -0.0939 0.4749 -0.8750
vn -0.0201 0.8508 -0.5251
vn 0.0589 0.9977 -0.0345
vn 0.1221 0.8771 0.4645
vn 0.1526 0.5225 0.8389
vn 0.1424 0.0290 0.9894
vn 0.0943 -0.4722 0.8764
vn 0.0210 -0.8479 0.5298
vn -0.0580 -0.9975 0.0411
vn -0.1215 -0.8799 -0.4594
vn -0.1525 -0.5256 -0.8370
vn -0.1424 -0.0293 -0.9894
vn -0.1330 0.4777 -0.8684
vn -0.0437 0.8526 -0.5207
vn 0.0572 0.9978 -0.0335
vn 0.1426 0.8755 0.4617
vn 0.1899 0.5198 0.8329
vn 0.1865 0.0261 0.9821
vn 0.1336 -0.4744 0.8701
vn 0.0450 -0.8491 0.5263
vn -0.0557 -0.9976 0.0415
vn -0.1416 -0.8789 -0.4555
vn -0.1896 -0.5235 -0.8306
vn -0.1865 -0.0265 -0.9821
vn -0.1801 0.4810 -0.8580
vn -0.0723 0.8548 -0.5139
vn 0.0548 0.9980 -0.0321
vn 0.1670 0.8736 0.4571
vn 0.2344 0.5166 0.8235
vn 0.2395 0.0227 0.9706
vn 0.1809 -0.4771 0.8600
vn 0.0742 -0.8506 0.5206
vn -0.0525 -0.9978 0.0416
vn -0.1654 -0.8778 -0.4496
vn -0.2339 -0.5211 -0.8208
vn -0.2394 -0.0233 -0.9706
vn -0.2359 0.4848 -0.8422
vn -0.1062 0.8573 -0.5037
vn 0.0519 0.9982 -0.0303
vn 0.1956 0.8714 0.4499
vn 0.2869 0.5129 0.8091
vn 0.3020 0.0188 0.9531
vn 0.2370 -0.4802 0.8445
vn 0.1090 -0.8523 0.5116
vn -0.0483 -0.9980 0.0414
vn -0.1931 -0.8764 -0.4411
vn -0.2861 -0.5184 -0.8059
vn -0.3019 -0.0195 -0.9531
vn -0.3006 0.4891 -0.8188
vn -0.1456 0.8602 -0.4888
vn 0.0483 0.9984 -0.0279
vn 0.2287 0.8690 0.4389
vn 0.3477 0.5087 0.7876
vn 0.3745 0.0143 0.9271
vn 0.3022 -0.4838 0.8214
vn 0.1496 -0.8543 0.4978
vn -0.0431 -0.9982 0.0407
vn -0.2249 -0.8750 -0.4288
vn -0.3465 -0.5152 -0.7839
vn -0.3744 -0.0152 -0.9272
vn -0.3740 0.4938 -0.7850
vn -0.1903 0.8633 -0.4675
vn 0.0442 0.9987 -0.0248
vn 0.2660 0.8663 0.4228
vn 0.4165 0.5041 0.7566
vn 0.4565 0.0094 0.8897
vn 0.3760 -0.4877 0.7879
vn 0.1959 -0.8565 0.4775
vn -0.0369 -0.9986 0.0391
vn -0.2606 -0.8734 -0.4115
vn -0.4146 -0.5118 -0.7524
vn -0.4564 -0.0105 -0.8897
vn -0.4543 0.4987 -0.7382
vn -0.2392 0.8665 -0.4382
vn 0.0397 0.9990 -0.0210
vn 0.3069 0.8636 0.4001
vn 0.4916 0.4995 0.7133
vn 0.5462 0.0044 0.8376
vn 0.4569 -0.4917 0.7413
vn 0.2467 -0.8588 0.4489
vn -0.0298 -0.9989 0.0362
vn -0.2994 -0.8717 -0.3880
vn -0.4890 -0.5082 -0.7089
vn -0.5461 -0.0056 -0.8377
vn -0.5383 0.5034 -0.6759
vn -0.2904 0.8695 -0.3995
vn 0.0350 0.9993 -0.0162
vn 0.3495 0.8610 0.3695
vn 0.5701 0.4950 0.6557
vn 0.6399 -0.0005 0.7684
vn 0.5414 -0.4957 0.6791
vn 0.3000 -0.8611 0.4104
vn -0.0221 -0.9993 0.0317
vn -0.3397 -0.8701 -0.3573
vn -0.5666 -0.5048 -0.6513
vn -0.6398 -0.0009 -0.7685
vn -0.6209 0.5074 -0.5974
vn -0.3408 0.8721 -0.3510
vn 0.0302 0.9995 -0.0107
vn 0.3913 0.8588 0.3307
vn 0.6472 0.4912 0.5830
vn 0.7321 -0.0047 0.6812
vn 0.6247 -0.4992 0.6005
vn 0.3525 -0.8632 0.3614
vn -0.0144 -0.9996 0.0255
vn -0.3792 -0.8686 -0.3190
vn -0.6430 -0.5017 -0.5787
vn -0.7321 0.0032 -0.6812
vn -0.6965 0.5104 -0.5044
vn -0.3871 0.8740 -0.2937
vn 0.0256 0.9997 -0.0045
vn 0.4293 0.8572 0.2843
vn 0.7175 0.4884 0.4966
vn 0.8162 -0.0079 0.5777
vn 0.7007 -0.5019 0.5071
vn 0.4004 -0.8649 0.3029
vn -0.0074 -0.9998 0.0174
vn -0.4153 -0.8674 -0.2742
vn -0.7126 -0.4992 -0.4929
vn -0.8162 0.0063 -0.5777
vn -0.7596 0.5119 -0.4012
vn -0.4259 0.8749 -0.2303
vn 0.0214 0.9998 0.0021
vn 0.4607 0.8565 0.2328
vn 0.7761 0.4869 0.4008
vn 0.8864 -0.0097 0.4629
vn 0.7640 -0.5036 0.4034
vn 0.4401 -0.8659 0.2376
vn -0.0019 -1.0000 0.0081
vn -0.4456 -0.8665 -0.2248
vn -0.7707 -0.4977 -0.3978
vn -0.8864 0.0081 -0.4628
vn -0.8071 0.5120 -0.2940
vn -0.4555 0.8749 -0.1645
vn 0.0178 0.9998 0.0090
vn 0.4840 0.8565 0.1792
vn 0.8199 0.4869 0.3012
vn 0.9391 -0.0100 0.3436
vn 0.8114 -0.5041 0.2957
vn 0.4697 -0.8664 0.1698
vn 0.0019 -1.0000 -0.0018
vn -0.4687 -0.8661 -0.1736
vn -0.8145 -0.4971 -0.2992
vn -0.9391 0.0085 -0.3435
vn -0.8386 0.5109 -0.1891
vn -0.4754 0.8741 -0.1000
vn 0.0148 0.9998 0.0158
vn 0.4989 0.8573 0.1269
vn 0.8487 0.4880 0.2039
vn 0.9739 -0.0091 0.2270
vn 0.8427 -0.5037 0.1903
vn 0.4889 -0.8662 0.1033
vn 0.0039 -0.9999 -0.0114
vn -0.4843 -0.8661 -0.1236
vn -0.8435 -0.4974 -0.2027
vn -0.9739 0.0077 -0.2269
vn -0.8560 0.5089 -0.0914
vn -0.4867 0.8726 -0.0398
vn 0.0126 0.9997 0.0224
vn 0.5066 0.8586 0.0784
vn 0.8643 0.4900 0.1134
vn 0.9929 -0.0072 0.1184
vn 0.8597 -0.5024 0.0921
vn 0.4990 -0.8656 0.0415
vn 0.0044 -0.9998 -0.0203
vn -0.4934 -0.8664 -0.0769
vn -0.8596 -0.4984 -0.1129
vn -0.9930 0.0060 -0.1183
vn -0.8607 0.5071 -0.0448
vn -0.4905 0.8714 -0.0111
vn 0.0114 0.9996 0.0256
vn 0.5085 0.8593 0.0553
vn 0.8684 0.4909 0.0702
vn 0.9978 -0.0061 0.0665
vn 0.8641 -0.5012 0.0453
vn 0.5016 -0.8650 0.0120
vn 0.0040 -0.9997 -0.0246
vn -0.4965 -0.8663 -0.0547
vn -0.8641 -0.4984 -0.0700
vn -0.9978 0.0050 -0.0665
vt 0.818182 0.000000
vt 0.636364 0.000000
vt 0.727273 0.000000
vt 0.545455 0.000000
vt 0.909091 0.000000
vt 0.454545 0.000000
vt 1.000000 0.000000
vt 0.363636 0.000000
vt 0.000000 0.000000
vt 0.272727 0.000000
vt 0.090909 0.000000
vt 0.181818 0.000000
vt 0.000000 1.000000
vt 0.014085 1.000000
vt 0.014085 0.916667
vt 0.000000 0.916667
vt 0.000000 0.083333
vt 0.014085 0.083333
vt 0.014085 0.000000
vt 0.000000 0.166667
vt 0.014085 0.166667
vt 0.000000 0.250000
vt 0.014085 0.250000
vt 0.000000 0.333333
vt 0.014085 0.333333
vt 0.000000 0.416667
vt 0.014085 0.416667
vt 0.000000 0.500000
vt 0.014085 0.500000
vt 0.000000 0.583333
vt 0.014085 0.583333
vt 0.000000 0.666667
vt 0.014085 0.666667
vt 0.000000 0.750000
vt 0.014085 0.750000
vt 0.000000 0.833333
vt 0.014085 0.833333
vt 0.028169 1.000000
vt 0.028169 0.916667
vt 0.028169 0.083333
vt 0.028169 0.000000
vt 0.028169 0.166667
vt 0.028169 0.250000
vt 0.028169 0.333333
vt 0.028169 0.416667
vt 0.028169 0.500000
vt 0.028169 0.583333
vt 0.028169 0.666667
vt 0.028169 0.750000
vt 0.028169 0.833333
vt 0.042254 1.000000
vt 0.042254 0.916667
vt 0.042254 0.083333
vt 0.042254 0.000000
vt 0.042254 0.166667
vt 0.042254 0.250000
vt 0.042254 0.333333
vt 0.042254 0.416667
vt 0.042254 0.500000
vt 0.042254 0.583333
vt 0.042254 0.666667
vt 0.042254 0.750000
vt 0.042254 0.833333
vt 0.056338 1.000000
vt 0.056338 0.916667
vt 0.056338 0.083333
vt 0.056338 0.000000
vt 0.056338 0.166667
vt 0.056338 0.250000
vt 0.056338 0.333333
vt 0.056338 0.416667
vt 0.056338 0.500000
vt 0.056338 0.583333
vt 0.056338 0.666667
vt 0.056338 0.750000
vt 0.056338 0.833333
vt 0.070423 1.000000
vt 0.070423 0.916667
vt 0.070423 0.083333
vt 0.070423 0.000000
vt 0.070423 0.166667
vt 0.070423 0.250000
vt 0.070423 0.333333
vt 0.070423 0.416667
vt 0.070423 0.500000
vt 0.070423 0.583333
vt 0.070423 0.666667
vt 0.070423 0.750000
vt 0.070423 0.833333
vt 0.084507 1.000000
vt 0.084507 0.916667
vt 0.084507 0.083333
vt 0.084507 0.000000
vt 0.084507 0.166667
vt 0.084507 0.250000
vt 0.084507 0.333333
vt 0.084507 0.416667
vt 0.084507 0.500000
vt 0.084507 0.583333
vt 0.084507 0.666667
vt 0.084507 0.750000
vt 0.084507 0.833333
vt 0.098592 1.000000
vt 0.098592 0.916667
vt 0.098592 0.083333
vt 0.098592 0.000000
vt 0.098592 0.166667
vt 0.098592 0.250000
vt 0.098592 0.333333
vt 0.098592 0.416667
vt 0.098592 0.500000
vt 0.098592 0.583333
vt 0.098592 0.666667
vt 0.098592 0.750000
vt 0.098592 0.833333
vt 0.112676 1.000000
vt 0.112676 0.916667
vt 0.112676 0.083333
vt 0.112676 0.000000
vt 0.112676 0.166667
vt 0.112676 0.250000
vt 0.112676 0.333333
vt 0.112676 0.416667
vt 0.112676 0.500000
vt 0.112676 0.583333
vt 0.112676 0.666667
vt 0.112676 0.750000
vt 0.112676 0.833333
vt 0.126761 1.000000
vt 0.126761 0.916667
vt 0.126761 0.083333
vt 0.126761 0.000000
vt 0.126761 0.166667
vt 0.126761 0.250000
vt 0.126761 0.333333
vt 0.126761 0.416667
vt 0.126761 0.500000
vt 0.126761 0.583333
vt 0.126761 0.666667
vt 0.126761 0.750000
vt 0.126761 0.833333
vt 0.140845 1.000000
vt 0.140845 0.916667
vt 0.140845 0.083333
vt 0.140845 0.000000
vt 0.140845 0.166667
vt 0.140845 0.250000
vt 0.140845 0.333333
vt 0.140845 0.416667
vt 0.140845 0.500000
vt 0.140845 0.583333
vt 0.140845 0.666667
vt 0.140845 0.750000
vt 0.140845 0.833333
vt 0.154930 1.000000
vt 0.154930 0.916667
vt 0.154930 0.083333
vt 0.154930 0.000000
vt 0.154930 0.166667
vt 0.154930 0.250000
vt 0.154930 0.333333
vt 0.154930 0.416667
vt 0.154930 0.500000
vt 0.154930 0.583333
vt 0.154930 0.666667
vt 0.154930 0.750000
vt 0.154930 0.833333
vt 0.169014 1.000000
vt 0.169014 0.916667
vt 0.169014 0.083333
vt 0.169014 0.000000
vt 0.169014 0.166667
vt 0.169014 0.250000
vt 0.169014 0.333333
vt 0.169014 0.416667
vt 0.169014 0.500000
vt 0.169014 0.583333
vt 0.169014 0.666667
vt 0.169014 0.750000
vt 0.169014 0.833333
vt 0.183099 1.000000
vt 0.183099 0.916667
vt 0.183099 0.083333
vt 0.183099 0.000000
vt 0.183099 0.166667
vt 0.183099 0.250000
vt 0.183099 0.333333
vt 0.183099 0.416667
vt 0.183099 0.500000
vt 0.183099 0.583333
vt 0.183099 0.666667
vt 0.183099 0.750000
vt 0.183099 0.833333
vt 0.197183 1.000000
vt 0.197183 0.916667
vt 0.197183 0.083333
vt 0.197183 0.000000
vt 0.197183 0.166667
vt 0.197183 0.250000
vt 0.197183 0.333333
vt 0.197183 0.416667
vt 0.197183 0.500000
vt 0.197183 0.583333
vt 0.197183 0.666667
vt 0.197183 0.750000
vt 0.197183 0.833333
vt 0.211268 1.000000
vt 0.211268 0.916667
vt 0.211268 0.083333
vt 0.211268 0.000000
vt 0.211268 0.166667
vt 0.211268 0.250000
vt 0.211268 0.333333
vt 0.211268 0.416667
vt 0.211268 0.500000
vt 0.211268 0.583333
vt 0.211268 0.666667
vt 0.211268 0.750000
vt 0.211268 0.833333
vt 0.225352 1.000000
vt 0.225352 0.916667
vt 0.225352 0.083333
vt 0.225352 0.000000
vt 0.225352 0.166667
vt 0.225352 0.250000
vt 0.225352 0.333333
vt 0.225352 0.416667
vt 0.225352 0.500000
vt 0.225352 0.583333
vt 0.225352 0.666667
vt 0.225352 0.750000
vt 0.225352 0.833333
vt 0.239437 1.000000
vt 0.239437 0.916667
vt 0.239437 0.083333
vt 0.239437 0.000000
vt 0.239437 0.166667
vt 0.239437 0.250000
vt 0.239437 0.333333
vt 0.239437 0.416667
vt 0.239437 0.500000
vt 0.239437 0.583333
vt 0.239437 0.666667
vt 0.239437 0.750000
vt 0.239437 0.833333
vt 0.253521 1.000000
vt 0.253521 0.916667
vt 0.253521 0.083333
vt 0.253521 0.000000
vt 0.253521 0.166667
vt 0.253521 0.250000
vt 0.253521 0.333333
vt 0.253521 0.416667
vt 0.253521 0.500000
vt 0.253521 0.583333
vt 0.253521 0.666667
vt 0.253521 0.750000
vt 0.253521 0.833333
vt 0.267606 1.000000
vt 0.267606 0.916667
vt 0.267606 0.083333
vt 0.267606 0.000000
vt 0.267606 0.166667
vt 0.267606 0.250000
vt 0.267606 0.333333
vt 0.267606 0.416667
vt 0.267606 0.500000
vt 0.267606 0.583333
vt 0.267606 0.666667
vt 0.267606 0.750000
vt 0.267606 0.833333
vt 0.281690 1.000000
vt 0.281690 0.916667
vt 0.281690 0.083333
vt 0.281690 0.000000
vt 0.281690 0.166667
vt 0.281690 0.250000
vt 0.281690 0.333333
vt 0.281690 0.416667
vt 0.281690 0.500000
vt 0.281690 0.583333
vt 0.281690 0.666667
vt 0.281690 0.750000
vt 0.281690 0.833333
vt 0.295775 1.000000
vt 0.295775 0.916667
vt 0.295775 0.083333
vt 0.295775 0.000000
vt 0.295775 0.166667
vt 0.295775 0.250000
vt 0.295775 0.333333
vt 0.295775 0.416667
vt 0.295775 0.500000
vt 0.295775 0.583333
vt 0.295775 0.666667
vt 0.295775 0.750000
vt 0.295775 0.833333
vt 0.309859 1.000000
vt 0.309859 0.916667
vt 0.309859 0.083333
vt 0.309859 0.000000
vt 0.309859 0.166667
vt 0.309859 0.250000
vt 0.309859 0.333333
vt 0.309859 0.416667
vt 0.309859 0.500000
vt 0.309859 0.583333
vt 0.309859 0.666667
vt 0.309859 0.750000
vt 0.309859 0.833333
vt 0.323944 1.000000
vt 0.323944 0.916667
vt 0.323944 0.083333
vt 0.323944 0.000000
vt 0.323944 0.166667
vt 0.323944 0.250000
vt 0.323944 0.333333
vt 0.323944 0.416667
vt 0.323944 0.500000
vt 0.323944 0.583333
vt 0.323944 0.666667
vt 0.323944 0.750000
vt 0.323944 0.833333
vt 0.338028 1.000000
vt 0.338028 0.916667
vt 0.338028 0.083333
vt 0.338028 0.000000
vt 0.338028 0.166667
vt 0.338028 0.250000
vt 0.338028 0.333333
vt 0.338028 0.416667
vt 0.338028 0.500000
vt 0.338028 0.583333
vt 0.338028 0.666667
vt 0.338028 0.750000
vt 0.338028 0.833333
vt 0.352113 1.000000
vt 0.352113 0.916667
vt 0.352113 0.083333
vt 0.352113 0.000000
vt 0.352113 0.166667
vt 0.352113 0.250000
vt 0.352113 0.333333
vt 0.352113 0.416667
vt 0.352113 0.500000
vt 0.352113 0.583333
vt 0.352113 0.666667
vt 0.352113 0.750000
vt 0.352113 0.833333
vt 0.366197 1.000000
vt 0.366197 0.916667
vt 0.366197 0.083333
vt 0.366197 0.000000
vt 0.366197 0.166667
vt 0.366197 0.250000
vt 0.366197 0.333333
vt 0.366197 0.416667
vt 0.366197 0.500000
vt 0.366197 0.583333
vt 0.366197 0.666667
vt 0.366197 0.750000
vt 0.366197 0.833333
vt 0.380282 1.000000
vt 0.380282 0.916667
vt 0.380282 0.083333
vt 0.380282 0.000000
vt 0.380282 0.166667
vt 0.380282 0.250000
vt 0.380282 0.333333
vt 0.380282 0.416667
vt 0.380282 0.500000
vt 0.380282 0.583333
vt 0.380282 0.666667
vt 0.380282 0.750000
vt 0.380282 0.833333
vt 0.394366 1.000000
vt 0.394366 0.916667
vt 0.394366 0.083333
vt 0.394366 0.000000
vt 0.394366 0.166667
vt 0.394366 0.250000
vt 0.394366 0.333333
vt 0.394366 0.416667
vt 0.394366 0.500000
vt 0.394366 0.583333
vt 0.394366 0.666667
vt 0.394366 0.750000
vt 0.394366 0.833333
vt 0.408451 1.000000
vt 0.408451 0.916667
vt 0.408451 0.083333
vt 0.408451 0.000000
vt 0.408451 0.166667
vt 0.408451 0.250000
vt 0.408451 0.333333
vt 0.408451 0.416667
vt 0.408451 0.500000
vt 0.408451 0.583333
vt 0.408451 0.666667
vt 0.408451 0.750000
vt 0.408451 0.833333
vt 0.422535 1.000000
vt 0.422535 0.916667
vt 0.422535 0.083333
vt 0.422535 0.000000
vt 0.422535 0.166667
vt 0.422535 0.250000
vt 0.422535 0.333333
vt 0.422535 0.416667
vt 0.422535 0.500000
vt 0.422535 0.583333
vt 0.422535 0.666667
vt 0.422535 0.750000
vt 0.422535 0.833333
vt 0.436620 1.000000
vt 0.436620 0.916667
vt 0.436620 0.083333
vt 0.436620 0.000000
vt 0.436620 0.166667
vt 0.436620 0.250000
vt 0.436620 0.333333
vt 0.436620 0.416667
vt 0.436620 0.500000
vt 0.436620 0.583333
vt 0.436620 0.666667
vt 0.436620 0.750000
vt 0.436620 0.833333
vt 0.450704 1.000000
vt 0.450704 0.916667
vt 0.450704 0.083333
vt 0.450704 0.000000
vt 0.450704 0.166667
vt 0.450704 0.250000
vt 0.450704 0.333333
vt 0.450704 0.416667
vt 0.450704 0.500000
vt 0.450704 0.583333
vt 0.450704 0.666667
vt 0.450704 0.750000
vt 0.450704 0.833333
vt 0.464789 1.000000
vt 0.464789 0.916667
vt 0.464789 0.083333
vt 0.464789 0.000000
vt 0.464789 0.166667
vt 0.464789 0.250000
vt 0.464789 0.333333
vt 0.464789 0.416667
vt 0.464789 0.500000
vt 0.464789 0.583333
vt 0.464789 0.666667
vt 0.464789 0.750000
vt 0.464789 0.833333
vt 0.478873 1.000000
vt 0.478873 0.916667
vt 0.478873 0.083333
vt 0.478873 0.000000
vt 0.478873 0.166667
vt 0.478873 0.250000
vt 0.478873 0.333333
vt 0.478873 0.416667
vt 0.478873 0.500000
vt 0.478873 0.583333
vt 0.478873 0.666667
vt 0.478873 0.750000
vt 0.478873 0.833333
vt 0.492958 1.000000
vt 0.492958 0.916667
vt 0.492958 0.083333
vt 0.492958 0.000000
vt 0.492958 0.166667
vt 0.492958 0.250000
vt 0.492958 0.333333
vt 0.492958 0.416667
vt 0.492958 0.500000
vt 0.492958 0.583333
vt 0.492958 0.666667
vt 0.492958 0.750000
vt 0.492958 0.833333
vt 0.507042 1.000000
vt 0.507042 0.916667
vt 0.507042 0.083333
vt 0.507042 0.000000
vt 0.507042 0.166667
vt 0.507042 0.250000
vt 0.507042 0.333333
vt 0.507042 0.416667
vt 0.507042 0.500000
vt 0.507042 0.583333
vt 0.507042 0.666667
vt 0.507042 0.750000
vt 0.507042 0.833333
vt 0.521127 1.000000
vt 0.521127 0.916667
vt 0.521127 0.083333
vt 0.521127 0.000000
vt 0.521127 0.166667
vt 0.521127 0.250000
vt 0.521127 0.333333
vt 0.521127 0.416667
vt 0.521127 0.500000
vt 0.521127 0.583333
vt 0.521127 0.666667
vt 0.521127 0.750000
vt 0.521127 0.833333
vt 0.535211 1.000000
vt 0.535211 0.916667
vt 0.535211 0.083333
vt 0.535211 0.000000
vt 0.535211 0.166667
vt 0.535211 0.250000
vt 0.535211 0.333333
vt 0.535211 0.416667
vt 0.535211 0.500000
vt 0.535211 0.583333
vt 0.535211 0.666667
vt 0.535211 0.750000
vt 0.535211 0.833333
vt 0.549296 1.000000
vt 0.549296 0.916667
vt 0.549296 0.083333
vt 0.549296 0.000000
vt 0.549296 0.166667
vt 0.549296 0.250000
vt 0.549296 0.333333
vt 0.549296 0.416667
vt 0.549296 0.500000
vt 0.549296 0.583333
vt 0.549296 0.666667
vt 0.549296 0.750000
vt 0.549296 0.833333
vt 0.563380 1.000000
vt 0.563380 0.916667
vt 0.563380 0.083333
vt 0.563380 0.000000
vt 0.563380 0.166667
vt 0.563380 0.250000
vt 0.563380 0.333333
vt 0.563380 0.416667
vt 0.563380 0.500000
vt 0.563380 0.583333
vt 0.563380 0.666667
vt 0.563380 0.750000
vt 0.563380 0.833333
vt 0.577465 1.000000
vt 0.577465 0.916667
vt 0.577465 0.083333
vt 0.577465 0.000000
vt 0.577465 0.166667
vt 0.577465 0.250000
vt 0.577465 0.333333
vt 0.577465 0.416667
vt 0.577465 0.500000
vt 0.577465 0.583333
vt 0.577465 0.666667
vt 0.577465 0.750000
vt 0.577465 0.833333
vt 0.591549 1.000000
vt 0.591549 0.916667
vt 0.591549 0.083333
vt 0.591549 0.000000
vt 0.591549 0.166667
vt 0.591549 0.250000
vt 0.591549 0.333333
vt 0.591549 0.416667
vt 0.591549 0.500000
vt 0.591549 0.583333
vt 0.591549 0.666667
vt 0.591549 0.750000
vt 0.591549 0.833333
vt 0.605634 1.000000
vt 0.605634 0.916667
vt 0.605634 0.083333
vt 0.605634 0.000000
vt 0.605634 0.166667
vt 0.605634 0.250000
vt 0.605634 0.333333
vt 0.605634 0.416667
vt 0.605634 0.500000
vt 0.605634 0.583333
vt 0.605634 0.666667
vt 0.605634 0.750000
vt 0.605634 0.833333
vt 0.619718 1.000000
vt 0.619718 0.916667
vt 0.619718 0.083333
vt 0.619718 0.000000
vt 0.619718 0.166667
vt 0.619718 0.250000
vt 0.619718 0.333333
vt 0.619718 0.416667
vt 0.619718 0.500000
vt 0.619718 0.583333
vt 0.619718 0.666667
vt 0.619718 0.750000
vt 0.619718 0.833333
vt 0.633803 1.000000
vt 0.633803 0.916667
vt 0.633803 0.083333
vt 0.633803 0.000000
vt 0.633803 0.166667
vt 0.633803 0.250000
vt 0.633803 0.333333
vt 0.633803 0.416667
vt 0.633803 0.500000
vt 0.633803 0.583333
vt 0.633803 0.666667
vt 0.633803 0.750000
vt 0.633803 0.833333
vt 0.647887 1.000000
vt 0.647887 0.916667
vt 0.647887 0.083333
vt 0.647887 0.000000
vt 0.647887 0.166667
vt 0.647887 0.250000
vt 0.647887 0.333333
vt 0.647887 0.416667
vt 0.647887 0.500000
vt 0.647887 0.583333
vt 0.647887 0.666667
vt 0.647887 0.750000
vt 0.647887 0.833333
vt 0.661972 1.000000
vt 0.661972 0.916667
vt 0.661972 0.083333
vt 0.661972 0.000000
vt 0.661972 0.166667
vt 0.661972 0.250000
vt 0.661972 0.333333
vt 0.661972 0.416667
vt 0.661972 0.500000
vt 0.661972 0.583333
vt 0.661972 0.666667
vt 0.661972 0.750000
vt 0.661972 0.833333
vt 0.676056 1.000000
vt 0.676056 0.916667
vt 0.676056 0.083333
vt 0.676056 0.000000
vt 0.676056 0.166667
vt 0.676056 0.250000
vt 0.676056 0.333333
vt 0.676056 0.416667
vt 0.676056 0.500000
vt 0.676056 0.583333
vt 0.676056 0.666667
vt 0.676056 0.750000
vt 0.676056 0.833333
vt 0.690141 1.000000
vt 0.690141 0.916667
vt 0.690141 0.083333
vt 0.690141 0.000000
vt 0.690141 0.166667
vt 0.690141 0.250000
vt 0.690141 0.333333
vt 0.690141 0.416667
vt 0.690141 0.500000
vt 0.690141 0.583333
vt 0.690141 0.666667
vt 0.690141 0.750000
vt 0.690141 0.833333
vt 0.704225 1.000000
vt 0.704225 0.916667
vt 0.704225 0.083333
vt 0.704225 0.000000
vt 0.704225 0.166667
vt 0.704225 0.250000
vt 0.704225 0.333333
vt 0.704225 0.416667
vt 0.704225 0.500000
vt 0.704225 0.583333
vt 0.704225 0.666667
vt 0.704225 0.750000
vt 0.704225 0.833333
vt 0.718310 1.000000
vt 0.718310 0.916667
vt 0.718310 0.083333
vt 0.718310 0.000000
vt 0.718310 0.166667
vt 0.718310 0.250000
vt 0.718310 0.333333
vt 0.718310 0.416667
vt 0.718310 0.500000
vt 0.718310 0.583333
vt 0.718310 0.666667
vt 0.718310 0.750000
vt 0.718310 0.833333
vt 0.732394 1.000000
vt 0.732394 0.916667
vt 0.732394 0.083333
vt 0.732394 0.000000
vt 0.732394 0.166667
vt 0.732394 0.250000
vt 0.732394 0.333333
vt 0.732394 0.416667
vt 0.732394 0.500000
vt 0.732394 0.583333
vt 0.732394 0.666667
vt 0.732394 0.750000
vt 0.732394 0.833333
vt 0.746479 1.000000
vt 0.746479 0.916667
vt 0.746479 0.083333
vt 0.746479 0.000000
vt 0.746479 0.166667
vt 0.746479 0.250000
vt 0.746479 0.333333
vt 0.746479 0.416667
vt 0.746479 0.500000
vt 0.746479 0.583333
vt 0.746479 0.666667
vt 0.746479 0.750000
vt 0.746479 0.833333
vt 0.760563 1.000000
vt 0.760563 0.916667
vt 0.760563 0.083333
vt 0.760563 0.000000
vt 0.760563 0.166667
vt 0.760563 0.250000
vt 0.760563 0.333333
vt 0.760563 0.416667
vt 0.760563 0.500000
vt 0.760563 0.583333
vt 0.760563 0.666667
vt 0.760563 0.750000
vt 0.760563 0.833333
vt 0.774648 1.000000
vt 0.774648 0.916667
vt 0.774648 0.083333
vt 0.774648 0.000000
vt 0.774648 0.166667
vt 0.774648 0.250000
vt 0.774648 0.333333
vt 0.774648 0.416667
vt 0.774648 0.500000
vt 0.774648 0.583333
vt 0.774648 0.666667
vt 0.774648 0.750000
vt 0.774648 0.833333
vt 0.788732 1.000000
vt 0.788732 0.916667
vt 0.788732 0.083333
vt 0.788732 0.000000
vt 0.788732 0.166667
vt 0.788732 0.250000
vt 0.788732 0.333333
vt 0.788732 0.416667
vt 0.788732 0.500000
vt 0.788732 0.583333
vt 0.788732 0.666667
vt 0.788732 0.750000
vt 0.788732 0.833333
vt 0.802817 1.000000
vt 0.802817 0.916667
vt 0.802817 0.083333
vt 0.802817 0.000000
vt 0.802817 0.166667
vt 0.802817 0.250000
vt 0.802817 0.333333
vt 0.802817 0.416667
vt 0.802817 0.500000
vt 0.802817 0.583333
vt 0.802817 0.666667
vt 0.802817 0.750000
vt 0.802817 0.833333
vt 0.816901 1.000000
vt 0.816901 0.916667
vt 0.816901 0.083333
vt 0.816901 0.000000
vt 0.816901 0.166667
vt 0.816901 0.250000
vt 0.816901 0.333333
vt 0.816901 0.416667
vt 0.816901 0.500000
vt 0.816901 0.583333
vt 0.816901 0.666667
vt 0.816901 0.750000
vt 0.816901 0.833333
vt 0.830986 1.000000
vt 0.830986 0.916667
vt 0.830986 0.083333
vt 0.830986 0.000000
vt 0.830986 0.166667
vt 0.830986 0.250000
vt 0.830986 0.333333
vt 0.830986 0.416667
vt 0.830986 0.500000
vt 0.830986 0.583333
vt 0.830986 0.666667
vt 0.830986 0.750000
vt 0.830986 0.833333
vt 0.845070 1.000000
vt 0.845070 0.916667
vt 0.845070 0.083333
vt 0.845070 0.000000
vt 0.845070 0.166667
vt 0.845070 0.250000
vt 0.845070 0.333333
vt 0.845070 0.416667
vt 0.845070 0.500000
vt 0.845070 0.583333
vt 0.845070 0.666667
vt 0.845070 0.750000
vt 0.845070 0.833333
vt 0.859155 1.000000
vt 0.859155 0.916667
vt 0.859155 0.083333
vt 0.859155 0.000000
vt 0.859155 0.166667
vt 0.859155 0.250000
vt 0.859155 0.333333
vt 0.859155 0.416667
vt 0.859155 0.500000
vt 0.859155 0.583333
vt 0.859155 0.666667
vt 0.859155 0.750000
vt 0.859155 0.833333
vt 0.873239 1.000000
vt 0.873239 0.916667
vt 0.873239 0.083333
vt 0.873239 0.000000
vt 0.873239 0.166667
vt 0.873239 0.250000
vt 0.873239 0.333333
vt 0.873239 0.416667
vt 0.873239 0.500000
vt 0.873239 0.583333
vt 0.873239 0.666667
vt 0.873239 0.750000
vt 0.873239 0.833333
vt 0.887324 1.000000
vt 0.887324 0.916667
vt 0.887324 0.083333
vt 0.887324 0.000000
vt 0.887324 0.166667
vt 0.887324 0.250000
vt 0.887324 0.333333
vt 0.887324 0.416667
vt 0.887324 0.500000
vt 0.887324 0.583333
vt 0.887324 0.666667
vt 0.887324 0.750000
vt 0.887324 0.833333
vt 0.901408 1.000000
vt 0.901408 0.916667
vt 0.901408 0.083333
vt 0.901408 0.000000
vt 0.901408 0.166667
vt 0.901408 0.250000
vt 0.901408 0.333333
vt 0.901408 0.416667
vt 0.901408 0.500000
vt 0.901408 0.583333
vt 0.901408 0.666667
vt 0.901408 0.750000
vt 0.901408 0.833333
vt 0.915493 1.000000
vt 0.915493 0.916667
vt 0.915493 0.083333
vt 0.915493 0.000000
vt 0.915493 0.166667
vt 0.915493 0.250000
vt 0.915493 0.333333
vt 0.915493 0.416667
vt 0.915493 0.500000
vt 0.915493 0.583333
vt 0.915493 0.666667
vt 0.915493 0.750000
vt 0.915493 0.833333
vt 0.929577 1.000000
vt 0.929577 0.916667
vt 0.929577 0.083333
vt 0.929577 0.000000
vt 0.929577 0.166667
vt 0.929577 0.250000
vt 0.929577 0.333333
vt 0.929577 0.416667
vt 0.929577 0.500000
vt 0.929577 0.583333
vt 0.929577 0.666667
vt 0.929577 0.750000
vt 0.929577 0.833333
vt 0.943662 1.000000
vt 0.943662 0.916667
vt 0.943662 0.083333
vt 0.943662 0.000000
vt 0.943662 0.166667
vt 0.943662 0.250000
vt 0.943662 0.333333
vt 0.943662 0.416667
vt 0.943662 0.500000
vt 0.943662 0.583333
vt 0.943662 0.666667
vt 0.943662 0.750000
vt 0.943662 0.833333
vt 0.957747 1.000000
vt 0.957747 0.916667
vt 0.957747 0.083333
vt 0.957747 0.000000
vt 0.957747 0.166667
vt 0.957747 0.250000
vt 0.957747 0.333333
vt 0.957747 0.416667
vt 0.957747 0.500000
vt 0.957747 0.583333
vt 0.957747 0.666667
vt 0.957747 0.750000
vt 0.957747 0.833333
vt 0.971831 1.000000
vt 0.971831 0.916667
vt 0.971831 0.083333
vt 0.971831 0.000000
vt 0.971831 0.166667
vt 0.971831 0.250000
vt 0.971831 0.333333
vt 0.971831 0.416667
vt 0.971831 0.500000
vt 0.971831 0.583333
vt 0.971831 0.666667
vt 0.971831 0.750000
vt 0.971831 0.833333
vt 0.985915 1.000000
vt 0.985915 0.916667
vt 0.985915 0.083333
vt 0.985915 0.000000
vt 0.985915 0.166667
vt 0.985915 0.250000
vt 0.985915 0.333333
vt 0.985915 0.416667
vt 0.985915 0.500000
vt 0.985915 0.583333
vt 0.985915 0.666667
vt 0.985915 0.750000
vt 0.985915 0.833333
vt 1.000000 1.000000
vt 1.000000 0.916667
vt 1.000000 0.083333
vt 1.000000 0.166667
vt 1.000000 0.250000
vt 1.000000 0.333333
vt 1.000000 0.416667
vt 1.000000 0.500000
vt 1.000000 0.583333
vt 1.000000 0.666667
vt 1.000000 0.750000
vt 1.000000 0.833333
s 1
f 794/965/441 792/966/441 793/967/441
f 794/965/441 791/968/441 792/966/441
f 795/969/441 791/968/441 794/965/441
f 795/969/441 790/970/441 791/968/441
f 796/971/441 790/970/441 795/969/441
f 796/971/441 789/972/441 790/970/441
f 785/973/441 789/972/441 796/971/441
f 785/973/441 788/974/441 789/972/441
f 786/975/441 788/974/441 785/973/441
f 786/975/441 787/976/441 788/974/441
f 804/966/442 806/965/442 805/967/442
f 803/968/442 806/965/442 804/966/442
f 803/968/442 807/969/442 806/965/442
f 802/970/442 807/969/442 803/968/442
f 802/970/442 808/971/442 807/969/442
f 801/972/442 808/971/442 802/970/442
f 801/972/442 797/973/442 808/971/442
f 800/974/442 797/973/442 801/972/442
f 800/974/442 798/975/442 797/973/442
f 799/976/442 798/975/442 800/974/442
f 809/977/443 821/978/455 832/979/466 820/980/454
f 810/981/444 822/982/456 821/983/455 809/973/443
f 811/984/445 823/985/457 822/982/456 810/981/444
f 812/986/446 824/987/458 823/985/457 811/984/445
f 813/988/447 825/989/459 824/987/458 812/986/446
f 814/990/448 826/991/460 825/989/459 813/988/447
f 815/992/449 827/993/461 826/991/460 814/990/448
f 816/994/450 828/995/462 827/993/461 815/992/449
f 817/996/451 829/997/463 828/995/462 816/994/450
f 818/998/452 830/999/464 829/997/463 817/996/451
f 819/1000/453 831/1001/465 830/999/464 818/998/452
f 820/980/454 832/979/466 831/1001/465 819/1000/453
f 821/978/455 833/1002/467 844/1003/478 832/979/466
f 822/982/456 834/1004/468 833/1005/467 821/983/455
f 823/985/457 835/1006/469 834/1004/468 822/982/456
f 824/987/458 836/1007/470 835/1006/469 823/985/457
f 825/989/459 837/1008/471 836/1007/470 824/987/458
f 826/991/460 838/1009/472 837/1008/471 825/989/459
f 827/993/461 839/1010/473 838/1009/472 826/991/460
f 828/995/462 840/1011/474 839/1010/473 827/993/461
f 829/997/463 841/1012/475 840/1011/474 828/995/462
f 830/999/464 842/1013/476 841/1012/475 829/997/463
f 831/1001/465 843/1014/477 842/1013/476 830/999/464
f 832/979/466 844/1003/478 843/1014/477 831/1001/465
f 833/1002/467 845/1015/479 856/1016/490 844/1003/478
f 834/1004/468 846/1017/480 845/1018/479 833/1005/467
f 835/1006/469 847/1019/481 846/1017/480 834/1004/468
f 836/1007/470 848/1020/482 847/1019/481 835/1006/469
f 837/1008/471 849/1021/483 848/1020/482 836/1007/470
f 838/1009/472 850/1022/484 849/1021/483 837/1008/471
f 839/1010/473 851/1023/485 850/1022/484 838/1009/472
f 840/1011/474 852/1024/486 851/1023/485 839/1010/473
f 841/1012/475 853/1025/487 852/1024/486 840/1011/474
f 842/1013/476 854/1026/488 853/1025/487 841/1012/475
f 843/1014/477 855/1027/489 854/1026/488 842/1013/476
f 844/1003/478 856/1016/490 855/1027/489 843/1014/477
f 845/1015/479 857/1028/491 868/1029/502 856/1016/490
f 846/1017/480 858/1030/492 857/1031/491 845/1018/479
f 847/1019/481 859/1032/493 858/1030/492 846/1017/480
f 848/1020/482 860/1033/494 859/1032/493 847/1019/481
f 849/1021/483 861/1034/495 860/1033/494 848/1020/482
f 850/1022/484 862/1035/496 861/1034/495 849/1021/483
f 851/1023/485 863/1036/497 862/1035/496 850/1022/484
f 852/1024/486 864/1037/498 863/1036/497 851/1023/485
f 853/1025/487 865/1038/499 864/1037/498 852/1024/486
f 854/1026/488 866/1039/500 865/1038/499 853/1025/487
f 855/1027/489 867/1040/501 866/1039/500 854/1026/488
f 856/1016/490 868/1029/502 867/1040/501 855/1027/489
f 857/1028/491 869/1041/503 880/1042/514 868/1029/502
f 858/1030/492 870/1043/504 869/1044/503 857/1031/491
f 859/1032/493 871/1045/505 870/1043/504 858/1030/492
f 860/1033/494 872/1046/506 871/1045/505 859/1032/493
f 861/1034/495 873/1047/507 872/1046/506 860/1033/494
f 862/1035/496 874/1048/508 873/1047/507 861/1034/495
f 863/1036/497 875/1049/509 874/1048/508 862/1035/496
f 864/1037/498 876/1050/510 875/1049/509 863/1036/497
f 865/1038/499 877/1051/511 876/1050/510 864/1037/498
f 866/1039/500 878/1052/512 877/1051/511 865/1038/499
f 867/1040/501 879/1053/513 878/1052/512 866/1039/500
f 868/1029/502 880/1042/514 879/1053/513 867/1040/501
f 869/1041/503 881/1054/515 892/1055/526 880/1042/514
f 870/1043/504 882/1056/516 881/1057/515 869/1044/503
f 871/1045/505 883/1058/517 882/1056/516 870/1043/504
f 872/1046/506 884/1059/518 883/1058/517 871/1045/505
f 873/1047/507 885/1060/519 884/1059/518 872/1046/506
f 874/1048/508 886/1061/520 885/1060/519 873/1047/507
f 875/1049/509 887/1062/521 886/1061/520 874/1048/508
f 876/1050/510 888/1063/522 887/1062/521 875/1049/509
f 877/1051/511 889/1064/523 888/1063/522 876/1050/510
f 878/1052/512 890/1065/524 889/1064/523 877/1051/511
f 879/1053/513 891/1066/525 890/1065/524 878/1052/512
f 880/1042/514 892/1055/526 891/1066/525 879/1053/513
f 881/1054/515 893/1067/527 904/1068/538 892/1055/526
f 882/1056/516 894/1069/528 893/1070/527 881/1057/515
f 883/1058/517 895/1071/529 894/1069/528 882/1056/516
f 884/1059/518 896/1072/530 895/1071/529 883/1058/517
f 885/1060/519 897/1073/531 896/1072/530 884/1059/518
f 886/1061/520 898/1074/532 897/1073/531 885/1060/519
f 887/1062/521 899/1075/533 898/1074/532 886/1061/520
f 888/1063/522 900/1076/534 899/1075/533 887/1062/521
f 889/1064/523 901/1077/535 900/1076/534 888/1063/522
f 890/1065/524 902/1078/536 901/1077/535 889/1064/523
f 891/1066/525 903/1079/537 902/1078/536 890/1065/524
f 892/1055/526 904/1068/538 903/1079/537 891/1066/525
f 893/1067/527 905/1080/539 916/1081/550 904/1068/538
f 894/1069/528 906/1082/540 905/1083/539 893/1070/527
f 895/1071/529 907/1084/541 906/1082/540 894/1069/528
f 896/1072/530 908/1085/542 907/1084/541 895/1071/529
f 897/1073/531 909/1086/543 908/1085/542 896/1072/530
f 898/1074/532 910/1087/544 909/1086/543 897/1073/531
f 899/1075/533 911/1088/545 910/1087/544 898/1074/532
f 900/1076/534 912/1089/546 911/1088/545 899/1075/533
f 901/1077/535 913/1090/547 912/1089/546 900/1076/534
f 902/1078/536 914/1091/548 913/1090/547 901/1077/535
f 903/1079/537 915/1092/549 914/1091/548 902/1078/536
f 904/1068/538 916/1081/550 915/1092/549 903/1079/537
f 905/1080/539 917/1093/551 928/1094/562 916/1081/550
f 906/1082/540 918/1095/552 917/1096/551 905/1083/539
f 907/1084/541 919/1097/553 918/1095/552 906/1082/540
f 908/1085/542 920/1098/554 919/1097/553 907/1084/541
f 909/1086/543 921/1099/555 920/1098/554 908/1085/542
f 910/1087/544 922/1100/556 921/1099/555 909/1086/543
f 911/1088/545 923/1101/557 922/1100/556 910/1087/544
f 912/1089/546 924/1102/558 923/1101/557 911/1088/545
f 913/1090/547 925/1103/559 924/1102/558 912/1089/546
f 914/1091/548 926/1104/560 925/1103/559 913/1090/547
f 915/1092/549 927/1105/561 926/1104/560 914/1091/548
f 916/1081/550 928/1094/562 927/1105/561 915/1092/549
f 917/1093/551 929/1106/563 940/1107/574 928/1094/562
f 918/1095/552 930/1108/564 929/1109/563 917/1096/551
f 919/1097/553 931/1110/565 930/1108/564 918/1095/552
f 920/1098/554 932/1111/566 931/1110/565 919/1097/553
f 921/1099/555 933/1112/567 932/1111/566 920/1098/554
f 922/1100/556 934/1113/568 933/1112/567 921/1099/555
f 923/1101/557 935/1114/569 934/1113/568 922/1100/556
f 924/1102/558 936/1115/570 935/1114/569 923/1101/557
f 925/1103/559 937/1116/571 936/1115/570 924/1102/558
f 926/1104/560 938/1117/572 937/1116/571 925/1103/559
f 927/1105/561 939/1118/573 938/1117/572 926/1104/560
f 928/1094/562 940/1107/574 939/1118/573 927/1105/561
f 929/1106/563 941/1119/575 952/1120/586 940/1107/574
f 930/1108/564 942/1121/576 941/1122/575 929/1109/563
f 931/1110/565 943/1123/577 942/1121/576 930/1108/564
f 932/1111/566 944/1124/578 943/1123/577 931/1110/565
f 933/1112/567 945/1125/579 944/1124/578 932/1111/566
f 934/1113/568 946/1126/580 945/1125/579 933/1112/567
f 935/1114/569 947/1127/581 946/1126/580 934/1113/568
f 936/1115/570 948/1128/582 947/1127/581 935/1114/569
f 937/1116/571 949/1129/583 948/1128/582 936/1115/570
f 938/1117/572 950/1130/584 949/1129/583 937/1116/571
f 939/1118/573 951/1131/585 950/1130/584 938/1117/572
f 940/1107/574 952/1120/586 951/1131/585 939/1118/573
f 941/1119/575 953/1132/587 964/1133/598 952/1120/586
f 942/1121/576 954/1134/588 953/1135/587 941/1122/575
f 943/1123/577 955/1136/589 954/1134/588 942/1121/576
f 944/1124/578 956/1137/590 955/1136/589 943/1123/577
f 945/1125/579 957/1138/591 956/1137/590 944/1124/578
f 946/1126/580 958/1139/592 957/1138/591 945/1125/579
f 947/1127/581 959/1140/593 958/1139/592 946/1126/580
f 948/1128/582 960/1141/594 959/1140/593 947/1127/581
f 949/1129/583 961/1142/595 960/1141/594 948/1128/582
f 950/1130/584 962/1143/596 961/1142/595 949/1129/583
f 951/1131/585 963/1144/597 962/1143/596 950/1130/584
f 952/1120/586 964/1133/598 963/1144/597 951/1131/585
f 953/1132/587 965/1145/599 976/1146/610 964/1133/598
f 954/1134/588 966/1147/600 965/1148/599 953/1135/587
f 955/1136/589 967/1149/601 966/1147/600 954/1134/588
f 956/1137/590 968/1150/602 967/1149/601 955/1136/589
f 957/1138/591 969/1151/603 968/1150/602 956/1137/590
f 958/1139/592 970/1152/604 969/1151/603 957/1138/591
f 959/1140/593 971/1153/605 970/1152/604 958/1139/592
f 960/1141/594 972/1154/606 971/1153/605 959/1140/593
f 961/1142/595 973/1155/607 972/1154/606 960/1141/594
f 962/1143/596 974/1156/608 973/1155/607 961/1142/595
f 963/1144/597 975/1157/609 974/1156/608 962/1143/596
f 964/1133/598 976/1146/610 975/1157/609 963/1144/597
f 965/1145/599 977/1158/611 988/1159/622 976/1146/610
f 966/1147/600 978/1160/612 977/1161/611 965/1148/599
f 967/1149/601 979/1162/613 978/1160/612 966/1147/600
f 968/1150/602 980/1163/614 979/1162/613 967/1149/601
f 969/1151/603 981/1164/615 980/1163/614 968/1150/602
f 970/1152/604 982/1165/616 981/1164/615 969/1151/603
f 971/1153/605 983/1166/617 982/1165/616 970/1152/604
f 972/1154/606 984/1167/618 983/1166/617 971/1153/605
f 973/1155/607 985/1168/619 984/1167/618 972/1154/606
f 974/1156/608 986/1169/620 985/1168/619 973/1155/607
f 975/1157/609 987/1170/621 986/1169/620 974/1156/608
f 976/1146/610 988/1159/622 987/1170/621 975/1157/609
f 977/1158/611 989/1171/623 1000/1172/634 988/1159/622
f 978/1160/612 990/1173/624 989/1174/623 977/1161/611
f 979/1162/613 991/1175/625 990/1173/624 978/1160/612
f 980/1163/614 992/1176/626 991/1175/625 979/1162/613
f 981/1164/615 993/1177/627 992/1176/626 980/1163/614
f 982/1165/616 994/1178/628 993/1177/627 981/1164/615
f 983/1166/617 995/1179/629 994/1178/628 982/1165/616
f 984/1167/618 996/1180/630 995/1179/629 983/1166/617
f 985/1168/619 997/1181/631 996/1180/630 984/1167/618
f 986/1169/620 998/1182/632 997/1181/631 985/1168/619
f 987/1170/621 999/1183/633 998/1182/632 986/1169/620
f 988/1159/622 1000/1172/634 999/1183/633 987/1170/621
f 989/1171/623 1001/1184/635 1012/1185/646 1000/1172/634
f 990/1173/624 1002/1186/636 1001/1187/635 989/1174/623
f 991/1175/625 1003/1188/637 1002/1186/636 990/1173/624
f 992/1176/626 1004/1189/638 1003/1188/637 991/1175/625
f 993/1177/627 1005/1190/639 1004/1189/638 992/1176/626
f 994/1178/628 1006/1191/640 1005/1190/639 993/1177/627
f 995/1179/629 1007/1192/641 1006/1191/640 994/1178/628
f 996/1180/630 1008/1193/642 1007/1192/641 995/1179/629
f 997/1181/631 1009/1194/643 1008/1193/642 996/1180/630
f 998/1182/632 1010/1195/644 1009/1194/643 997/1181/631
f 999/1183/633 1011/1196/645 1010/1195/644 998/1182/632
f 1000/1172/634 1012/1185/646 1011/1196/645 999/1183/633
f 1001/1184/635 1013/1197/647 1024/1198/658 1012/1185/646
f 1002/1186/636 1014/1199/648 1013/1200/647 1001/1187/635
f 1003/1188/637 1015/1201/649 1014/1199/648 1002/1186/636
f 1004/1189/638 1016/1202/650 1015/1201/649 1003/1188/637
f 1005/1190/639 1017/1203/651 1016/1202/650 1004/1189/638
f 1006/1191/640 1018/1204/652 1017/1203/651 1005/1190/639
f 1007/1192/641 1019/1205/653 1018/1204/652 1006/1191/640
f 1008/1193/642 1020/1206/654 1019/1205/653 1007/1192/641
f 1009/1194/643 1021/1207/655 1020/1206/654 1008/1193/642
f 1010/1195/644 1022/1208/656 1021/1207/655 1009/1194/643
f 1011/1196/645 1023/1209/657 1022/1208/656 1010/1195/644
f 1012/1185/646 1024/1198/658 1023/1209/657 1011/1196/645
f 1013/1197/647 1025/1210/659 1036/1211/670 1024/1198/658
f 1014/1199/648 1026/1212/660 1025/1213/659 1013/1200/647
f 1015/1201/649 1027/1214/661 1026/1212/660 1014/1199/648
f 1016/1202/650 1028/1215/662 1027/1214/661 1015/1201/649
f 1017/1203/651 1029/1216/663 1028/1215/662 1016/1202/650
f 1018/1204/652 1030/1217/664 1029/1216/663 1017/1203/651
f 1019/1205/653 1031/1218/665 1030/1217/664 1018/1204/652
f 1020/1206/654 1032/1219/666 1031/1218/665 1019/1205/653
f 1021/1207/655 1033/1220/667 1032/1219/666 1020/1206/654
f 1022/1208/656 1034/1221/668 1033/1220/667 1021/1207/655
f 1023/1209/657 1035/1222/669 1034/1221/668 1022/1208/656
f 1024/1198/658 1036/1211/670 1035/1222/669 1023/1209/657
f 1025/1210/659 1037/1223/671 1048/1224/682 1036/1211/670
f 1026/1212/660 1038/1225/672 1037/1226/671 1025/1213/659
f 1027/1214/661 1039/1227/673 1038/1225/672 1026/1212/660
f 1028/1215/662 1040/1228/674 1039/1227/673 1027/1214/661
f 1029/1216/663 1041/1229/675 1040/1228/674 1028/1215/662
f 1030/1217/664 1042/1230/676 1041/1229/675 1029/1216/663
f 1031/1218/665 1043/1231/677 1042/1230/676 1030/1217/664
f 1032/1219/666 1044/1232/678 1043/1231/677 1031/1218/665
f 1033/1220/667 1045/1233/679 1044/1232/678 1032/1219/666
f 1034/1221/668 1046/1234/680 1045/1233/679 1033/1220/667
f 1035/1222/669 1047/1235/681 1046/1234/680 1034/1221/668
f 1036/1211/670 1048/1224/682 1047/1235/681 1035/1222/669
f 1037/1223/671 1049/1236/683 1060/1237/694 1048/1224/682
f 1038/1225/672 1050/1238/684 1049/1239/683 1037/1226/671
f 1039/1227/673 1051/1240/685 1050/1238/684 1038/1225/672
f 1040/1228/674 1052/1241/686 1051/1240/685 1039/1227/673
f 1041/1229/675 1053/1242/687 1052/1241/686 1040/1228/674
f 1042/1230/676 1054/1243/688 1053/1242/687 1041/1229/675
f 1043/1231/677 1055/1244/689 1054/1243/688 1042/1230/676
f 1044/1232/678 1056/1245/690 1055/1244/689 1043/1231/677
f 1045/1233/679 1057/1246/691 1056/1245/690 1044/1232/678
f 1046/1234/680 1058/1247/692 1057/1246/691 1045/1233/679
f 1047/1235/681 1059/1248/693 1058/1247/692 1046/1234/680
f 1048/1224/682 1060/1237/694 1059/1248/693 1047/1235/681
f 1049/1236/683 1061/1249/695 1072/1250/706 1060/1237/694
f 1050/1238/684 1062/1251/696 1061/1252/695 1049/1239/683
f 1051/1240/685 1063/1253/697 1062/1251/696 1050/1238/684
f 1052/1241/686 1064/1254/698 1063/1253/697 1051/1240/685
f 1053/1242/687 1065/1255/699 1064/1254/698 1052/1241/686
f 1054/1243/688 1066/1256/700 1065/1255/699 1053/1242/687
f 1055/1244/689 1067/1257/701 1066/1256/700 1054/1243/688
f 1056/1245/690 1068/1258/702 1067/1257/701 1055/1244/689
f 1057/1246/691 1069/1259/703 1068/1258/702 1056/1245/690
f 1058/1247/692 1070/1260/704 1069/1259/703 1057/1246/691
f 1059/1248/693 1071/1261/705 1070/1260/704 1058/1247/692
f 1060/1237/694 1072/1250/706 1071/1261/705 1059/1248/693
f 1061/1249/695 1073/1262/707 1084/1263/718 1072/1250/706
f 1062/1251/696 1074/1264/708 1073/1265/707 1061/1252/695
f 1063/1253/697 1075/1266/709 1074/1264/708 1062/1251/696
f 1064/1254/698 1076/1267/710 1075/1266/709 1063/1253/697
f 1065/1255/699 1077/1268/711 1076/1267/710 1064/1254/698
f 1066/1256/700 1078/1269/712 1077/1268/711 1065/1255/699
f 1067/1257/701 1079/1270/713 1078/1269/712 1066/1256/700
f 1068/1258/702 1080/1271/714 1079/1270/713 1067/1257/701
f 1069/1259/703 1081/1272/715 1080/1271/714 1068/1258/702
f 1070/1260/704 1082/1273/716 1081/1272/715 1069/1259/703
f 1071/1261/705 1083/1274/717 1082/1273/716 1070/1260/704
f 1072/1250/706 1084/1263/718 1083/1274/717 1071/1261/705
f 1073/1262/707 1085/1275/719 1096/1276/730 1084/1263/718
f 1074/1264/708 1086/1277/720 1085/1278/719 1073/1265/707
f 1075/1266/709 1087/1279/721 1086/1277/720 1074/1264/708
f 1076/1267/710 1088/1280/722 1087/1279/721 1075/1266/709
f 1077/1268/711 1089/1281/723 1088/1280/722 1076/1267/710
f 1078/1269/712 1090/1282/724 1089/1281/723 1077/1268/711
f 1079/1270/713 1091/1283/725 1090/1282/724 1078/1269/712
f 1080/1271/714 1092/1284/726 1091/1283/725 1079/1270/713
f 1081/1272/715 1093/1285/727 1092/1284/726 1080/1271/714
f 1082/1273/716 1094/1286/728 1093/1285/727 1081/1272/715
f 1083/1274/717 1095/1287/729 1094/1286/728 1082/1273/716
f 1084/1263/718 1096/1276/730 1095/1287/729 1083/1274/717
f 1085/1275/719 1097/1288/731 1108/1289/742 1096/1276/730
f 1086/1277/720 1098/1290/732 1097/1291/731 1085/1278/719
f 1087/1279/721 1099/1292/733 1098/1290/732 1086/1277/720
f 1088/1280/722 1100/1293/734 1099/1292/733 1087/1279/721
f 1089/1281/723 1101/1294/735 1100/1293/734 1088/1280/722
f 1090/1282/724 1102/1295/736 1101/1294/735 1089/1281/723
f 1091/1283/725 1103/1296/737 1102/1295/736 1090/1282/724
f 1092/1284/726 1104/1297/738 1103/1296/737 1091/1283/725
f 1093/1285/727 1105/1298/739 1104/1297/738 1092/1284/726
f 1094/1286/728 1106/1299/740 1105/1298/739 1093/1285/727
f 1095/1287/729 1107/1300/741 1106/1299/740 1094/1286/728
f 1096/1276/730 1108/1289/742 1107/1300/741 1095/1287/729
f 1097/1288/731 1109/1301/743 1120/1302/754 1108/1289/742
f 1098/1290/732 1110/1303/744 1109/1304/743 1097/1291/731
f 1099/1292/733 1111/1305/745 1110/1303/744 1098/1290/732
f 1100/1293/734 1112/1306/746 1111/1305/745 1099/1292/733
f 1101/1294/735 1113/1307/747 1112/1306/746 1100/1293/734
f 1102/1295/736 1114/1308/748 1113/1307/747 1101/1294/735
f 1103/1296/737 1115/1309/749 1114/1308/748 1102/1295/736
f 1104/1297/738 1116/1310/750 1115/1309/749 1103/1296/737
f 1105/1298/739 1117/1311/751 1116/1310/750 1104/1297/738
f 1106/1299/740 1118/1312/752 1117/1311/751 1105/1298/739
f 1107/1300/741 1119/1313/753 1118/1312/752 1106/1299/740
f 1108/1289/742 1120/1302/754 1119/1313/753 1107/1300/741
f 1109/1301/743 1121/1314/755 1132/1315/766 1120/1302/754
f 1110/1303/744 1122/1316/756 1121/1317/755 1109/1304/743
f 1111/1305/745 1123/1318/757 1122/1316/756 1110/1303/744
f 1112/1306/746 1124/1319/758 1123/1318/757 1111/1305/745
f 1113/1307/747 1125/1320/759 1124/1319/758 1112/1306/746
f 1114/1308/748 1126/1321/760 1125/1320/759 1113/1307/747
f 1115/1309/749 1127/1322/761 1126/1321/760 1114/1308/748
f 1116/1310/750 1128/1323/762 1127/1322/761 1115/1309/749
f 1117/1311/751 1129/1324/763 1128/1323/762 1116/1310/750
f 1118/1312/752 1130/1325/764 1129/1324/763 1117/1311/751
f 1119/1313/753 1131/1326/765 1130/1325/764 1118/1312/752
f 1120/1302/754 1132/1315/766 1131/1326/765 1119/1313/753
f 1121/1314/755 1133/1327/767 1144/1328/778 1132/1315/766
f 1122/1316/756 1134/1329/768 1133/1330/767 1121/1317/755
f 1123/1318/757 1135/1331/769 1134/1329/768 1122/1316/756
f 1124/1319/758 1136/1332/770 1135/1331/769 1123/1318/757
f 1125/1320/759 1137/1333/771 1136/1332/770 1124/1319/758
f 1126/1321/760 1138/1334/772 1137/1333/771 1125/1320/759
f 1127/1322/761 1139/1335/773 1138/1334/772 1126/1321/760
f 1128/1323/762 1140/1336/774 1139/1335/773 1127/1322/761
f 1129/1324/763 1141/1337/775 1140/1336/774 1128/1323/762
f 1130/1325/764 1142/1338/776 1141/1337/775 1129/1324/763
f 1131/1326/765 1143/1339/777 1142/1338/776 1130/1325/764
f 1132/1315/766 1144/1328/778 1143/1339/777 1131/1326/765
f 1133/1327/767 1145/1340/779 1156/1341/790 1144/1328/778
f 1134/1329/768 1146/1342/780 1145/1343/779 1133/1330/767
f 1135/1331/769 1147/1344/781 1146/1342/780 1134/1329/768
f 1136/1332/770 1148/1345/782 1147/1344/781 1135/1331/769
f 1137/1333/771 1149/1346/783 1148/1345/782 1136/1332/770
f 1138/1334/772 1150/1347/784 1149/1346/783 1137/1333/771
f 1139/1335/773 1151/1348/785 1150/1347/784 1138/1334/772
f 1140/1336/774 1152/1349/786 1151/1348/785 1139/1335/773
f 1141/1337/775 1153/1350/787 1152/1349/786 1140/1336/774
f 1142/1338/776 1154/1351/788 1153/1350/787 1141/1337/775
f 1143/1339/777 1155/1352/789 1154/1351/788 1142/1338/776
f 1144/1328/778 1156/1341/790 1155/1352/789 1143/1339/777
f 1145/1340/779 1157/1353/791 1168/1354/802 1156/1341/790
f 1146/1342/780 1158/1355/792 1157/1356/791 1145/1343/779
f 1147/1344/781 1159/1357/793 1158/1355/792 1146/1342/780
f 1148/1345/782 1160/1358/794 1159/1357/793 1147/1344/781
f 1149/1346/783 1161/1359/795 1160/1358/794 1148/1345/782
f 1150/1347/784 1162/1360/796 1161/1359/795 1149/1346/783
f 1151/1348/785 1163/1361/797 1162/1360/796 1150/1347/784
f 1152/1349/786 1164/1362/798 1163/1361/797 1151/1348/785
f 1153/1350/787 1165/1363/799 1164/1362/798 1152/1349/786
f 1154/1351/788 1166/1364/800 1165/1363/799 1153/1350/787
f 1155/1352/789 1167/1365/801 1166/1364/800 1154/1351/788
f 1156/1341/790 1168/1354/802 1167/1365/801 1155/1352/789
f 1157/1353/791 1169/1366/803 1180/1367/814 1168/1354/802
f 1158/1355/792 1170/1368/804 1169/1369/803 1157/1356/791
f 1159/1357/793 1171/1370/805 1170/1368/804 1158/1355/792
f 1160/1358/794 1172/1371/806 1171/1370/805 1159/1357/793
f 1161/1359/795 1173/1372/807 1172/1371/806 1160/1358/794
f 1162/1360/796 1174/1373/808 1173/1372/807 1161/1359/795
f 1163/1361/797 1175/1374/809 1174/1373/808 1162/1360/796
f 1164/1362/798 1176/1375/810 1175/1374/809 1163/1361/797
f 1165/1363/799 1177/1376/811 1176/1375/810 1164/1362/798
f 1166/1364/800 1178/1377/812 1177/1376/811 1165/1363/799
f 1167/1365/801 1179/1378/813 1178/1377/812 1166/1364/800
f 1168/1354/802 1180/1367/814 1179/1378/813 1167/1365/801
f 1169/1366/803 1181/1379/815 1192/1380/826 1180/1367/814
f 1170/1368/804 1182/1381/816 1181/1382/815 1169/1369/803
f 1171/1370/805 1183/1383/817 1182/1381/816 1170/1368/804
f 1172/1371/806 1184/1384/818 1183/1383/817 1171/1370/805
f 1173/1372/807 1185/1385/819 1184/1384/818 1172/1371/806
f 1174/1373/808 1186/1386/820 1185/1385/819 1173/1372/807
f 1175/1374/809 1187/1387/821 1186/1386/820 1174/1373/808
f 1176/1375/810 1188/1388/822 1187/1387/821 1175/1374/809
f 1177/1376/811 1189/1389/823 1188/1388/822 1176/1375/810
f 1178/1377/812 1190/1390/824 1189/1389/823 1177/1376/811
f 1179/1378/813 1191/1391/825 1190/1390/824 1178/1377/812
f 1180/1367/814 1192/1380/826 1191/1391/825 1179/1378/813
f 1181/1379/815 1193/1392/827 1204/1393/838 1192/1380/826
f 1182/1381/816 1194/1394/828 1193/1395/827 1181/1382/815
f 1183/1383/817 1195/1396/829 1194/1394/828 1182/1381/816
f 1184/1384/818 1196/1397/830 1195/1396/829 1183/1383/817
f 1185/1385/819 1197/1398/831 1196/1397/830 1184/1384/818
f 1186/1386/820 1198/1399/832 1197/1398/831 1185/1385/819
f 1187/1387/821 1199/1400/833 1198/1399/832 1186/1386/820
f 1188/1388/822 1200/1401/834 1199/1400/833 1187/1387/821
f 1189/1389/823 1201/1402/835 1200/1401/834 1188/1388/822
f 1190/1390/824 1202/1403/836 1201/1402/835 1189/1389/823
f 1191/1391/825 1203/1404/837 1202/1403/836 1190/1390/824
f 1192/1380/826 1204/1393/838 1203/1404/837 1191/1391/825
f 1193/1392/827 1205/1405/839 1216/1406/850 1204/1393/838
f 1194/1394/828 1206/1407/840 1205/1408/839 1193/1395/827
f 1195/1396/829 1207/1409/841 1206/1407/840 1194/1394/828
f 1196/1397/830 1208/1410/842 1207/1409/841 1195/1396/829
f 1197/1398/831 1209/1411/843 1208/1410/842 1196/1397/830
f 1198/1399/832 1210/1412/844 1209/1411/843 1197/1398/831
f 1199/1400/833 1211/1413/845 1210/1412/844 1198/1399/832
f 1200/1401/834 1212/1414/846 1211/1413/845 1199/1400/833
f 1201/1402/835 1213/1415/847 1212/1414/846 1200/1401/834
f 1202/1403/836 1214/1416/848 1213/1415/847 1201/1402/835
f 1203/1404/837 1215/1417/849 1214/1416/848 1202/1403/836
f 1204/1393/838 1216/1406/850 1215/1417/849 1203/1404/837
f 1205/1405/839 1217/1418/851 1228/1419/862 1216/1406/850
f 1206/1407/840 1218/1420/852 1217/1421/851 1205/1408/839
f 1207/1409/841 1219/1422/853 1218/1420/852 1206/1407/840
f 1208/1410/842 1220/1423/854 1219/1422/853 1207/1409/841
f 1209/1411/843 1221/1424/855 1220/1423/854 1208/1410/842
f 1210/1412/844 1222/1425/856 1221/1424/855 1209/1411/843
f 1211/1413/845 1223/1426/857 1222/1425/856 1210/1412/844
f 1212/1414/846 1224/1427/858 1223/1426/857 1211/1413/845
f 1213/1415/847 1225/1428/859 1224/1427/858 1212/1414/846
f 1214/1416/848 1226/1429/860 1225/1428/859 1213/1415/847
f 1215/1417/849 1227/1430/861 1226/1429/860 1214/1416/848
f 1216/1406/850 1228/1419/862 1227/1430/861 1215/1417/849
f 1217/1418/851 1229/1431/863 1240/1432/874 1228/1419/862
f 1218/1420/852 1230/1433/864 1229/1434/863 1217/1421/851
f 1219/1422/853 1231/1435/865 1230/1433/864 1218/1420/852
f 1220/1423/854 1232/1436/866 1231/1435/865 1219/1422/853
f 1221/1424/855 1233/1437/867 1232/1436/866 1220/1423/854
f 1222/1425/856 1234/1438/868 1233/1437/867 1221/1424/855
f 1223/1426/857 1235/1439/869 1234/1438/868 1222/1425/856
f 1224/1427/858 1236/1440/870 1235/1439/869 1223/1426/857
f 1225/1428/859 1237/1441/871 1236/1440/870 1224/1427/858
f 1226/1429/860 1238/1442/872 1237/1441/871 1225/1428/859
f 1227/1430/861 1239/1443/873 1238/1442/872 1226/1429/860
f 1228/1419/862 1240/1432/874 1239/1443/873 1227/1430/861
f 1229/1431/863 1241/1444/875 1252/1445/886 1240/1432/874
f 1230/1433/864 1242/1446/876 1241/1447/875 1229/1434/863
f 1231/1435/865 1243/1448/877 1242/1446/876 1230/1433/864
f 1232/1436/866 1244/1449/878 1243/1448/877 1231/1435/865
f 1233/1437/867 1245/1450/879 1244/1449/878 1232/1436/866
f 1234/1438/868 1246/1451/880 1245/1450/879 1233/1437/867
f 1235/1439/869 1247/1452/881 1246/1451/880 1234/1438/868
f 1236/1440/870 1248/1453/882 1247/1452/881 1235/1439/869
f 1237/1441/871 1249/1454/883 1248/1453/882 1236/1440/870
f 1238/1442/872 1250/1455/884 1249/1454/883 1237/1441/871
f 1239/1443/873 1251/1456/885 1250/1455/884 1238/1442/872
f 1240/1432/874 1252/1445/886 1251/1456/885 1239/1443/873
f 1241/1444/875 1253/1457/887 1264/1458/898 1252/1445/886
f 1242/1446/876 1254/1459/888 1253/1460/887 1241/1447/875
f 1243/1448/877 1255/1461/889 1254/1459/888 1242/1446/876
f 1244/1449/878 1256/1462/890 1255/1461/889 1243/1448/877
f 1245/1450/879 1257/1463/891 1256/1462/890 1244/1449/878
f 1246/1451/880 1258/1464/892 1257/1463/891 1245/1450/879
f 1247/1452/881 1259/1465/893 1258/1464/892 1246/1451/880
f 1248/1453/882 1260/1466/894 1259/1465/893 1247/1452/881
f 1249/1454/883 1261/1467/895 1260/1466/894 1248/1453/882
f 1250/1455/884 1262/1468/896 1261/1467/895 1249/1454/883
f 1251/1456/885 1263/1469/897 1262/1468/896 1250/1455/884
f 1252/1445/886 1264/1458/898 1263/1469/897 1251/1456/885
f 1253/1457/887 1265/1470/899 1276/1471/910 1264/1458/898
f 1254/1459/888 1266/1472/900 1265/1473/899 1253/1460/887
f 1255/1461/889 1267/1474/901 1266/1472/900 1254/1459/888
f 1256/1462/890 1268/1475/902 1267/1474/901 1255/1461/889
f 1257/1463/891 1269/1476/903 1268/1475/902 1256/1462/890
f 1258/1464/892 1270/1477/904 1269/1476/903 1257/1463/891
f 1259/1465/893 1271/1478/905 1270/1477/904 1258/1464/892
f 1260/1466/894 1272/1479/906 1271/1478/905 1259/1465/893
f 1261/1467/895 1273/1480/907 1272/1479/906 1260/1466/894
f 1262/1468/896 1274/1481/908 1273/1480/907 1261/1467/895
f 1263/1469/897 1275/1482/909 1274/1481/908 1262/1468/896
f 1264/1458/898 1276/1471/910 1275/1482/909 1263/1469/897
f 1265/1470/899 1277/1483/911 1288/1484/922 1276/1471/910
f 1266/1472/900 1278/1485/912 1277/1486/911 1265/1473/899
f 1267/1474/901 1279/1487/913 1278/1485/912 1266/1472/900
f 1268/1475/902 1280/1488/914 1279/1487/913 1267/1474/901
f 1269/1476/903 1281/1489/915 1280/1488/914 1268/1475/902
f 1270/1477/904 1282/1490/916 1281/1489/915 1269/1476/903
f 1271/1478/905 1283/1491/917 1282/1490/916 1270/1477/904
f 1272/1479/906 1284/1492/918 1283/1491/917 1271/1478/905
f 1273/1480/907 1285/1493/919 1284/1492/918 1272/1479/906
f 1274/1481/908 1286/1494/920 1285/1493/919 1273/1480/907
f 1275/1482/909 1287/1495/921 1286/1494/920 1274/1481/908
f 1276/1471/910 1288/1484/922 1287/1495/921 1275/1482/909
f 1277/1483/911 1289/1496/923 1300/1497/934 1288/1484/922
f 1278/1485/912 1290/1498/924 1289/1499/923 1277/1486/911
f 1279/1487/913 1291/1500/925 1290/1498/924 1278/1485/912
f 1280/1488/914 1292/1501/926 1291/1500/925 1279/1487/913
f 1281/1489/915 1293/1502/927 1292/1501/926 1280/1488/914
f 1282/1490/916 1294/1503/928 1293/1502/927 1281/1489/915
f 1283/1491/917 1295/1504/929 1294/1503/928 1282/1490/916
f 1284/1492/918 1296/1505/930 1295/1504/929 1283/1491/917
f 1285/1493/919 1297/1506/931 1296/1505/930 1284/1492/918
f 1286/1494/920 1298/1507/932 1297/1506/931 1285/1493/919
f 1287/1495/921 1299/1508/933 1298/1507/932 1286/1494/920
f 1288/1484/922 1300/1497/934 1299/1508/933 1287/1495/921
f 1289/1496/923 1301/1509/935 1312/1510/946 1300/1497/934
f 1290/1498/924 1302/1511/936 1301/1512/935 1289/1499/923
f 1291/1500/925 1303/1513/937 1302/1511/936 1290/1498/924
f 1292/1501/926 1304/1514/938 1303/1513/937 1291/1500/925
f 1293/1502/927 1305/1515/939 1304/1514/938 1292/1501/926
f 1294/1503/928 1306/1516/940 1305/1515/939 1293/1502/927
f 1295/1504/929 1307/1517/941 1306/1516/940 1294/1503/928
f 1296/1505/930 1308/1518/942 1307/1517/941 1295/1504/929
f 1297/1506/931 1309/1519/943 1308/1518/942 1296/1505/930
f 1298/1507/932 1310/1520/944 1309/1519/943 1297/1506/931
f 1299/1508/933 1311/1521/945 1310/1520/944 1298/1507/932
f 1300/1497/934 1312/1510/946 1311/1521/945 1299/1508/933
f 1301/1509/935 1313/1522/947 1324/1523/958 1312/1510/946
f 1302/1511/936 1314/1524/948 1313/1525/947 1301/1512/935
f 1303/1513/937 1315/1526/949 1314/1524/948 1302/1511/936
f 1304/1514/938 1316/1527/950 1315/1526/949 1303/1513/937
f 1305/1515/939 1317/1528/951 1316/1527/950 1304/1514/938
f 1306/1516/940 1318/1529/952 1317/1528/951 1305/1515/939
f 1307/1517/941 1319/1530/953 1318/1529/952 1306/1516/940
f 1308/1518/942 1320/1531/954 1319/1530/953 1307/1517/941
f 1309/1519/943 1321/1532/955 1320/1531/954 1308/1518/942
f 1310/1520/944 1322/1533/956 1321/1532/955 1309/1519/943
f 1311/1521/945 1323/1534/957 1322/1533/956 1310/1520/944
f 1312/1510/946 1324/1523/958 1323/1534/957 1311/1521/945
f 1313/1522/947 1325/1535/959 1336/1536/970 1324/1523/958
f 1314/1524/948 1326/1537/960 1325/1538/959 1313/1525/947
f 1315/1526/949 1327/1539/961 1326/1537/960 1314/1524/948
f 1316/1527/950 1328/1540/962 1327/1539/961 1315/1526/949
f 1317/1528/951 1329/1541/963 1328/1540/962 1316/1527/950
f 1318/1529/952 1330/1542/964 1329/1541/963 1317/1528/951
f 1319/1530/953 1331/1543/965 1330/1542/964 1318/1529/952
f 1320/1531/954 1332/1544/966 1331/1543/965 1319/1530/953
f 1321/1532/955 1333/1545/967 1332/1544/966 1320/1531/954
f 1322/1533/956 1334/1546/968 1333/1545/967 1321/1532/955
f 1323/1534/957 1335/1547/969 1334/1546/968 1322/1533/956
f 1324/1523/958 1336/1536/970 1335/1547/969 1323/1534/957
f 1325/1535/959 1337/1548/971 1348/1549/982 1336/1536/970
f 1326/1537/960 1338/1550/972 1337/1551/971 1325/1538/959
f 1327/1539/961 1339/1552/973 1338/1550/972 1326/1537/960
f 1328/1540/962 1340/1553/974 1339/1552/973 1327/1539/961
f 1329/1541/963 1341/1554/975 1340/1553/974 1328/1540/962
f 1330/1542/964 1342/1555/976 1341/1554/975 1329/1541/963
f 1331/1543/965 1343/1556/977 1342/1555/976 1330/1542/964
f 1332/1544/966 1344/1557/978 1343/1556/977 1331/1543/965
f 1333/1545/967 1345/1558/979 1344/1557/978 1332/1544/966
f 1334/1546/968 1346/1559/980 1345/1558/979 1333/1545/967
f 1335/1547/969 1347/1560/981 1346/1559/980 1334/1546/968
f 1336/1536/970 1348/1549/982 1347/1560/981 1335/1547/969
f 1337/1548/971 1349/1561/983 1360/1562/994 1348/1549/982
f 1338/1550/972 1350/1563/984 1349/1564/983 1337/1551/971
f 1339/1552/973 1351/1565/985 1350/1563/984 1338/1550/972
f 1340/1553/974 1352/1566/986 1351/1565/985 1339/1552/973
f 1341/1554/975 1353/1567/987 1352/1566/986 1340/1553/974
f 1342/1555/976 1354/1568/988 1353/1567/987 1341/1554/975
f 1343/1556/977 1355/1569/989 1354/1568/988 1342/1555/976
f 1344/1557/978 1356/1570/990 1355/1569/989 1343/1556/977
f 1345/1558/979 1357/1571/991 1356/1570/990 1344/1557/978
f 1346/1559/980 1358/1572/992 1357/1571/991 1345/1558/979
f 1347/1560/981 1359/1573/993 1358/1572/992 1346/1559/980
f 1348/1549/982 1360/1562/994 1359/1573/993 1347/1560/981
f 1349/1561/983 1361/1574/995 1372/1575/1006 1360/1562/994
f 1350/1563/984 1362/1576/996 1361/1577/995 1349/1564/983
f 1351/1565/985 1363/1578/997 1362/1576/996 1350/1563/984
f 1352/1566/986 1364/1579/998 1363/1578/997 1351/1565/985
f 1353/1567/987 1365/1580/999 1364/1579/998 1352/1566/986
f 1354/1568/988 1366/1581/1000 1365/1580/999 1353/1567/987
f 1355/1569/989 1367/1582/1001 1366/1581/1000 1354/1568/988
f 1356/1570/990 1368/1583/1002 1367/1582/1001 1355/1569/989
f 1357/1571/991 1369/1584/1003 1368/1583/1002 1356/1570/990
f 1358/1572/992 1370/1585/1004 1369/1584/1003 1357/1571/991
f 1359/1573/993 1371/1586/1005 1370/1585/1004 1358/1572/992
f 1360/1562/994 1372/1575/1006 1371/1586/1005 1359/1573/993
f 1361/1574/995 1373/1587/1007 1384/1588/1018 1372/1575/1006
f 1362/1576/996 1374/1589/1008 1373/1590/1007 1361/1577/995
f 1363/1578/997 1375/1591/1009 1374/1589/1008 1362/1576/996
f 1364/1579/998 1376/1592/1010 1375/1591/1009 1363/1578/997
f 1365/1580/999 1377/1593/1011 1376/1592/1010 1364/1579/998
f 1366/1581/1000 1378/1594/1012 1377/1593/1011 1365/1580/999
f 1367/1582/1001 1379/1595/1013 1378/1594/1012 1366/1581/1000
f 1368/1583/1002 1380/1596/1014 1379/1595/1013 1367/1582/1001
f 1369/1584/1003 1381/1597/1015 1380/1596/1014 1368/1583/1002
f 1370/1585/1004 1382/1598/1016 1381/1597/1015 1369/1584/1003
f 1371/1586/1005 1383/1599/1017 1382/1598/1016 1370/1585/1004
f 1372/1575/1006 1384/1588/1018 1383/1599/1017 1371/1586/1005
f 1373/1587/1007 1385/1600/1019 1396/1601/1030 1384/1588/1018
f 1374/1589/1008 1386/1602/1020 1385/1603/1019 1373/1590/1007
f 1375/1591/1009 1387/1604/1021 1386/1602/1020 1374/1589/1008
f 1376/1592/1010 1388/1605/1022 1387/1604/1021 1375/1591/1009
f 1377/1593/1011 1389/1606/1023 1388/1605/1022 1376/1592/1010
f 1378/1594/1012 1390/1607/1024 1389/1606/1023 1377/1593/1011
f 1379/1595/1013 1391/1608/1025 1390/1607/1024 1378/1594/1012
f 1380/1596/1014 1392/1609/1026 1391/1608/1025 1379/1595/1013
f 1381/1597/1015 1393/1610/1027 1392/1609/1026 1380/1596/1014
f 1382/1598/1016 1394/1611/1028 1393/1610/1027 1381/1597/1015
f 1383/1599/1017 1395/1612/1029 1394/1611/1028 1382/1598/1016
f 1384/1588/1018 1396/1601/1030 1395/1612/1029 1383/1599/1017
f 1385/1600/1019 1397/1613/1031 1408/1614/1042 1396/1601/1030
f 1386/1602/1020 1398/1615/1032 1397/1616/1031 1385/1603/1019
f 1387/1604/1021 1399/1617/1033 1398/1615/1032 1386/1602/1020
f 1388/1605/1022 1400/1618/1034 1399/1617/1033 1387/1604/1021
f 1389/1606/1023 1401/1619/1035 1400/1618/1034 1388/1605/1022
f 1390/1607/1024 1402/1620/1036 1401/1619/1035 1389/1606/1023
f 1391/1608/1025 1403/1621/1037 1402/1620/1036 1390/1607/1024
f 1392/1609/1026 1404/1622/1038 1403/1621/1037 1391/1608/1025
f 1393/1610/1027 1405/1623/1039 1404/1622/1038 1392/1609/1026
f 1394/1611/1028 1406/1624/1040 1405/1623/1039 1393/1610/1027
f 1395/1612/1029 1407/1625/1041 1406/1624/1040 1394/1611/1028
f 1396/1601/1030 1408/1614/1042 1407/1625/1041 1395/1612/1029
f 1397/1613/1031 1409/1626/1043 1420/1627/1054 1408/1614/1042
f 1398/1615/1032 1410/1628/1044 1409/1629/1043 1397/1616/1031
f 1399/1617/1033 1411/1630/1045 1410/1628/1044 1398/1615/1032
f 1400/1618/1034 1412/1631/1046 1411/1630/1045 1399/1617/1033
f 1401/1619/1035 1413/1632/1047 1412/1631/1046 1400/1618/1034
f 1402/1620/1036 1414/1633/1048 1413/1632/1047 1401/1619/1035
f 1403/1621/1037 1415/1634/1049 1414/1633/1048 1402/1620/1036
f 1404/1622/1038 1416/1635/1050 1415/1634/1049 1403/1621/1037
f 1405/1623/1039 1417/1636/1051 1416/1635/1050 1404/1622/1038
f 1406/1624/1040 1418/1637/1052 1417/1636/1051 1405/1623/1039
f 1407/1625/1041 1419/1638/1053 1418/1637/1052 1406/1624/1040
f 1408/1614/1042 1420/1627/1054 1419/1638/1053 1407/1625/1041
f 1409/1626/1043 1421/1639/1055 1432/1640/1066 1420/1627/1054
f 1410/1628/1044 1422/1641/1056 1421/1642/1055 1409/1629/1043
f 1411/1630/1045 1423/1643/1057 1422/1641/1056 1410/1628/1044
f 1412/1631/1046 1424/1644/1058 1423/1643/1057 1411/1630/1045
f 1413/1632/1047 1425/1645/1059 1424/1644/1058 1412/1631/1046
f 1414/1633/1048 1426/1646/1060 1425/1645/1059 1413/1632/1047
f 1415/1634/1049 1427/1647/1061 1426/1646/1060 1414/1633/1048
f 1416/1635/1050 1428/1648/1062 1427/1647/1061 1415/1634/1049
f 1417/1636/1051 1429/1649/1063 1428/1648/1062 1416/1635/1050
f 1418/1637/1052 1430/1650/1064 1429/1649/1063 1417/1636/1051
f 1419/1638/1053 1431/1651/1065 1430/1650/1064 1418/1637/1052
f 1420/1627/1054 1432/1640/1066 1431/1651/1065 1419/1638/1053
f 1421/1639/1055 1433/1652/1067 1444/1653/1078 1432/1640/1066
f 1422/1641/1056 1434/1654/1068 1433/1655/1067 1421/1642/1055
f 1423/1643/1057 1435/1656/1069 1434/1654/1068 1422/1641/1056
f 1424/1644/1058 1436/1657/1070 1435/1656/1069 1423/1643/1057
f 1425/1645/1059 1437/1658/1071 1436/1657/1070 1424/1644/1058
f 1426/1646/1060 1438/1659/1072 1437/1658/1071 1425/1645/1059
f 1427/1647/1061 1439/1660/1073 1438/1659/1072 1426/1646/1060
f 1428/1648/1062 1440/1661/1074 1439/1660/1073 1427/1647/1061
f 1429/1649/1063 1441/1662/1075 1440/1661/1074 1428/1648/1062
f 1430/1650/1064 1442/1663/1076 1441/1662/1075 1429/1649/1063
f 1431/1651/1065 1443/1664/1077 1442/1663/1076 1430/1650/1064
f 1432/1640/1066 1444/1653/1078 1443/1664/1077 1431/1651/1065
f 1433/1652/1067 1445/1665/1079 1456/1666/1090 1444/1653/1078
f 1434/1654/1068 1446/1667/1080 1445/1668/1079 1433/1655/1067
f 1435/1656/1069 1447/1669/1081 1446/1667/1080 1434/1654/1068
f 1436/1657/1070 1448/1670/1082 1447/1669/1081 1435/1656/1069
f 1437/1658/1071 1449/1671/1083 1448/1670/1082 1436/1657/1070
f 1438/1659/1072 1450/1672/1084 1449/1671/1083 1437/1658/1071
f 1439/1660/1073 1451/1673/1085 1450/1672/1084 1438/1659/1072
f 1440/1661/1074 1452/1674/1086 1451/1673/1085 1439/1660/1073
f 1441/1662/1075 1453/1675/1087 1452/1674/1086 1440/1661/1074
f 1442/1663/1076 1454/1676/1088 1453/1675/1087 1441/1662/1075
f 1443/1664/1077 1455/1677/1089 1454/1676/1088 1442/1663/1076
f 1444/1653/1078 1456/1666/1090 1455/1677/1089 1443/1664/1077
f 1445/1665/1079 1457/1678/1091 1468/1679/1102 1456/1666/1090
f 1446/1667/1080 1458/1680/1092 1457/1681/1091 1445/1668/1079
f 1447/1669/1081 1459/1682/1093 1458/1680/1092 1446/1667/1080
f 1448/1670/1082 1460/1683/1094 1459/1682/1093 1447/1669/1081
f 1449/1671/1083 1461/1684/1095 1460/1683/1094 1448/1670/1082
f 1450/1672/1084 1462/1685/1096 1461/1684/1095 1449/1671/1083
f 1451/1673/1085 1463/1686/1097 1462/1685/1096 1450/1672/1084
f 1452/1674/1086 1464/1687/1098 1463/1686/1097 1451/1673/1085
f 1453/1675/1087 1465/1688/1099 1464/1687/1098 1452/1674/1086
f 1454/1676/1088 1466/1689/1100 1465/1688/1099 1453/1675/1087
f 1455/1677/1089 1467/1690/1101 1466/1689/1100 1454/1676/1088
f 1456/1666/1090 1468/1679/1102 1467/1690/1101 1455/1677/1089
f 1457/1678/1091 1469/1691/1103 1480/1692/1113 1468/1679/1102
f 1458/1680/1092 1470/1693/1104 1469/1694/1103 1457/1681/1091
f 1459/1682/1093 1471/1695/1105 1470/1693/1104 1458/1680/1092
f 1460/1683/1094 1472/1696/1106 1471/1695/1105 1459/1682/1093
f 1461/1684/1095 1473/1697/1107 1472/1696/1106 1460/1683/1094
f 1462/1685/1096 1474/1698/1108 1473/1697/1107 1461/1684/1095
f 1463/1686/1097 1475/1699/1109 1474/1698/1108 1462/1685/1096
f 1464/1687/1098 1476/1700/918 1475/1699/1109 1463/1686/1097
f 1465/1688/1099 1477/1701/1110 1476/1700/918 1464/1687/1098
f 1466/1689/1100 1478/1702/1111 1477/1701/1110 1465/1688/1099
f 1467/1690/1101 1479/1703/1112 1478/1702/1111 1466/1689/1100
f 1468/1679/1102 1480/1692/1113 1479/1703/1112 1467/1690/1101
f 1469/1691/1103 1481/1704/1114 1492/1705/1125 1480/1692/1113
f 1470/1693/1104 1482/1706/1115 1481/1707/1114 1469/1694/1103
f 1471/1695/1105 1483/1708/1116 1482/1706/1115 1470/1693/1104
f 1472/1696/1106 1484/1709/1117 1483/1708/1116 1471/1695/1105
f 1473/1697/1107 1485/1710/1118 1484/1709/1117 1472/1696/1106
f 1474/1698/1108 1486/1711/1119 1485/1710/1118 1473/1697/1107
f 1475/1699/1109 1487/1712/1120 1486/1711/1119 1474/1698/1108
f 1476/1700/918 1488/1713/1121 1487/1712/1120 1475/1699/1109
f 1477/1701/1110 1489/1714/1122 1488/1713/1121 1476/1700/918
f 1478/1702/1111 1490/1715/1123 1489/1714/1122 1477/1701/1110
f 1479/1703/1112 1491/1716/1124 1490/1715/1123 1478/1702/1111
f 1480/1692/1113 1492/1705/1125 1491/1716/1124 1479/1703/1112
f 1481/1704/1114 1493/1717/1126 1504/1718/1137 1492/1705/1125
f 1482/1706/1115 1494/1719/1127 1493/1720/1126 1481/1707/1114
f 1483/1708/1116 1495/1721/1128 1494/1719/1127 1482/1706/1115
f 1484/1709/1117 1496/1722/1129 1495/1721/1128 1483/1708/1116
f 1485/1710/1118 1497/1723/1130 1496/1722/1129 1484/1709/1117
f 1486/1711/1119 1498/1724/1131 1497/1723/1130 1485/1710/1118
f 1487/1712/1120 1499/1725/1132 1498/1724/1131 1486/1711/1119
f 1488/1713/1121 1500/1726/1133 1499/1725/1132 1487/1712/1120
f 1489/1714/1122 1501/1727/1134 1500/1726/1133 1488/1713/1121
f 1490/1715/1123 1502/1728/1135 1501/1727/1134 1489/1714/1122
f 1491/1716/1124 1503/1729/1136 1502/1728/1135 1490/1715/1123
f 1492/1705/1125 1504/1718/1137 1503/1729/1136 1491/1716/1124
f 1493/1717/1126 1505/1730/1138 1516/1731/1149 1504/1718/1137
f 1494/1719/1127 1506/1732/1139 1505/1733/1138 1493/1720/1126
f 1495/1721/1128 1507/1734/1140 1506/1732/1139 1494/1719/1127
f 1496/1722/1129 1508/1735/1141 1507/1734/1140 1495/1721/1128
f 1497/1723/1130 1509/1736/1142 1508/1735/1141 1496/1722/1129
f 1498/1724/1131 1510/1737/1143 1509/1736/1142 1497/1723/1130
f 1499/1725/1132 1511/1738/1144 1510/1737/1143 1498/1724/1131
f 1500/1726/1133 1512/1739/1145 1511/1738/1144 1499/1725/1132
f 1501/1727/1134 1513/1740/1146 1512/1739/1145 1500/1726/1133
f 1502/1728/1135 1514/1741/1147 1513/1740/1146 1501/1727/1134
f 1503/1729/1136 1515/1742/1148 1514/1741/1147 1502/1728/1135
f 1504/1718/1137 1516/1731/1149 1515/1742/1148 1503/1729/1136
f 1505/1730/1138 1517/1743/1150 1528/1744/1161 1516/1731/1149
f 1506/1732/1139 1518/1745/1151 1517/1746/1150 1505/1733/1138
f 1507/1734/1140 1519/1747/1152 1518/1745/1151 1506/1732/1139
f 1508/1735/1141 1520/1748/1153 1519/1747/1152 1507/1734/1140
f 1509/1736/1142 1521/1749/1154 1520/1748/1153 1508/1735/1141
f 1510/1737/1143 1522/1750/1155 1521/1749/1154 1509/1736/1142
f 1511/1738/1144 1523/1751/1156 1522/1750/1155 1510/1737/1143
f 1512/1739/1145 1524/1752/1157 1523/1751/1156 1511/1738/1144
f 1513/1740/1146 1525/1753/1158 1524/1752/1157 1512/1739/1145
f 1514/1741/1147 1526/1754/1159 1525/1753/1158 1513/1740/1146
f 1515/1742/1148 1527/1755/1160 1526/1754/1159 1514/1741/1147
f 1516/1731/1149 1528/1744/1161 1527/1755/1160 1515/1742/1148
f 1517/1743/1150 1529/1756/1162 1540/1757/1173 1528/1744/1161
f 1518/1745/1151 1530/1758/1163 1529/1759/1162 1517/1746/1150
f 1519/1747/1152 1531/1760/1164 1530/1758/1163 1518/1745/1151
f 1520/1748/1153 1532/1761/1165 1531/1760/1164 1519/1747/1152
f 1521/1749/1154 1533/1762/1166 1532/1761/1165 1520/1748/1153
f 1522/1750/1155 1534/1763/1167 1533/1762/1166 1521/1749/1154
f 1523/1751/1156 1535/1764/1168 1534/1763/1167 1522/1750/1155
f 1524/1752/1157 1536/1765/1169 1535/1764/1168 1523/1751/1156
f 1525/1753/1158 1537/1766/1170 1536/1765/1169 1524/1752/1157
f 1526/1754/1159 1538/1767/1171 1537/1766/1170 1525/1753/1158
f 1527/1755/1160 1539/1768/1172 1538/1767/1171 1526/1754/1159
f 1528/1744/1161 1540/1757/1173 1539/1768/1172 1527/1755/1160
f 1529/1756/1162 1541/1769/1174 1552/1770/1185 1540/1757/1173
f 1530/1758/1163 1542/1771/1175 1541/1772/1174 1529/1759/1162
f 1531/1760/1164 1543/1773/1176 1542/1771/1175 1530/1758/1163
f 1532/1761/1165 1544/1774/1177 1543/1773/1176 1531/1760/1164
f 1533/1762/1166 1545/1775/1178 1544/1774/1177 1532/1761/1165
f 1534/1763/1167 1546/1776/1179 1545/1775/1178 1533/1762/1166
f 1535/1764/1168 1547/1777/1180 1546/1776/1179 1534/1763/1167
f 1536/1765/1169 1548/1778/1181 1547/1777/1180 1535/1764/1168
f 1537/1766/1170 1549/1779/1182 1548/1778/1181 1536/1765/1169
f 1538/1767/1171 1550/1780/1183 1549/1779/1182 1537/1766/1170
f 1539/1768/1172 1551/1781/1184 1550/1780/1183 1538/1767/1171
f 1540/1757/1173 1552/1770/1185 1551/1781/1184 1539/1768/1172
f 1541/1769/1174 1553/1782/1186 1564/1783/1197 1552/1770/1185
f 1542/1771/1175 1554/1784/1187 1553/1785/1186 1541/1772/1174
f 1543/1773/1176 1555/1786/1188 1554/1784/1187 1542/1771/1175
f 1544/1774/1177 1556/1787/1189 1555/1786/1188 1543/1773/1176
f 1545/1775/1178 1557/1788/1190 1556/1787/1189 1544/1774/1177
f 1546/1776/1179 1558/1789/1191 1557/1788/1190 1545/1775/1178
f 1547/1777/1180 1559/1790/1192 1558/1789/1191 1546/1776/1179
f 1548/1778/1181 1560/1791/1193 1559/1790/1192 1547/1777/1180
f 1549/1779/1182 1561/1792/1194 1560/1791/1193 1548/1778/1181
f 1550/1780/1183 1562/1793/1195 1561/1792/1194 1549/1779/1182
f 1551/1781/1184 1563/1794/1196 1562/1793/1195 1550/1780/1183
f 1552/1770/1185 1564/1783/1197 1563/1794/1196 1551/1781/1184
f 1553/1782/1186 1565/1795/1198 1576/1796/1209 1564/1783/1197
f 1554/1784/1187 1566/1797/1199 1565/1798/1198 1553/1785/1186
f 1555/1786/1188 1567/1799/1200 1566/1797/1199 1554/1784/1187
f 1556/1787/1189 1568/1800/1201 1567/1799/1200 1555/1786/1188
f 1557/1788/1190 1569/1801/1202 1568/1800/1201 1556/1787/1189
f 1558/1789/1191 1570/1802/1203 1569/1801/1202 1557/1788/1190
f 1559/1790/1192 1571/1803/1204 1570/1802/1203 1558/1789/1191
f 1560/1791/1193 1572/1804/1205 1571/1803/1204 1559/1790/1192
f 1561/1792/1194 1573/1805/1206 1572/1804/1205 1560/1791/1193
f 1562/1793/1195 1574/1806/1207 1573/1805/1206 1561/1792/1194
f 1563/1794/1196 1575/1807/1208 1574/1806/1207 1562/1793/1195
f 1564/1783/1197 1576/1796/1209 1575/1807/1208 1563/1794/1196
f 1565/1795/1198 1577/1808/1210 1588/1809/1221 1576/1796/1209
f 1566/1797/1199 1578/1810/1211 1577/1811/1210 1565/1798/1198
f 1567/1799/1200 1579/1812/1212 1578/1810/1211 1566/1797/1199
f 1568/1800/1201 1580/1813/1213 1579/1812/1212 1567/1799/1200
f 1569/1801/1202 1581/1814/1214 1580/1813/1213 1568/1800/1201
f 1570/1802/1203 1582/1815/1215 1581/1814/1214 1569/1801/1202
f 1571/1803/1204 1583/1816/1216 1582/1815/1215 1570/1802/1203
f 1572/1804/1205 1584/1817/1217 1583/1816/1216 1571/1803/1204
f 1573/1805/1206 1585/1818/1218 1584/1817/1217 1572/1804/1205
f 1574/1806/1207 1586/1819/1219 1585/1818/1218 1573/1805/1206
f 1575/1807/1208 1587/1820/1220 1586/1819/1219 1574/1806/1207
f 1576/1796/1209 1588/1809/1221 1587/1820/1220 1575/1807/1208
f 1577/1808/1210 1589/1821/1222 1600/1822/1233 1588/1809/1221
f 1578/1810/1211 1590/1823/1223 1589/1824/1222 1577/1811/1210
f 1579/1812/1212 1591/1825/1224 1590/1823/1223 1578/1810/1211
f 1580/1813/1213 1592/1826/1225 1591/1825/1224 1579/1812/1212
f 1581/1814/1214 1593/1827/1226 1592/1826/1225 1580/1813/1213
f 1582/1815/1215 1594/1828/1227 1593/1827/1226 1581/1814/1214
f 1583/1816/1216 1595/1829/1228 1594/1828/1227 1582/1815/1215
f 1584/1817/1217 1596/1830/1229 1595/1829/1228 1583/1816/1216
f 1585/1818/1218 1597/1831/1230 1596/1830/1229 1584/1817/1217
f 1586/1819/1219 1598/1832/1231 1597/1831/1230 1585/1818/1218
f 1587/1820/1220 1599/1833/1232 1598/1832/1231 1586/1819/1219
f 1588/1809/1221 1600/1822/1233 1599/1833/1232 1587/1820/1220
f 1589/1821/1222 1601/1834/1234 1612/1835/1245 1600/1822/1233
f 1590/1823/1223 1602/1836/1235 1601/1837/1234 1589/1824/1222
f 1591/1825/1224 1603/1838/1236 1602/1836/1235 1590/1823/1223
f 1592/1826/1225 1604/1839/1237 1603/1838/1236 1591/1825/1224
f 1593/1827/1226 1605/1840/1238 1604/1839/1237 1592/1826/1225
f 1594/1828/1227 1606/1841/1239 1605/1840/1238 1593/1827/1226
f 1595/1829/1228 1607/1842/1240 1606/1841/1239 1594/1828/1227
f 1596/1830/1229 1608/1843/1241 1607/1842/1240 1595/1829/1228
f 1597/1831/1230 1609/1844/1242 1608/1843/1241 1596/1830/1229
f 1598/1832/1231 1610/1845/1243 1609/1844/1242 1597/1831/1230
f 1599/1833/1232 1611/1846/1244 1610/1845/1243 1598/1832/1231
f 1600/1822/1233 1612/1835/1245 1611/1846/1244 1599/1833/1232
f 1601/1834/1234 1613/1847/1246 1624/1848/1257 1612/1835/1245
f 1602/1836/1235 1614/1849/1247 1613/1850/1246 1601/1837/1234
f 1603/1838/1236 1615/1851/1248 1614/1849/1247 1602/1836/1235
f 1604/1839/1237 1616/1852/1249 1615/1851/1248 1603/1838/1236
f 1605/1840/1238 1617/1853/1250 1616/1852/1249 1604/1839/1237
f 1606/1841/1239 1618/1854/1251 1617/1853/1250 1605/1840/1238
f 1607/1842/1240 1619/1855/1252 1618/1854/1251 1606/1841/1239
f 1608/1843/1241 1620/1856/1253 1619/1855/1252 1607/1842/1240
f 1609/1844/1242 1621/1857/1254 1620/1856/1253 1608/1843/1241
f 1610/1845/1243 1622/1858/1255 1621/1857/1254 1609/1844/1242
f 1611/1846/1244 1623/1859/1256 1622/1858/1255 1610/1845/1243
f 1612/1835/1245 1624/1848/1257 1623/1859/1256 1611/1846/1244
f 1613/1847/1246 1625/1860/1258 1636/1861/1269 1624/1848/1257
f 1614/1849/1247 1626/1862/1259 1625/1863/1258 1613/1850/1246
f 1615/1851/1248 1627/1864/1260 1626/1862/1259 1614/1849/1247
f 1616/1852/1249 1628/1865/1261 1627/1864/1260 1615/1851/1248
f 1617/1853/1250 1629/1866/1262 1628/1865/1261 1616/1852/1249
f 1618/1854/1251 1630/1867/1263 1629/1866/1262 1617/1853/1250
f 1619/1855/1252 1631/1868/1264 1630/1867/1263 1618/1854/1251
f 1620/1856/1253 1632/1869/1265 1631/1868/1264 1619/1855/1252
f 1621/1857/1254 1633/1870/1266 1632/1869/1265 1620/1856/1253
f 1622/1858/1255 1634/1871/1267 1633/1870/1266 1621/1857/1254
f 1623/1859/1256 1635/1872/1268 1634/1871/1267 1622/1858/1255
f 1624/1848/1257 1636/1861/1269 1635/1872/1268 1623/1859/1256
f 1625/1860/1258 1637/1873/1270 1648/1874/1281 1636/1861/1269
f 1626/1862/1259 1638/1875/1271 1637/1876/1270 1625/1863/1258
f 1627/1864/1260 1639/1877/1272 1638/1875/1271 1626/1862/1259
f 1628/1865/1261 1640/1878/1273 1639/1877/1272 1627/1864/1260
f 1629/1866/1262 1641/1879/1274 1640/1878/1273 1628/1865/1261
f 1630/1867/1263 1642/1880/1275 1641/1879/1274 1629/1866/1262
f 1631/1868/1264 1643/1881/1276 1642/1880/1275 1630/1867/1263
f 1632/1869/1265 1644/1882/1277 1643/1881/1276 1631/1868/1264
f 1633/1870/1266 1645/1883/1278 1644/1882/1277 1632/1869/1265
f 1634/1871/1267 1646/1884/1279 1645/1883/1278 1633/1870/1266
f 1635/1872/1268 1647/1885/1280 1646/1884/1279 1634/1871/1267
f 1636/1861/1269 1648/1874/1281 1647/1885/1280 1635/1872/1268
f 1637/1873/1270 1649/1886/1282 1660/1887/1293 1648/1874/1281
f 1638/1875/1271 1650/1888/1283 1649/1889/1282 1637/1876/1270
f 1639/1877/1272 1651/1890/1284 1650/1888/1283 1638/1875/1271
f 1640/1878/1273 1652/1891/1285 1651/1890/1284 1639/1877/1272
f 1641/1879/1274 1653/1892/1286 1652/1891/1285 1640/1878/1273
f 1642/1880/1275 1654/1893/1287 1653/1892/1286 1641/1879/1274
f 1643/1881/1276 1655/1894/1288 1654/1893/1287 1642/1880/1275
f 1644/1882/1277 1656/1895/1289 1655/1894/1288 1643/1881/1276
f 1645/1883/1278 1657/1896/1290 1656/1895/1289 1644/1882/1277
f 1646/1884/1279 1658/1897/1291 1657/1896/1290 1645/1883/1278
f 1647/1885/1280 1659/1898/1292 1658/1897/1291 1646/1884/1279
f 1648/1874/1281 1660/1887/1293 1659/1898/1292 1647/1885/1280
f 1649/1886/1282 1661/1899/1294 1672/1900/1305 1660/1887/1293
f 1650/1888/1283 1662/1901/1295 1661/971/1294 1649/1889/1282
f 1651/1890/1284 1663/1902/1296 1662/1901/1295 1650/1888/1283
f 1652/1891/1285 1664/1903/1297 1663/1902/1296 1651/1890/1284
f 1653/1892/1286 1665/1904/1298 1664/1903/1297 1652/1891/1285
f 1654/1893/1287 1666/1905/1299 1665/1904/1298 1653/1892/1286
f 1655/1894/1288 1667/1906/1300 1666/1905/1299 1654/1893/1287
f 1656/1895/1289 1668/1907/1301 1667/1906/1300 1655/1894/1288
f 1657/1896/1290 1669/1908/1302 1668/1907/1301 1656/1895/1289
f 1658/1897/1291 1670/1909/1303 1669/1908/1302 1657/1896/1290
f 1659/1898/1292 1671/1910/1304 1670/1909/1303 1658/1897/1291
f 1660/1887/1293 1672/1900/1305 1671/1910/1304 1659/1898/1292
o NurbsPath.001
v 2.965438 -0.111450 3.011685
v 2.980129 -0.096877 3.012390
v 3.000145 -0.091604 3.012937
v 3.020121 -0.097044 3.013178
v 3.034706 -0.111740 3.013050
v 3.039992 -0.131755 3.012587
v 3.034561 -0.151724 3.011912
v 3.019870 -0.166298 3.011207
v 2.999855 -0.171571 3.010661
v 2.979878 -0.166130 3.010419
v 2.965293 -0.151434 3.010547
v 2.960008 -0.131420 3.011011
v -2.965381 -0.111606 2.898496
v -2.980031 -0.096979 2.898870
v -3.000032 -0.091626 2.898740
v -3.020024 -0.096979 2.898139
v -3.034651 -0.111606 2.897230
v -3.039993 -0.131587 2.896254
v -3.034619 -0.151568 2.895475
v -3.019969 -0.166195 2.895101
v -2.999968 -0.171548 2.895231
v -2.979976 -0.166195 2.895832
v -2.965349 -0.151568 2.896741
v -2.960007 -0.131587 2.897717
v -2.965381 -0.111606 2.898496
v -2.980031 -0.096979 2.898870
v -3.000032 -0.091626 2.898740
v -3.020024 -0.096979 2.898139
v -3.034651 -0.111606 2.897230
v -3.039993 -0.131587 2.896254
v -3.034619 -0.151568 2.895475
v -3.019969 -0.166195 2.895101
v -2.999968 -0.171548 2.895231
v -2.979976 -0.166195 2.895832
v -2.965349 -0.151568 2.896741
v -2.960007 -0.131587 2.897717
v -2.959321 -0.120882 3.130004
v -2.973935 -0.106306 3.131638
v -2.993882 -0.101025 3.133345
v -3.013819 -0.106455 3.134669
v -3.028403 -0.121142 3.135253
v -3.033726 -0.141149 3.134943
v -3.028362 -0.161116 3.133821
v -3.013748 -0.175693 3.132187
v -2.993800 -0.180974 3.130480
v -2.973863 -0.175543 3.129156
v -2.959279 -0.160857 3.128571
v -2.953956 -0.140849 3.128881
v -2.933792 -0.127235 3.332083
v -2.948224 -0.112702 3.335124
v -2.967906 -0.107486 3.338884
v -2.987564 -0.112983 3.342356
v -3.001931 -0.127722 3.344610
v -3.007157 -0.147752 3.345041
v -3.001843 -0.167707 3.343534
v -2.987412 -0.182240 3.340493
v -2.967730 -0.187457 3.336732
v -2.948072 -0.181959 3.333260
v -2.933705 -0.167221 3.331007
v -2.928478 -0.147190 3.330575
v -2.891255 -0.130999 3.507269
v -2.905307 -0.116498 3.511853
v -2.924435 -0.111330 3.517862
v -2.943515 -0.116877 3.523686
v -2.957433 -0.131654 3.527766
v -2.962460 -0.151702 3.529006
v -2.957250 -0.171648 3.527077
v -2.943198 -0.186148 3.522494
v -2.924070 -0.191317 3.516484
v -2.904990 -0.185769 3.510660
v -2.891072 -0.170992 3.506581
v -2.886045 -0.150945 3.505340
v -2.834021 -0.132493 3.658120
v -2.847456 -0.118008 3.664319
v -2.865685 -0.112862 3.672681
v -2.883824 -0.118434 3.680967
v -2.897012 -0.133229 3.686956
v -2.901716 -0.153285 3.689044
v -2.896676 -0.173227 3.686669
v -2.883241 -0.187711 3.680470
v -2.865012 -0.192857 3.672108
v -2.846873 -0.187286 3.663822
v -2.833684 -0.172490 3.657833
v -2.828980 -0.152435 3.655746
v -2.764205 -0.132019 3.787155
v -2.776773 -0.117529 3.794952
v -2.793740 -0.112374 3.805642
v -2.810560 -0.117936 3.816360
v -2.822726 -0.132725 3.824234
v -2.826977 -0.152778 3.827155
v -2.822176 -0.172721 3.824340
v -2.809608 -0.187212 3.816543
v -2.792641 -0.192366 3.805854
v -2.775821 -0.186804 3.795135
v -2.763655 -0.172015 3.787261
v -2.759404 -0.151963 3.784340
v -2.683686 -0.129855 3.896811
v -2.695169 -0.115336 3.906088
v -2.710557 -0.110139 3.918930
v -2.725727 -0.115657 3.931896
v -2.736615 -0.130411 3.941513
v -2.740303 -0.150449 3.945203
v -2.735802 -0.170401 3.941978
v -2.724320 -0.184920 3.932701
v -2.708931 -0.190117 3.919859
v -2.693761 -0.184599 3.906893
v -2.682873 -0.169844 3.897276
v -2.679186 -0.149807 3.893586
v -2.594116 -0.126251 3.989361
v -2.604366 -0.111682 3.999916
v -2.617963 -0.106414 4.014615
v -2.631264 -0.111857 4.029521
v -2.640704 -0.126553 4.040639
v -2.643754 -0.146565 4.044991
v -2.639597 -0.166531 4.041409
v -2.629347 -0.181100 4.030854
v -2.615750 -0.186368 4.016155
v -2.602449 -0.180925 4.001249
v -2.593009 -0.166228 3.990131
v -2.589959 -0.146216 3.985780
v -2.496974 -0.121432 4.066856
v -2.505937 -0.106800 4.078444
v -2.517665 -0.101439 4.094644
v -2.529015 -0.106786 4.111115
v -2.536947 -0.121408 4.123444
v -2.539335 -0.141388 4.128326
v -2.535539 -0.161371 4.124455
v -2.526576 -0.176003 4.112867
v -2.514848 -0.181364 4.096667
v -2.503498 -0.176017 4.080196
v -2.495566 -0.161395 4.067868
v -2.493178 -0.141415 4.062984
v -2.393641 -0.115607 4.131119
v -2.401346 -0.100904 4.143496
v -2.411251 -0.095440 4.160839
v -2.420701 -0.100681 4.178501
v -2.427164 -0.115220 4.191750
v -2.428909 -0.135164 4.197036
v -2.425468 -0.155167 4.192942
v -2.417764 -0.169870 4.180565
v -2.407859 -0.175333 4.163222
v -2.398409 -0.170093 4.145560
v -2.391946 -0.155553 4.132311
v -2.390201 -0.135610 4.127025
v -2.285443 -0.108968 4.183780
v -2.291980 -0.094193 4.196730
v -2.300196 -0.088627 4.214902
v -2.307888 -0.093760 4.233428
v -2.312995 -0.108217 4.247343
v -2.314150 -0.128124 4.252919
v -2.311042 -0.148147 4.248662
v -2.304504 -0.162921 4.235712
v -2.296288 -0.168488 4.217540
v -2.288596 -0.163355 4.199014
v -2.283489 -0.148898 4.185099
v -2.282334 -0.128991 4.179523
v -2.173660 -0.101699 4.226320
v -2.179155 -0.086857 4.239671
v -2.185866 -0.081193 4.258422
v -2.191993 -0.086225 4.277549
v -2.195897 -0.100604 4.291928
v -2.196530 -0.120477 4.297704
v -2.193722 -0.140520 4.293331
v -2.188227 -0.155362 4.279981
v -2.181516 -0.161026 4.261230
v -2.175388 -0.155994 4.242102
v -2.171485 -0.141615 4.227724
v -2.170852 -0.121742 4.221948
v -2.059516 -0.093974 4.260109
v -2.064106 -0.079071 4.273732
v -2.069512 -0.073319 4.292873
v -2.074287 -0.078259 4.312406
v -2.077152 -0.092568 4.327095
v -2.077338 -0.112411 4.333005
v -2.074796 -0.132472 4.328553
v -2.070207 -0.147375 4.314931
v -2.064800 -0.153127 4.295789
v -2.060025 -0.148187 4.276257
v -2.057160 -0.133878 4.261568
v -2.056974 -0.114035 4.255657
v -1.944155 -0.085954 4.286421
v -1.947972 -0.070997 4.300222
v -1.952271 -0.065168 4.319619
v -1.955901 -0.070029 4.339416
v -1.957889 -0.084277 4.354308
v -1.957702 -0.104094 4.360304
v -1.955391 -0.124171 4.355799
v -1.951574 -0.139128 4.341998
v -1.947275 -0.144957 4.322601
v -1.943645 -0.140096 4.302804
v -1.941657 -0.125848 4.287912
v -1.941844 -0.106031 4.281916
v -1.828619 -0.077786 4.306439
v -1.831787 -0.062784 4.320354
v -1.835161 -0.056890 4.339914
v -1.837838 -0.061684 4.359878
v -1.839100 -0.075880 4.374897
v -1.838609 -0.095676 4.380948
v -1.836497 -0.115767 4.376407
v -1.833329 -0.130769 4.362492
v -1.829955 -0.136663 4.342932
v -1.827278 -0.131870 4.322968
v -1.826016 -0.117673 4.307949
v -1.826507 -0.097877 4.301899
v -1.713840 -0.069606 4.321255
v -1.716470 -0.054566 4.335240
v -1.719084 -0.048617 4.354900
v -1.720981 -0.053355 4.374966
v -1.721653 -0.067510 4.390063
v -1.720921 -0.087289 4.396145
v -1.718979 -0.107392 4.391582
v -1.716349 -0.122432 4.377596
v -1.713736 -0.128381 4.357937
v -1.711838 -0.123643 4.337870
v -1.711166 -0.109488 4.322773
v -1.711899 -0.089709 4.316692
v -1.600634 -0.061532 4.331862
v -1.602823 -0.046460 4.345890
v -1.604821 -0.040468 4.365608
v -1.606092 -0.045162 4.385735
v -1.606295 -0.059283 4.400876
v -1.605376 -0.079049 4.406976
v -1.603582 -0.099162 4.402399
v -1.601392 -0.114234 4.388371
v -1.599394 -0.120226 4.368653
v -1.598123 -0.115533 4.348526
v -1.597920 -0.101411 4.333385
v -1.598839 -0.081646 4.327285
v -1.489693 -0.053669 4.339157
v -1.491528 -0.038572 4.353208
v -1.493038 -0.032545 4.372959
v -1.493817 -0.037204 4.393119
v -1.493658 -0.051300 4.408285
v -1.492602 -0.071056 4.414393
v -1.490933 -0.091178 4.409808
v -1.489098 -0.106275 4.395757
v -1.487588 -0.112302 4.376006
v -1.486809 -0.107643 4.355846
v -1.486968 -0.093547 4.340680
v -1.488024 -0.073791 4.334571
v -1.381589 -0.046105 4.343929
v -1.383144 -0.030988 4.357993
v -1.384276 -0.024935 4.377761
v -1.384683 -0.029568 4.397938
v -1.384255 -0.043645 4.413116
v -1.383107 -0.063394 4.419229
v -1.381546 -0.083524 4.414639
v -1.379992 -0.098641 4.400575
v -1.378859 -0.104694 4.380806
v -1.378452 -0.100061 4.360630
v -1.378880 -0.085984 4.345451
v -1.380028 -0.066235 4.339338
v -1.276773 -0.038913 4.346863
v -1.278111 -0.023781 4.360933
v -1.278963 -0.017709 4.380710
v -1.279100 -0.022323 4.400895
v -1.278485 -0.036387 4.416078
v -1.277284 -0.056133 4.422193
v -1.275818 -0.076269 4.417599
v -1.274480 -0.091401 4.403529
v -1.273629 -0.097473 4.383752
v -1.273492 -0.092859 4.363568
v -1.274106 -0.078795 4.348384
v -1.275307 -0.059049 4.342270
v -1.175576 -0.032150 4.348536
v -1.176751 -0.017008 4.362609
v -1.177404 -0.010923 4.382390
v -1.177359 -0.015525 4.402577
v -1.176630 -0.029581 4.417763
v -1.175410 -0.049325 4.423877
v -1.174028 -0.069467 4.419282
v -1.172853 -0.084610 4.405210
v -1.172200 -0.090695 4.385429
v -1.172245 -0.086093 4.365242
v -1.172974 -0.072037 4.350056
v -1.174194 -0.052292 4.343942
v -1.078210 -0.025860 4.349415
v -1.079266 -0.010710 4.363489
v -1.079788 -0.004616 4.383271
v -1.079636 -0.009211 4.403460
v -1.078851 -0.023264 4.418645
v -1.077643 -0.043009 4.424760
v -1.076336 -0.063156 4.420165
v -1.075280 -0.078306 4.406091
v -1.074758 -0.084400 4.386309
v -1.074910 -0.079804 4.366120
v -1.075696 -0.065752 4.350934
v -1.076903 -0.046006 4.344820
v -0.984772 -0.020067 4.349856
v -0.985741 -0.004912 4.363931
v -0.986185 0.001187 4.383713
v -0.985983 -0.003405 4.403902
v -0.985189 -0.017458 4.419088
v -0.984018 -0.037205 4.425202
v -0.982781 -0.057356 4.420607
v -0.981812 -0.072512 4.406532
v -0.981368 -0.078610 4.386750
v -0.981571 -0.074018 4.366561
v -0.982364 -0.059966 4.351375
v -0.983535 -0.040218 4.345261
v -0.895243 -0.014785 4.350105
v -0.896148 0.000375 4.364180
v -0.896547 0.006476 4.383963
v -0.896334 0.001885 4.404151
v -0.895566 -0.012169 4.419337
v -0.894448 -0.031920 4.425452
v -0.893281 -0.052075 4.420856
v -0.892376 -0.067234 4.406781
v -0.891977 -0.073336 4.386999
v -0.892190 -0.068744 4.366810
v -0.892958 -0.054690 4.351624
v -0.894076 -0.034940 4.345510
v -0.809490 -0.010007 4.350296
v -0.810338 0.005155 4.364370
v -0.810709 0.011258 4.384152
v -0.810504 0.006667 4.404341
v -0.809778 -0.007390 4.419528
v -0.808725 -0.027144 4.425642
v -0.807628 -0.047303 4.421045
v -0.806780 -0.062465 4.406971
v -0.806409 -0.068568 4.387188
v -0.806614 -0.063976 4.366999
v -0.807340 -0.049920 4.351813
v -0.808393 -0.030166 4.345699
v -0.727267 -0.005716 4.350461
v -0.728057 0.009449 4.364537
v -0.728402 0.015554 4.384319
v -0.728210 0.010961 4.404508
v -0.727532 -0.003098 4.419693
v -0.726550 -0.022855 4.425807
v -0.725526 -0.043018 4.421211
v -0.724736 -0.058184 4.407136
v -0.724391 -0.064288 4.387354
v -0.724583 -0.059696 4.367165
v -0.725261 -0.045637 4.351979
v -0.726243 -0.025879 4.345865
v -0.648272 -0.001889 4.350607
v -0.649002 0.013280 4.364682
v -0.649320 0.019385 4.384464
v -0.649142 0.014792 4.404653
v -0.648515 0.000731 4.419839
v -0.647607 -0.019031 4.425953
v -0.646662 -0.039197 4.421356
v -0.645932 -0.054366 4.407281
v -0.645614 -0.060471 4.387499
v -0.645792 -0.055878 4.367310
v -0.646419 -0.041817 4.352124
v -0.647327 -0.022055 4.346010
v -0.572200 0.001497 4.350733
v -0.572866 0.016668 4.364808
v -0.573156 0.022775 4.384591
v -0.572992 0.018181 4.404779
v -0.572420 0.004117 4.419965
v -0.571591 -0.015648 4.426079
v -0.570728 -0.035818 4.421482
v -0.570062 -0.050989 4.407407
v -0.569772 -0.057096 4.387624
v -0.569936 -0.052502 4.367435
v -0.570508 -0.038439 4.352250
v -0.571337 -0.018674 4.346136
v -0.498744 0.004460 4.350841
v -0.499342 0.019633 4.364916
v -0.499602 0.025741 4.384699
v -0.499455 0.021147 4.404888
v -0.498939 0.007081 4.420073
v -0.498194 -0.012687 4.426187
v -0.497418 -0.032861 4.421590
v -0.496819 -0.048035 4.407515
v -0.496559 -0.054143 4.387733
v -0.496706 -0.049549 4.367544
v -0.497222 -0.035483 4.352358
v -0.497968 -0.015714 4.346244
v -0.427597 0.007018 4.350933
v -0.428125 0.022194 4.365008
v -0.428355 0.028304 4.384790
v -0.428224 0.023708 4.404979
v -0.427769 0.009640 4.420165
v -0.427110 -0.010131 4.426279
v -0.426425 -0.030308 4.421681
v -0.425898 -0.045485 4.407606
v -0.425668 -0.051594 4.387824
v -0.425799 -0.046999 4.367635
v -0.426254 -0.032931 4.352449
v -0.426913 -0.013159 4.346336
v -0.358456 0.009188 4.351009
v -0.358911 0.024366 4.365085
v -0.359108 0.030477 4.384867
v -0.358995 0.025881 4.405056
v -0.358602 0.011811 4.420241
v -0.358035 -0.007963 4.426355
v -0.357445 -0.028144 4.421758
v -0.356991 -0.043322 4.407682
v -0.356794 -0.049432 4.387900
v -0.356906 -0.044837 4.367711
v -0.357299 -0.030767 4.352526
v -0.357866 -0.010992 4.346412
v -0.291016 0.010983 4.351071
v -0.291394 0.026164 4.365147
v -0.291558 0.032275 4.384930
v -0.291464 0.027679 4.405118
v -0.291136 0.013607 4.420304
v -0.290664 -0.006170 4.426417
v -0.290172 -0.026353 4.421820
v -0.289794 -0.041533 4.407744
v -0.289630 -0.047644 4.387962
v -0.289724 -0.043048 4.367773
v -0.290051 -0.028977 4.352588
v -0.290524 -0.009200 4.346475
v -0.224971 0.012416 4.351120
v -0.225272 0.027599 4.365196
v -0.225402 0.033710 4.384978
v -0.225327 0.029114 4.405167
v -0.225067 0.015041 4.420352
v -0.224691 -0.004738 4.426466
v -0.224301 -0.024923 4.421868
v -0.224001 -0.040106 4.407793
v -0.223871 -0.046217 4.388011
v -0.223946 -0.041621 4.367822
v -0.224206 -0.027548 4.352636
v -0.224582 -0.007769 4.346523
v -0.160021 0.013498 4.351156
v -0.160241 0.028681 4.365232
v -0.160336 0.034794 4.385015
v -0.160281 0.030197 4.405203
v -0.160090 0.016122 4.420388
v -0.159814 -0.003658 4.426502
v -0.159528 -0.023845 4.421905
v -0.159308 -0.039029 4.407829
v -0.159213 -0.045141 4.388046
v -0.159268 -0.040544 4.367857
v -0.159459 -0.026470 4.352672
v -0.159735 -0.006689 4.346559
v -0.095861 0.014236 4.351180
v -0.096000 0.029420 4.365255
v -0.096060 0.035533 4.385038
v -0.096025 0.030936 4.405227
v -0.095904 0.016861 4.420412
v -0.095730 -0.002921 4.426525
v -0.095549 -0.023109 4.421928
v -0.095409 -0.038294 4.407852
v -0.095350 -0.044406 4.388070
v -0.095385 -0.039809 4.367881
v -0.095506 -0.025734 4.352696
v -0.095680 -0.005952 4.346583
v -0.032191 0.014637 4.351192
v -0.032248 0.029822 4.365267
v -0.032273 0.035935 4.385050
v -0.032257 0.031338 4.405239
v -0.032207 0.017262 4.420424
v -0.032134 -0.002520 4.426537
v -0.032059 -0.022709 4.421940
v -0.032002 -0.037894 4.407864
v -0.031977 -0.044007 4.388082
v -0.031992 -0.039410 4.367893
v -0.032043 -0.025334 4.352707
v -0.032116 -0.005552 4.346594
v 0.031292 0.014706 4.351192
v 0.031316 0.029892 4.365267
v 0.031327 0.036005 4.385050
v 0.031322 0.031408 4.405239
v 0.031303 0.017332 4.420424
v 0.031274 -0.002451 4.426537
v 0.031243 -0.022639 4.421940
v 0.031219 -0.037825 4.407864
v 0.031208 -0.043938 4.388082
v 0.031213 -0.039340 4.367893
v 0.031233 -0.025265 4.352707
v 0.031262 -0.005482 4.346594
v 0.094889 0.014447 4.351180
v 0.094994 0.029632 4.365255
v 0.095040 0.035745 4.385038
v 0.095015 0.031148 4.405227
v 0.094926 0.017072 4.420412
v 0.094796 -0.002710 4.426525
v 0.094661 -0.022898 4.421928
v 0.094557 -0.038083 4.407852
v 0.094511 -0.044196 4.388070
v 0.094536 -0.039599 4.367881
v 0.094625 -0.025523 4.352696
v 0.094754 -0.005741 4.346583
v 0.158900 0.013860 4.351156
v 0.159083 0.029045 4.365232
v 0.159163 0.035157 4.385015
v 0.159119 0.030560 4.405203
v 0.158962 0.016485 4.420388
v 0.158734 -0.003296 4.426502
v 0.158497 -0.023483 4.421905
v 0.158314 -0.038667 4.407829
v 0.158233 -0.044780 4.388046
v 0.158277 -0.040183 4.367857
v 0.158434 -0.026108 4.352672
v 0.158662 -0.006327 4.346559
v 0.223624 0.012945 4.351120
v 0.223884 0.028128 4.365196
v 0.223998 0.034240 4.384978
v 0.223935 0.029643 4.405167
v 0.223712 0.015570 4.420352
v 0.223389 -0.004210 4.426466
v 0.223052 -0.024396 4.421868
v 0.222791 -0.039579 4.407793
v 0.222677 -0.045691 4.388011
v 0.222740 -0.041095 4.367822
v 0.222963 -0.027021 4.352636
v 0.223287 -0.007241 4.346523
v 0.289362 0.011699 4.351071
v 0.289696 0.026880 4.365147
v 0.289843 0.032992 4.384930
v 0.289762 0.028395 4.405118
v 0.289475 0.014323 4.420304
v 0.289060 -0.005455 4.426417
v 0.288626 -0.025639 4.421820
v 0.288292 -0.040821 4.407744
v 0.288145 -0.046933 4.387962
v 0.288226 -0.042336 4.367773
v 0.288513 -0.028264 4.352588
v 0.288928 -0.008486 4.346475
v 0.356412 0.010117 4.351009
v 0.356818 0.025297 4.365085
v 0.356996 0.031408 4.384867
v 0.356898 0.026812 4.405056
v 0.356550 0.012740 4.420241
v 0.356046 -0.007036 4.426355
v 0.355521 -0.027218 4.421758
v 0.355115 -0.042398 4.407682
v 0.354937 -0.048508 4.387900
v 0.355035 -0.043912 4.367711
v 0.355383 -0.029841 4.352526
v 0.355887 -0.010065 4.346412
v 0.425074 0.008193 4.350933
v 0.425548 0.023371 4.365008
v 0.425756 0.029481 4.384791
v 0.425642 0.024886 4.404979
v 0.425236 0.010816 4.420165
v 0.424648 -0.008957 4.426279
v 0.424035 -0.029137 4.421681
v 0.423561 -0.044315 4.407606
v 0.423353 -0.050425 4.387824
v 0.423467 -0.045829 4.367635
v 0.423873 -0.031760 4.352449
v 0.424461 -0.011986 4.346336
v 0.495646 0.005920 4.350841
v 0.496184 0.021096 4.364916
v 0.496421 0.027205 4.384699
v 0.496292 0.022610 4.404888
v 0.495832 0.008542 4.420073
v 0.495164 -0.011229 4.426187
v 0.494468 -0.031406 4.421590
v 0.493929 -0.046582 4.407515
v 0.493693 -0.052691 4.387732
v 0.493822 -0.048096 4.367543
v 0.494282 -0.034028 4.352358
v 0.494949 -0.014257 4.346244
v 0.568425 0.003287 4.350733
v 0.569025 0.018461 4.364808
v 0.569288 0.024569 4.384591
v 0.569145 0.019974 4.404779
v 0.568634 0.005908 4.419965
v 0.567892 -0.013860 4.426079
v 0.567117 -0.034034 4.421482
v 0.566517 -0.049208 4.407407
v 0.566254 -0.055316 4.387624
v 0.566396 -0.050722 4.367435
v 0.566908 -0.036656 4.352250
v 0.567650 -0.016887 4.346136
v 0.643710 0.000282 4.350607
v 0.644367 0.015453 4.364682
v 0.644657 0.021560 4.384464
v 0.644501 0.016966 4.404653
v 0.643942 0.002902 4.419839
v 0.643129 -0.016864 4.425953
v 0.642280 -0.037035 4.421356
v 0.641623 -0.052206 4.407281
v 0.641334 -0.058313 4.387499
v 0.641490 -0.053719 4.367310
v 0.642049 -0.039655 4.352124
v 0.642862 -0.019889 4.346010
v 0.721798 -0.003109 4.350461
v 0.722509 0.012060 4.364537
v 0.722823 0.018166 4.384319
v 0.722655 0.013573 4.404508
v 0.722051 -0.000490 4.419694
v 0.721173 -0.020252 4.425807
v 0.720255 -0.040420 4.421211
v 0.719544 -0.055590 4.407136
v 0.719230 -0.061696 4.387354
v 0.719398 -0.057102 4.367165
v 0.720002 -0.043040 4.351979
v 0.720880 -0.023277 4.345865
v 0.802985 -0.006901 4.350296
v 0.803747 0.008266 4.364370
v 0.804084 0.014371 4.384153
v 0.803906 0.009778 4.404342
v 0.803260 -0.004282 4.419528
v 0.802320 -0.024042 4.425642
v 0.801337 -0.044207 4.421045
v 0.800575 -0.059374 4.406971
v 0.800238 -0.065479 4.387188
v 0.800417 -0.060886 4.366999
v 0.801062 -0.046826 4.351813
v 0.802002 -0.027066 4.345699
v 0.887561 -0.011111 4.350106
v 0.888373 0.004053 4.364181
v 0.888735 0.010157 4.383963
v 0.888551 0.005564 4.404151
v 0.887869 -0.008494 4.419338
v 0.886873 -0.028251 4.425452
v 0.885829 -0.048413 4.420856
v 0.885017 -0.063578 4.406781
v 0.884655 -0.069681 4.386999
v 0.884839 -0.065089 4.366810
v 0.885521 -0.051030 4.351624
v 0.886517 -0.031273 4.345510
v 0.975764 -0.015754 4.349859
v 0.976634 -0.000592 4.363934
v 0.977036 0.005509 4.383716
v 0.976864 0.000916 4.403905
v 0.976162 -0.013142 4.419091
v 0.975119 -0.032896 4.425205
v 0.974015 -0.053055 4.420609
v 0.973145 -0.068216 4.406535
v 0.972743 -0.074318 4.386753
v 0.972916 -0.069725 4.366564
v 0.973617 -0.055667 4.351377
v 0.974660 -0.035913 4.345263
v 1.067728 -0.020832 4.349434
v 1.068676 -0.005675 4.363508
v 1.069151 0.000423 4.383290
v 1.069027 -0.004173 4.403478
v 1.068335 -0.018231 4.418664
v 1.067263 -0.037984 4.424778
v 1.066096 -0.058140 4.420183
v 1.065148 -0.073297 4.406109
v 1.064673 -0.079394 4.386327
v 1.064798 -0.074798 4.366138
v 1.065489 -0.060740 4.350953
v 1.066561 -0.040987 4.344838
v 1.163477 -0.026337 4.348602
v 1.164535 -0.011187 4.362676
v 1.165133 -0.005096 4.382456
v 1.165110 -0.009698 4.402644
v 1.164473 -0.023759 4.417830
v 1.163393 -0.043512 4.423944
v 1.162159 -0.063663 4.419349
v 1.161101 -0.078814 4.405275
v 1.160503 -0.084904 4.385495
v 1.160526 -0.080302 4.365307
v 1.161162 -0.066241 4.350122
v 1.162243 -0.046489 4.344007
v 1.262929 -0.032249 4.347036
v 1.264139 -0.017108 4.361107
v 1.264923 -0.011028 4.380884
v 1.265072 -0.015640 4.401069
v 1.264546 -0.029708 4.416253
v 1.263485 -0.049462 4.422367
v 1.262174 -0.069609 4.417773
v 1.260964 -0.084750 4.403703
v 1.260179 -0.090830 4.383925
v 1.260030 -0.086218 4.363740
v 1.260557 -0.072150 4.348557
v 1.261618 -0.052396 4.342443
v 1.365893 -0.038536 4.344305
v 1.367307 -0.023407 4.358369
v 1.368356 -0.017344 4.378139
v 1.368759 -0.021971 4.398317
v 1.368408 -0.036050 4.413496
v 1.367398 -0.055807 4.419609
v 1.365999 -0.075948 4.415018
v 1.364585 -0.091077 4.400953
v 1.363536 -0.097141 4.381183
v 1.363133 -0.092513 4.361005
v 1.363484 -0.078435 4.345826
v 1.364494 -0.058678 4.339713
v 1.472069 -0.045155 4.339875
v 1.473747 -0.030042 4.353929
v 1.475151 -0.024001 4.373683
v 1.475905 -0.028650 4.393846
v 1.475807 -0.042744 4.409014
v 1.474883 -0.062506 4.415123
v 1.473381 -0.082641 4.410536
v 1.471702 -0.097754 4.396482
v 1.470298 -0.103795 4.376728
v 1.469544 -0.099146 4.356565
v 1.469642 -0.085052 4.341397
v 1.470566 -0.065290 4.335288
v 1.581043 -0.052048 4.333115
v 1.583056 -0.036957 4.347147
v 1.584921 -0.030945 4.366873
v 1.586136 -0.035623 4.387006
v 1.586378 -0.049739 4.402153
v 1.585580 -0.069509 4.408254
v 1.583956 -0.089636 4.403675
v 1.581943 -0.104728 4.389642
v 1.580078 -0.110740 4.369917
v 1.578863 -0.106062 4.349783
v 1.578621 -0.091946 4.334637
v 1.579419 -0.072176 4.328536
v 1.692289 -0.059151 4.323296
v 1.694719 -0.044086 4.337290
v 1.697164 -0.038111 4.356964
v 1.698968 -0.042827 4.377044
v 1.699647 -0.056970 4.392151
v 1.699020 -0.076751 4.398237
v 1.697255 -0.096870 4.393671
v 1.694824 -0.111935 4.379676
v 1.692379 -0.117910 4.360003
v 1.690576 -0.113194 4.339922
v 1.689896 -0.099050 4.324815
v 1.690524 -0.079269 4.318729
v 1.805167 -0.066382 4.309589
v 1.808108 -0.051350 4.323521
v 1.811270 -0.045421 4.343106
v 1.813804 -0.050184 4.363097
v 1.815033 -0.064362 4.378136
v 1.814627 -0.084157 4.384194
v 1.812695 -0.104265 4.379648
v 1.809754 -0.119297 4.365716
v 1.806593 -0.125227 4.346131
v 1.804058 -0.120464 4.326141
v 1.802829 -0.106285 4.311102
v 1.803235 -0.086490 4.305044
v 1.918925 -0.073652 4.291077
v 1.922482 -0.058659 4.304907
v 1.926514 -0.052786 4.324349
v 1.929942 -0.057605 4.344192
v 1.931847 -0.071827 4.359119
v 1.931718 -0.091640 4.365132
v 1.929590 -0.111735 4.360619
v 1.926033 -0.126728 4.346788
v 1.922000 -0.132602 4.327347
v 1.918573 -0.127782 4.307504
v 1.916668 -0.113561 4.292576
v 1.916797 -0.093748 4.286564
v 2.032698 -0.080859 4.266750
v 2.036989 -0.065912 4.280421
v 2.042065 -0.060105 4.299636
v 2.046566 -0.064992 4.319247
v 2.049286 -0.079265 4.333998
v 2.049496 -0.099100 4.339937
v 2.047140 -0.119181 4.335473
v 2.042849 -0.134127 4.321802
v 2.037773 -0.139935 4.302587
v 2.033272 -0.135047 4.282976
v 2.030552 -0.120774 4.268225
v 2.030342 -0.100940 4.262286
v 2.145515 -0.087888 4.235512
v 2.150669 -0.072995 4.248941
v 2.156976 -0.067264 4.267812
v 2.162747 -0.072231 4.287067
v 2.166434 -0.086564 4.301547
v 2.167051 -0.106424 4.307373
v 2.164431 -0.126488 4.302982
v 2.159276 -0.141381 4.289553
v 2.152969 -0.147112 4.270682
v 2.147199 -0.142146 4.251428
v 2.143511 -0.127812 4.236947
v 2.142895 -0.107953 4.231122
v 2.256311 -0.094618 4.196185
v 2.262462 -0.079785 4.209257
v 2.270196 -0.074141 4.227616
v 2.277439 -0.079197 4.246343
v 2.282252 -0.093598 4.260419
v 2.283344 -0.113486 4.266074
v 2.280423 -0.133533 4.261792
v 2.274272 -0.148365 4.248720
v 2.266538 -0.154010 4.230361
v 2.259295 -0.148954 4.211634
v 2.254482 -0.134552 4.197558
v 2.253390 -0.114664 4.191903
v 2.363936 -0.100915 4.147506
v 2.371213 -0.086148 4.160064
v 2.380558 -0.080597 4.177687
v 2.389470 -0.085751 4.195652
v 2.395559 -0.100227 4.209146
v 2.397194 -0.120147 4.214553
v 2.393936 -0.140173 4.210424
v 2.386660 -0.154940 4.197866
v 2.377314 -0.160491 4.180243
v 2.368403 -0.155338 4.162278
v 2.362314 -0.140861 4.148784
v 2.360679 -0.120941 4.143377
v 2.467183 -0.106639 4.088113
v 2.475687 -0.091940 4.099959
v 2.486796 -0.086487 4.116560
v 2.497533 -0.091741 4.133467
v 2.505020 -0.106294 4.146150
v 2.507252 -0.126247 4.151210
v 2.503630 -0.146254 4.147293
v 2.495126 -0.160953 4.135447
v 2.484017 -0.166406 4.118846
v 2.473280 -0.161152 4.101940
v 2.465793 -0.146599 4.089256
v 2.463561 -0.126645 4.084196
v 2.564795 -0.111643 4.016523
v 2.574581 -0.097009 4.027423
v 2.587531 -0.091650 4.042664
v 2.600176 -0.097001 4.058163
v 2.609126 -0.111630 4.069765
v 2.611985 -0.131615 4.074363
v 2.607985 -0.151602 4.070725
v 2.598200 -0.166235 4.059824
v 2.585250 -0.171594 4.044583
v 2.572605 -0.166243 4.029085
v 2.563655 -0.151615 4.017482
v 2.560796 -0.131630 4.012884
v 2.655479 -0.115770 3.931086
v 2.666523 -0.101193 3.940794
v 2.681284 -0.095916 3.954322
v 2.695807 -0.101353 3.968043
v 2.706199 -0.116046 3.978281
v 2.709677 -0.136059 3.982294
v 2.705307 -0.156030 3.979005
v 2.694263 -0.170606 3.969296
v 2.679502 -0.175883 3.955769
v 2.664980 -0.170447 3.942048
v 2.654588 -0.155753 3.931809
v 2.651110 -0.135740 3.927797
v 2.737861 -0.118852 3.829950
v 2.750053 -0.104318 3.838247
v 2.766466 -0.099103 3.849742
v 2.782702 -0.104604 3.861355
v 2.794411 -0.119346 3.869974
v 2.798455 -0.139380 3.873289
v 2.793751 -0.159338 3.870413
v 2.781559 -0.173872 3.862116
v 2.765146 -0.179087 3.850621
v 2.748909 -0.173587 3.839009
v 2.737201 -0.158844 3.830390
v 2.733157 -0.138810 3.827074
v 2.810438 -0.120706 3.711050
v 2.823586 -0.106196 3.717782
v 2.841376 -0.101016 3.727022
v 2.859042 -0.106553 3.736295
v 2.871849 -0.121324 3.743116
v 2.876367 -0.141370 3.745656
v 2.871384 -0.161321 3.743236
v 2.858236 -0.175830 3.736504
v 2.840445 -0.181010 3.727263
v 2.822780 -0.175473 3.717990
v 2.809972 -0.160703 3.711170
v 2.805455 -0.140656 3.708629
v 2.871506 -0.121125 3.572140
v 2.885372 -0.106621 3.577249
v 2.904196 -0.101448 3.584149
v 2.922935 -0.106993 3.590992
v 2.936568 -0.121769 3.595944
v 2.941441 -0.141818 3.597678
v 2.936250 -0.161768 3.595730
v 2.922385 -0.176272 3.590621
v 2.903561 -0.181445 3.583721
v 2.884822 -0.175900 3.576878
v 2.871189 -0.161124 3.571926
v 2.866315 -0.141075 3.570192
v 2.919142 -0.119886 3.410871
v 2.933480 -0.105370 3.414393
v 2.952987 -0.100180 3.419005
v 2.972435 -0.105707 3.423470
v 2.986613 -0.120470 3.426594
v 2.991723 -0.140513 3.427537
v 2.986394 -0.160465 3.426049
v 2.972056 -0.174982 3.422527
v 2.952549 -0.180171 3.417915
v 2.933101 -0.174645 3.413450
v 2.918922 -0.159882 3.410326
v 2.913813 -0.139839 3.409383
v 2.951215 -0.116746 3.224845
v 2.965813 -0.102205 3.226890
v 2.985694 -0.096980 3.229371
v 3.005531 -0.102470 3.231623
v 3.020008 -0.117204 3.233043
v 3.025247 -0.137235 3.233250
v 3.019844 -0.157195 3.232188
v 3.005246 -0.171735 3.230143
v 2.985365 -0.176961 3.227662
v 2.965528 -0.171471 3.225410
v 2.951050 -0.156736 3.223990
v 2.945811 -0.136706 3.223784
v 2.965438 -0.111450 3.011685
v 2.980129 -0.096877 3.012390
v 3.000145 -0.091604 3.012937
v 3.020121 -0.097044 3.013178
v 3.034706 -0.111740 3.013050
v 3.039992 -0.131755 3.012587
v 3.034561 -0.151724 3.011912
v 3.019870 -0.166298 3.011207
v 2.999855 -0.171571 3.010661
v 2.979878 -0.166130 3.010419
v 2.965293 -0.151434 3.010547
v 2.960008 -0.131420 3.011011
vn 0.0198 0.0284 -0.9994
vn 0.0183 0.0439 -0.9989
vn 0.8640 0.5036 -0.0024
vn 0.4943 0.8690 0.0219
vn -0.0081 0.9992 0.0402
vn -0.5066 0.8608 0.0478
vn -0.8685 0.4939 0.0426
vn -0.9997 -0.0026 0.0261
vn -0.8671 -0.4982 0.0028
vn -0.5047 -0.8630 -0.0213
vn -0.0066 -0.9992 -0.0399
vn 0.4951 -0.8675 -0.0477
vn 0.8643 -0.5012 -0.0427
vn 0.9997 0.0013 -0.0261
vn 0.8613 0.5060 -0.0474
vn 0.4918 0.8707 -0.0063
vn -0.0092 0.9993 0.0364
vn -0.5058 0.8598 0.0693
vn -0.8664 0.4924 0.0836
vn -0.9971 -0.0044 0.0758
vn -0.8647 -0.4999 0.0480
vn -0.5034 -0.8640 0.0074
vn -0.0071 -0.9994 -0.0352
vn 0.4930 -0.8673 -0.0685
vn 0.8617 -0.5005 -0.0835
vn 0.9971 0.0030 -0.0757
vn 0.8487 0.5093 -0.1426
vn 0.4833 0.8730 -0.0658
vn -0.0113 0.9995 0.0286
vn -0.5007 0.8579 0.1149
vn -0.8554 0.4892 0.1704
vn -0.9835 -0.0078 0.1809
vn -0.8525 -0.5025 0.1436
vn -0.4963 -0.8655 0.0684
vn -0.0069 -0.9997 -0.0252
vn 0.4864 -0.8665 -0.1125
vn 0.8502 -0.4984 -0.1696
vn 0.9835 0.0062 -0.1808
vn 0.8228 0.5119 -0.2468
vn 0.4666 0.8748 -0.1307
vn -0.0144 0.9997 0.0203
vn -0.4892 0.8564 0.1651
vn -0.8322 0.4867 0.2656
vn -0.9552 -0.0103 0.2959
vn -0.8270 -0.5044 0.2484
vn -0.4805 -0.8665 0.1352
vn -0.0052 -0.9999 -0.0142
vn 0.4738 -0.8659 -0.1605
vn 0.8267 -0.4969 -0.2640
vn 0.9552 0.0086 -0.2958
vn 0.7810 0.5133 -0.3558
vn 0.4401 0.8757 -0.1985
vn -0.0184 0.9998 0.0118
vn -0.4696 0.8556 0.2179
vn -0.7943 0.4854 0.3653
vn -0.9092 -0.0115 0.4163
vn -0.7853 -0.5052 0.3579
vn -0.4544 -0.8669 0.2052
vn -0.0016 -1.0000 -0.0026
vn 0.4540 -0.8657 -0.2107
vn 0.7887 -0.4963 -0.3627
vn 0.9092 0.0097 -0.4162
vn 0.7225 0.5130 -0.4635
vn 0.4034 0.8756 -0.2655
vn -0.0233 0.9997 0.0034
vn -0.4416 0.8556 0.2700
vn -0.7410 0.4856 0.4639
vn -0.8447 -0.0111 0.5352
vn -0.7267 -0.5047 0.4661
vn -0.4172 -0.8665 0.2741
vn 0.0042 -1.0000 0.0087
vn 0.4267 -0.8661 -0.2605
vn 0.7357 -0.4968 -0.4604
vn 0.8447 0.0092 -0.5352
vn 0.6495 0.5110 -0.5631
vn 0.3581 0.8744 -0.3275
vn -0.0289 0.9996 -0.0044
vn -0.4061 0.8566 0.3182
vn -0.6741 0.4875 0.5550
vn -0.7640 -0.0089 0.6452
vn -0.6533 -0.5027 0.5660
vn -0.3705 -0.8653 0.3377
vn 0.0118 -0.9998 0.0188
vn 0.3929 -0.8669 -0.3068
vn 0.6694 -0.4985 -0.5508
vn 0.7640 0.0071 -0.6452
vn 0.5668 0.5075 -0.6490
vn 0.3070 0.8721 -0.3812
vn -0.0348 0.9993 -0.0114
vn -0.3656 0.8585 0.3595
vn -0.5981 0.4908 0.6336
vn -0.6725 -0.0052 0.7401
vn -0.5702 -0.4996 0.6521
vn -0.3174 -0.8634 0.3922
vn 0.0206 -0.9994 0.0270
vn 0.3547 -0.8682 -0.3471
vn 0.5942 -0.5012 -0.6290
vn 0.6724 0.0035 -0.7402
vn 0.4806 0.5029 -0.7184
vn 0.2538 0.8690 -0.4247
vn -0.0408 0.9990 -0.0174
vn -0.3232 0.8610 0.3927
vn -0.5187 0.4952 0.6970
vn -0.5770 -0.0004 0.8167
vn -0.4834 -0.4957 0.7215
vn -0.2621 -0.8611 0.4357
vn 0.0297 -0.9990 0.0331
vn 0.3147 -0.8697 -0.3802
vn 0.5158 -0.5046 -0.6924
vn 0.5769 -0.0011 -0.8168
vn 0.3967 0.4977 -0.7713
vn 0.2021 0.8656 -0.4581
vn -0.0465 0.9987 -0.0224
vn -0.2817 0.8638 0.4176
vn -0.4413 0.5000 0.7451
vn -0.4839 0.0049 0.8751
vn -0.3989 -0.4913 0.7742
vn -0.2083 -0.8585 0.4685
vn 0.0383 -0.9986 0.0372
vn 0.2755 -0.8714 -0.4058
vn 0.4392 -0.5083 -0.7408
vn 0.4838 -0.0062 -0.8752
vn 0.3191 0.4925 -0.8097
vn 0.1543 0.8622 -0.4825
vn -0.0518 0.9983 -0.0262
vn -0.2433 0.8667 0.4355
vn -0.3695 0.5050 0.7800
vn -0.3977 0.0103 0.9174
vn -0.3208 -0.4870 0.8124
vn -0.1588 -0.8560 0.4920
vn 0.0459 -0.9982 0.0397
vn 0.2390 -0.8732 -0.4248
vn 0.3681 -0.5121 -0.7760
vn 0.3976 -0.0114 -0.9175
vn 0.2502 0.4877 -0.8364
vn 0.1118 0.8590 -0.4997
vn -0.0564 0.9980 -0.0292
vn -0.2090 0.8694 0.4478
vn -0.3056 0.5097 0.8043
vn -0.3210 0.0154 0.9469
vn -0.2514 -0.4829 0.8388
vn -0.1150 -0.8537 0.5080
vn 0.0524 -0.9978 0.0410
vn 0.2061 -0.8748 -0.4384
vn 0.3047 -0.5157 -0.8008
vn 0.3209 -0.0163 -0.9470
vn 0.1905 0.4832 -0.8545
vn 0.0752 0.8560 -0.5114
vn -0.0602 0.9977 -0.0314
vn -0.1792 0.8718 0.4559
vn -0.2501 0.5139 0.8206
vn -0.2546 0.0200 0.9668
vn -0.1914 -0.4792 0.8566
vn -0.0774 -0.8516 0.5185
vn 0.0576 -0.9975 0.0415
vn 0.1774 -0.8763 -0.4478
vn 0.2496 -0.5189 -0.8176
vn 0.2545 -0.0206 -0.9668
vn 0.1401 0.4794 -0.8663
vn 0.0443 0.8535 -0.5192
vn -0.0633 0.9974 -0.0330
vn -0.1537 0.8740 0.4610
vn -0.2030 0.5176 0.8312
vn -0.1983 0.0239 0.9799
vn -0.1408 -0.4760 0.8681
vn -0.0458 -0.8498 0.5252
vn 0.0616 -0.9972 0.0415
vn 0.1526 -0.8777 -0.4543
vn 0.2028 -0.5217 -0.8287
vn 0.1982 -0.0245 -0.9799
vn 0.0982 0.4762 -0.8738
vn 0.0188 0.8514 -0.5242
vn -0.0656 0.9973 -0.0342
vn -0.1323 0.8758 0.4641
vn -0.1636 0.5208 0.8379
vn -0.1513 0.0273 0.9881
vn -0.0987 -0.4733 0.8753
vn -0.0198 -0.8483 0.5292
vn 0.0645 -0.9971 0.0412
vn 0.1317 -0.8788 -0.4586
vn 0.1635 -0.5241 -0.8358
vn 0.1513 -0.0277 -0.9881
vn 0.0641 0.4735 -0.8785
vn -0.0018 0.8496 -0.5274
vn -0.0672 0.9971 -0.0351
vn -0.1145 0.8774 0.4659
vn -0.1311 0.5234 0.8419
vn -0.1128 0.0301 0.9932
vn -0.0644 -0.4712 0.8797
vn 0.0012 -0.8471 0.5315
vn 0.0665 -0.9969 0.0408
vn 0.1141 -0.8798 -0.4615
vn 0.1311 -0.5260 -0.8403
vn 0.1128 -0.0304 -0.9932
vn 0.0367 0.4713 -0.8812
vn -0.0181 0.8482 -0.5294
vn -0.0680 0.9970 -0.0358
vn -0.0997 0.8787 0.4669
vn -0.1047 0.5256 0.8443
vn -0.0817 0.0324 0.9961
vn -0.0370 -0.4694 0.8822
vn 0.0177 -0.8461 0.5327
vn 0.0677 -0.9969 0.0403
vn 0.0995 -0.8806 -0.4633
vn 0.1047 -0.5276 -0.8430
vn 0.0817 -0.0325 -0.9961
vn 0.0154 0.4696 -0.8827
vn -0.0305 0.8471 -0.5306
vn -0.0682 0.9970 -0.0363
vn -0.0876 0.8798 0.4673
vn -0.0836 0.5273 0.8455
vn -0.0572 0.0342 0.9978
vn -0.0156 -0.4681 0.8836
vn 0.0302 -0.8455 0.5332
vn 0.0680 -0.9969 0.0398
vn 0.0876 -0.8812 -0.4646
vn 0.0836 -0.5288 -0.8446
vn 0.0572 -0.0342 -0.9978
vn -0.0006 0.4684 -0.8835
vn -0.0395 0.8463 -0.5313
vn -0.0678 0.9970 -0.0367
vn -0.0779 0.8806 0.4673
vn -0.0672 0.5287 0.8461
vn -0.0385 0.0356 0.9986
vn 0.0005 -0.4671 0.8842
vn 0.0393 -0.8450 0.5333
vn 0.0677 -0.9969 0.0394
vn 0.0779 -0.8817 -0.4654
vn 0.0672 -0.5298 -0.8455
vn 0.0385 -0.0354 -0.9986
vn -0.0120 0.4675 -0.8839
vn -0.0454 0.8457 -0.5317
vn -0.0667 0.9971 -0.0371
vn -0.0701 0.8813 0.4673
vn -0.0547 0.5298 0.8464
vn -0.0247 0.0366 0.9990
vn 0.0119 -0.4665 0.8845
vn 0.0453 -0.8448 0.5332
vn 0.0666 -0.9970 0.0390
vn 0.0701 -0.8821 -0.4659
vn 0.0548 -0.5304 -0.8460
vn 0.0247 -0.0363 -0.9990
vn -0.0194 0.4669 -0.8841
vn -0.0488 0.8454 -0.5320
vn -0.0651 0.9972 -0.0374
vn -0.0639 0.8819 0.4671
vn -0.0457 0.5305 0.8464
vn -0.0152 0.0372 0.9992
vn 0.0193 -0.4661 0.8845
vn 0.0487 -0.8447 0.5330
vn 0.0650 -0.9971 0.0386
vn 0.0639 -0.8823 -0.4663
vn 0.0457 -0.5308 -0.8462
vn 0.0152 -0.0369 -0.9992
vn -0.0235 0.4665 -0.8842
vn -0.0498 0.8452 -0.5322
vn -0.0629 0.9973 -0.0376
vn -0.0591 0.8823 0.4669
vn -0.0394 0.5311 0.8464
vn -0.0093 0.0377 0.9992
vn 0.0234 -0.4659 0.8845
vn 0.0498 -0.8447 0.5329
vn 0.0629 -0.9973 0.0383
vn 0.0591 -0.8825 -0.4666
vn 0.0394 -0.5311 -0.8464
vn 0.0092 -0.0373 -0.9993
vn -0.0249 0.4664 -0.8842
vn -0.0491 0.8451 -0.5323
vn -0.0602 0.9975 -0.0378
vn -0.0552 0.8827 0.4668
vn -0.0353 0.5315 0.8463
vn -0.0060 0.0379 0.9993
vn 0.0249 -0.4659 0.8845
vn 0.0491 -0.8449 0.5327
vn 0.0602 -0.9975 0.0381
vn 0.0552 -0.8827 -0.4667
vn 0.0353 -0.5313 -0.8465
vn 0.0060 -0.0374 -0.9993
vn -0.0245 0.4664 -0.8843
vn -0.0472 0.8452 -0.5324
vn -0.0571 0.9976 -0.0379
vn -0.0518 0.8829 0.4667
vn -0.0326 0.5317 0.8463
vn -0.0047 0.0380 0.9993
vn 0.0245 -0.4659 0.8845
vn 0.0471 -0.8450 0.5327
vn 0.0571 -0.9976 0.0380
vn 0.0518 -0.8828 -0.4668
vn 0.0326 -0.5313 -0.8465
vn 0.0046 -0.0375 -0.9993
vn -0.0233 0.4664 -0.8842
vn -0.0445 0.8453 -0.5324
vn -0.0538 0.9978 -0.0379
vn -0.0486 0.8831 0.4667
vn -0.0305 0.5318 0.8463
vn -0.0042 0.0381 0.9993
vn 0.0233 -0.4660 0.8845
vn 0.0445 -0.8452 0.5326
vn 0.0538 -0.9978 0.0380
vn 0.0486 -0.8830 -0.4669
vn 0.0305 -0.5314 -0.8466
vn 0.0041 -0.0375 -0.9993
vn -0.0218 0.4665 -0.8842
vn -0.0415 0.8455 -0.5323
vn -0.0501 0.9980 -0.0379
vn -0.0453 0.8833 0.4667
vn -0.0284 0.5320 0.8463
vn -0.0038 0.0381 0.9993
vn 0.0217 -0.4660 0.8845
vn 0.0415 -0.8453 0.5326
vn 0.0501 -0.9980 0.0380
vn 0.0453 -0.8831 -0.4669
vn 0.0284 -0.5315 -0.8466
vn 0.0038 -0.0375 -0.9993
vn -0.0201 0.4666 -0.8842
vn -0.0384 0.8457 -0.5323
vn -0.0463 0.9982 -0.0379
vn -0.0419 0.8834 0.4667
vn -0.0262 0.5321 0.8463
vn -0.0035 0.0381 0.9993
vn 0.0201 -0.4661 0.8845
vn 0.0384 -0.8455 0.5326
vn 0.0463 -0.9982 0.0380
vn 0.0419 -0.8833 -0.4669
vn 0.0262 -0.5316 -0.8466
vn 0.0035 -0.0375 -0.9993
vn -0.0184 0.4667 -0.8842
vn -0.0350 0.8458 -0.5323
vn -0.0423 0.9984 -0.0379
vn -0.0382 0.8836 0.4667
vn -0.0239 0.5322 0.8463
vn -0.0032 0.0382 0.9993
vn 0.0184 -0.4662 0.8845
vn 0.0350 -0.8456 0.5326
vn 0.0423 -0.9984 0.0380
vn 0.0382 -0.8835 -0.4669
vn 0.0239 -0.5317 -0.8466
vn 0.0032 -0.0375 -0.9993
vn -0.0166 0.4668 -0.8842
vn -0.0315 0.8460 -0.5323
vn -0.0380 0.9986 -0.0379
vn -0.0344 0.8838 0.4667
vn -0.0215 0.5323 0.8463
vn -0.0028 0.0382 0.9993
vn 0.0166 -0.4662 0.8845
vn 0.0315 -0.8457 0.5327
vn 0.0380 -0.9986 0.0379
vn 0.0344 -0.8836 -0.4669
vn 0.0215 -0.5318 -0.8466
vn 0.0028 -0.0375 -0.9993
vn -0.0147 0.4669 -0.8842
vn -0.0279 0.8461 -0.5323
vn -0.0336 0.9987 -0.0379
vn -0.0303 0.8839 0.4667
vn -0.0189 0.5324 0.8463
vn -0.0025 0.0382 0.9993
vn 0.0146 -0.4663 0.8845
vn 0.0278 -0.8459 0.5327
vn 0.0336 -0.9987 0.0379
vn 0.0303 -0.8838 -0.4669
vn 0.0189 -0.5319 -0.8466
vn 0.0025 -0.0375 -0.9993
vn -0.0126 0.4670 -0.8842
vn -0.0240 0.8462 -0.5323
vn -0.0289 0.9989 -0.0379
vn -0.0261 0.8841 0.4667
vn -0.0163 0.5325 0.8463
vn -0.0021 0.0383 0.9993
vn 0.0126 -0.4663 0.8845
vn 0.0240 -0.8460 0.5327
vn 0.0289 -0.9989 0.0379
vn 0.0261 -0.8839 -0.4670
vn 0.0163 -0.5319 -0.8466
vn 0.0021 -0.0375 -0.9993
vn -0.0105 0.4670 -0.8842
vn -0.0200 0.8463 -0.5323
vn -0.0241 0.9990 -0.0379
vn -0.0217 0.8842 0.4667
vn -0.0136 0.5326 0.8463
vn -0.0018 0.0383 0.9993
vn 0.0105 -0.4664 0.8845
vn 0.0200 -0.8461 0.5327
vn 0.0241 -0.9990 0.0379
vn 0.0217 -0.8840 -0.4670
vn 0.0136 -0.5320 -0.8466
vn 0.0017 -0.0375 -0.9993
vn -0.0084 0.4671 -0.8842
vn -0.0159 0.8464 -0.5323
vn -0.0191 0.9991 -0.0379
vn -0.0173 0.8843 0.4667
vn -0.0108 0.5326 0.8463
vn -0.0014 0.0383 0.9993
vn 0.0084 -0.4664 0.8845
vn 0.0159 -0.8462 0.5327
vn 0.0191 -0.9991 0.0379
vn 0.0173 -0.8841 -0.4670
vn 0.0107 -0.5321 -0.8466
vn 0.0014 -0.0375 -0.9993
vn -0.0062 0.4671 -0.8842
vn -0.0117 0.8465 -0.5323
vn -0.0140 0.9992 -0.0379
vn -0.0127 0.8843 0.4667
vn -0.0079 0.5327 0.8463
vn -0.0010 0.0383 0.9993
vn 0.0062 -0.4664 0.8845
vn 0.0117 -0.8462 0.5327
vn 0.0140 -0.9992 0.0379
vn 0.0127 -0.8842 -0.4670
vn 0.0079 -0.5321 -0.8466
vn 0.0010 -0.0375 -0.9993
vn -0.0039 0.4671 -0.8842
vn -0.0074 0.8466 -0.5323
vn -0.0089 0.9992 -0.0379
vn -0.0080 0.8844 0.4667
vn -0.0050 0.5327 0.8463
vn -0.0006 0.0383 0.9993
vn 0.0039 -0.4665 0.8845
vn 0.0074 -0.8463 0.5327
vn 0.0089 -0.9992 0.0379
vn 0.0080 -0.8842 -0.4670
vn 0.0050 -0.5321 -0.8466
vn 0.0006 -0.0375 -0.9993
vn -0.0016 0.4672 -0.8842
vn -0.0031 0.8466 -0.5323
vn -0.0037 0.9993 -0.0379
vn -0.0033 0.8844 0.4667
vn -0.0020 0.5328 0.8463
vn -0.0002 0.0383 0.9993
vn 0.0016 -0.4665 0.8845
vn 0.0031 -0.8463 0.5327
vn 0.0037 -0.9993 0.0379
vn 0.0033 -0.8843 -0.4670
vn 0.0020 -0.5322 -0.8466
vn 0.0002 -0.0375 -0.9993
vn 0.0006 0.4672 -0.8842
vn 0.0012 0.8466 -0.5323
vn 0.0015 0.9993 -0.0379
vn 0.0014 0.8844 0.4667
vn 0.0009 0.5328 0.8463
vn 0.0001 0.0383 0.9993
vn -0.0006 -0.4665 0.8845
vn -0.0012 -0.8463 0.5327
vn -0.0015 -0.9993 0.0379
vn -0.0014 -0.8843 -0.4670
vn -0.0009 -0.5322 -0.8466
vn -0.0001 -0.0375 -0.9993
vn 0.0028 0.4671 -0.8842
vn 0.0055 0.8466 -0.5323
vn 0.0066 0.9993 -0.0379
vn 0.0060 0.8844 0.4667
vn 0.0038 0.5327 0.8463
vn 0.0005 0.0383 0.9993
vn -0.0028 -0.4665 0.8845
vn -0.0055 -0.8463 0.5327
vn -0.0066 -0.9993 0.0379
vn -0.0060 -0.8842 -0.4670
vn -0.0038 -0.5322 -0.8466
vn -0.0005 -0.0375 -0.9993
vn 0.0050 0.4671 -0.8842
vn 0.0096 0.8465 -0.5323
vn 0.0116 0.9992 -0.0379
vn 0.0105 0.8844 0.4667
vn 0.0066 0.5327 0.8463
vn 0.0009 0.0383 0.9993
vn -0.0050 -0.4665 0.8845
vn -0.0096 -0.8463 0.5327
vn -0.0116 -0.9992 0.0379
vn -0.0105 -0.8842 -0.4670
vn -0.0066 -0.5321 -0.8466
vn -0.0009 -0.0375 -0.9993
vn 0.0072 0.4671 -0.8842
vn 0.0137 0.8465 -0.5323
vn 0.0165 0.9991 -0.0379
vn 0.0149 0.8843 0.4667
vn 0.0094 0.5327 0.8463
vn 0.0013 0.0383 0.9993
vn -0.0071 -0.4664 0.8845
vn -0.0137 -0.8462 0.5327
vn -0.0165 -0.9991 0.0379
vn -0.0149 -0.8841 -0.4670
vn -0.0094 -0.5321 -0.8466
vn -0.0013 -0.0375 -0.9993
vn 0.0092 0.4670 -0.8842
vn 0.0176 0.8464 -0.5323
vn 0.0212 0.9991 -0.0379
vn 0.0192 0.8842 0.4667
vn 0.0120 0.5326 0.8463
vn 0.0016 0.0383 0.9993
vn -0.0092 -0.4664 0.8845
vn -0.0176 -0.8462 0.5326
vn -0.0212 -0.9991 0.0379
vn -0.0192 -0.8841 -0.4670
vn -0.0120 -0.5321 -0.8466
vn -0.0016 -0.0375 -0.9993
vn 0.0111 0.4670 -0.8842
vn 0.0213 0.8463 -0.5323
vn 0.0257 0.9990 -0.0379
vn 0.0233 0.8841 0.4667
vn 0.0146 0.5325 0.8463
vn 0.0020 0.0382 0.9993
vn -0.0111 -0.4664 0.8845
vn -0.0213 -0.8461 0.5326
vn -0.0257 -0.9989 0.0379
vn -0.0233 -0.8840 -0.4669
vn -0.0146 -0.5320 -0.8466
vn -0.0020 -0.0375 -0.9993
vn 0.0130 0.4669 -0.8842
vn 0.0248 0.8462 -0.5323
vn 0.0300 0.9988 -0.0379
vn 0.0272 0.8840 0.4667
vn 0.0171 0.5324 0.8463
vn 0.0024 0.0382 0.9993
vn -0.0130 -0.4664 0.8845
vn -0.0248 -0.8460 0.5326
vn -0.0300 -0.9988 0.0379
vn -0.0272 -0.8839 -0.4669
vn -0.0170 -0.5320 -0.8466
vn -0.0023 -0.0375 -0.9993
vn 0.0147 0.4668 -0.8842
vn 0.0282 0.8461 -0.5323
vn 0.0341 0.9987 -0.0379
vn 0.0309 0.8839 0.4667
vn 0.0194 0.5324 0.8463
vn 0.0027 0.0382 0.9993
vn -0.0147 -0.4663 0.8845
vn -0.0282 -0.8459 0.5326
vn -0.0341 -0.9987 0.0379
vn -0.0309 -0.8838 -0.4669
vn -0.0194 -0.5319 -0.8466
vn -0.0027 -0.0375 -0.9993
vn 0.0164 0.4668 -0.8842
vn 0.0313 0.8460 -0.5323
vn 0.0379 0.9986 -0.0379
vn 0.0344 0.8838 0.4667
vn 0.0216 0.5323 0.8463
vn 0.0030 0.0381 0.9993
vn -0.0163 -0.4663 0.8845
vn -0.0313 -0.8458 0.5326
vn -0.0379 -0.9986 0.0380
vn -0.0344 -0.8836 -0.4669
vn -0.0216 -0.5318 -0.8466
vn -0.0030 -0.0375 -0.9993
vn 0.0179 0.4667 -0.8842
vn 0.0343 0.8458 -0.5323
vn 0.0415 0.9984 -0.0379
vn 0.0376 0.8836 0.4667
vn 0.0237 0.5322 0.8463
vn 0.0034 0.0381 0.9993
vn -0.0179 -0.4662 0.8845
vn -0.0343 -0.8457 0.5326
vn -0.0415 -0.9984 0.0380
vn -0.0376 -0.8835 -0.4669
vn -0.0237 -0.5318 -0.8466
vn -0.0033 -0.0375 -0.9993
vn 0.0193 0.4666 -0.8843
vn 0.0371 0.8457 -0.5324
vn 0.0449 0.9983 -0.0379
vn 0.0407 0.8835 0.4667
vn 0.0256 0.5321 0.8463
vn 0.0037 0.0381 0.9993
vn -0.0193 -0.4662 0.8845
vn -0.0371 -0.8455 0.5326
vn -0.0449 -0.9983 0.0380
vn -0.0407 -0.8834 -0.4669
vn -0.0256 -0.5317 -0.8465
vn -0.0036 -0.0375 -0.9993
vn 0.0206 0.4665 -0.8843
vn 0.0397 0.8456 -0.5324
vn 0.0481 0.9981 -0.0379
vn 0.0436 0.8833 0.4667
vn 0.0275 0.5320 0.8463
vn 0.0040 0.0380 0.9993
vn -0.0206 -0.4661 0.8845
vn -0.0396 -0.8454 0.5326
vn -0.0481 -0.9981 0.0380
vn -0.0436 -0.8832 -0.4669
vn -0.0275 -0.5316 -0.8465
vn -0.0040 -0.0375 -0.9993
vn 0.0217 0.4665 -0.8843
vn 0.0420 0.8455 -0.5324
vn 0.0510 0.9980 -0.0379
vn 0.0464 0.8832 0.4667
vn 0.0294 0.5318 0.8463
vn 0.0045 0.0380 0.9993
vn -0.0216 -0.4661 0.8845
vn -0.0419 -0.8453 0.5326
vn -0.0510 -0.9980 0.0380
vn -0.0464 -0.8831 -0.4668
vn -0.0294 -0.5316 -0.8465
vn -0.0044 -0.0375 -0.9993
vn 0.0219 0.4665 -0.8843
vn 0.0436 0.8454 -0.5323
vn 0.0537 0.9978 -0.0378
vn 0.0493 0.8830 0.4668
vn 0.0318 0.5317 0.8464
vn 0.0058 0.0379 0.9993
vn -0.0219 -0.4660 0.8845
vn -0.0436 -0.8452 0.5327
vn -0.0537 -0.9978 0.0381
vn -0.0494 -0.8830 -0.4667
vn -0.0318 -0.5315 -0.8465
vn -0.0057 -0.0375 -0.9993
vn 0.0204 0.4666 -0.8842
vn 0.0441 0.8455 -0.5322
vn 0.0560 0.9977 -0.0376
vn 0.0529 0.8827 0.4669
vn 0.0356 0.5313 0.8464
vn 0.0088 0.0377 0.9993
vn -0.0204 -0.4661 0.8845
vn -0.0441 -0.8451 0.5328
vn -0.0560 -0.9977 0.0383
vn -0.0529 -0.8829 -0.4666
vn -0.0356 -0.5314 -0.8464
vn -0.0088 -0.0374 -0.9993
vn 0.0165 0.4669 -0.8841
vn 0.0429 0.8456 -0.5320
vn 0.0579 0.9976 -0.0374
vn 0.0573 0.8824 0.4671
vn 0.0414 0.5309 0.8464
vn 0.0144 0.0374 0.9992
vn -0.0165 -0.4662 0.8845
vn -0.0429 -0.8450 0.5330
vn -0.0579 -0.9976 0.0386
vn -0.0573 -0.8828 -0.4663
vn -0.0414 -0.5312 -0.8463
vn -0.0144 -0.0371 -0.9992
vn 0.0095 0.4675 -0.8840
vn 0.0397 0.8460 -0.5318
vn 0.0593 0.9975 -0.0371
vn 0.0630 0.8819 0.4672
vn 0.0498 0.5302 0.8464
vn 0.0233 0.0368 0.9991
vn -0.0094 -0.4665 0.8845
vn -0.0396 -0.8451 0.5331
vn -0.0593 -0.9975 0.0389
vn -0.0630 -0.8826 -0.4660
vn -0.0499 -0.5308 -0.8460
vn -0.0233 -0.0366 -0.9991
vn -0.0013 0.4682 -0.8836
vn 0.0341 0.8465 -0.5313
vn 0.0603 0.9975 -0.0368
vn 0.0703 0.8813 0.4673
vn 0.0615 0.5293 0.8462
vn 0.0363 0.0359 0.9987
vn 0.0014 -0.4671 0.8842
vn -0.0339 -0.8453 0.5332
vn -0.0602 -0.9974 0.0393
vn -0.0703 -0.8823 -0.4655
vn -0.0616 -0.5303 -0.8456
vn -0.0363 -0.0358 -0.9987
vn -0.0163 0.4693 -0.8829
vn 0.0257 0.8472 -0.5307
vn 0.0608 0.9975 -0.0364
vn 0.0795 0.8805 0.4673
vn 0.0770 0.5282 0.8456
vn 0.0540 0.0348 0.9979
vn 0.0165 -0.4678 0.8837
vn -0.0254 -0.8456 0.5331
vn -0.0606 -0.9974 0.0397
vn -0.0795 -0.8819 -0.4647
vn -0.0771 -0.5295 -0.8448
vn -0.0539 -0.0348 -0.9979
vn -0.0363 0.4708 -0.8815
vn 0.0141 0.8481 -0.5296
vn 0.0607 0.9975 -0.0359
vn 0.0910 0.8796 0.4669
vn 0.0969 0.5267 0.8445
vn 0.0770 0.0333 0.9965
vn 0.0365 -0.4689 0.8825
vn -0.0604 -0.9974 0.0402
vn -0.0908 -0.8814 -0.4636
vn -0.0970 -0.5285 -0.8434
vn -0.0770 -0.0334 -0.9965
vn -0.0619 0.4726 -0.8791
vn -0.0010 0.8493 -0.5279
vn 0.0601 0.9976 -0.0353
vn 0.1051 0.8785 0.4661
vn 0.1219 0.5248 0.8425
vn 0.1062 0.0314 0.9938
vn 0.0622 -0.4704 0.8803
vn 0.0016 -0.8469 0.5317
vn -0.0595 -0.9974 0.0407
vn -0.1047 -0.8807 -0.4619
vn -0.1219 -0.5272 -0.8410
vn -0.1062 -0.0316 -0.9938
vn -0.0939 0.4749 -0.8750
vn -0.0201 0.8508 -0.5251
vn 0.0589 0.9977 -0.0345
vn 0.1221 0.8771 0.4645
vn 0.1526 0.5225 0.8389
vn 0.1424 0.0290 0.9894
vn 0.0943 -0.4722 0.8764
vn 0.0210 -0.8479 0.5298
vn -0.0580 -0.9975 0.0411
vn -0.1215 -0.8799 -0.4594
vn -0.1525 -0.5256 -0.8370
vn -0.1424 -0.0293 -0.9894
vn -0.1330 0.4777 -0.8684
vn -0.0437 0.8526 -0.5207
vn 0.0572 0.9978 -0.0335
vn 0.1426 0.8755 0.4617
vn 0.1899 0.5198 0.8329
vn 0.1865 0.0261 0.9821
vn 0.1336 -0.4744 0.8701
vn 0.0450 -0.8491 0.5263
vn -0.0557 -0.9976 0.0415
vn -0.1416 -0.8789 -0.4555
vn -0.1896 -0.5235 -0.8306
vn -0.1865 -0.0265 -0.9821
vn -0.1801 0.4810 -0.8580
vn -0.0723 0.8548 -0.5139
vn 0.0548 0.9980 -0.0321
vn 0.1670 0.8736 0.4571
vn 0.2344 0.5166 0.8235
vn 0.2395 0.0227 0.9706
vn 0.1809 -0.4771 0.8600
vn 0.0742 -0.8506 0.5206
vn -0.0525 -0.9978 0.0416
vn -0.1654 -0.8778 -0.4496
vn -0.2339 -0.5211 -0.8208
vn -0.2394 -0.0233 -0.9706
vn -0.2359 0.4848 -0.8422
vn -0.1062 0.8573 -0.5037
vn 0.0519 0.9982 -0.0303
vn 0.1956 0.8714 0.4499
vn 0.2869 0.5129 0.8091
vn 0.3020 0.0188 0.9531
vn 0.2370 -0.4802 0.8445
vn 0.1090 -0.8523 0.5116
vn -0.0483 -0.9980 0.0414
vn -0.1931 -0.8764 -0.4411
vn -0.2861 -0.5184 -0.8059
vn -0.3019 -0.0195 -0.9531
vn -0.3006 0.4891 -0.8188
vn -0.1456 0.8602 -0.4888
vn 0.0483 0.9984 -0.0279
vn 0.2287 0.8690 0.4389
vn 0.3477 0.5087 0.7876
vn 0.3745 0.0143 0.9271
vn 0.3022 -0.4838 0.8214
vn 0.1496 -0.8543 0.4978
vn -0.0431 -0.9982 0.0407
vn -0.2249 -0.8750 -0.4288
vn -0.3465 -0.5152 -0.7839
vn -0.3744 -0.0152 -0.9272
vn -0.3740 0.4938 -0.7850
vn -0.1903 0.8633 -0.4675
vn 0.0442 0.9987 -0.0248
vn 0.2660 0.8663 0.4228
vn 0.4165 0.5041 0.7566
vn 0.4565 0.0094 0.8897
vn 0.3760 -0.4877 0.7879
vn 0.1959 -0.8565 0.4775
vn -0.0369 -0.9986 0.0391
vn -0.2606 -0.8734 -0.4115
vn -0.4146 -0.5118 -0.7524
vn -0.4564 -0.0105 -0.8897
vn -0.4543 0.4987 -0.7382
vn -0.2392 0.8665 -0.4382
vn 0.0397 0.9990 -0.0210
vn 0.3069 0.8636 0.4001
vn 0.4916 0.4995 0.7133
vn 0.5462 0.0044 0.8376
vn 0.4569 -0.4917 0.7413
vn 0.2467 -0.8588 0.4489
vn -0.0298 -0.9989 0.0362
vn -0.2994 -0.8717 -0.3880
vn -0.4890 -0.5082 -0.7089
vn -0.5461 -0.0056 -0.8377
vn -0.5383 0.5034 -0.6759
vn -0.2904 0.8695 -0.3995
vn 0.0350 0.9993 -0.0162
vn 0.3495 0.8610 0.3695
vn 0.5701 0.4950 0.6557
vn 0.6399 -0.0005 0.7684
vn 0.5414 -0.4957 0.6791
vn 0.3000 -0.8611 0.4104
vn -0.0221 -0.9993 0.0317
vn -0.3397 -0.8701 -0.3573
vn -0.5666 -0.5048 -0.6513
vn -0.6398 -0.0009 -0.7685
vn -0.6209 0.5074 -0.5974
vn -0.3408 0.8721 -0.3510
vn 0.0302 0.9995 -0.0107
vn 0.3913 0.8588 0.3307
vn 0.6472 0.4912 0.5830
vn 0.7321 -0.0047 0.6812
vn 0.6247 -0.4992 0.6005
vn 0.3525 -0.8632 0.3614
vn -0.0144 -0.9996 0.0255
vn -0.3792 -0.8686 -0.3190
vn -0.6430 -0.5017 -0.5787
vn -0.7321 0.0032 -0.6812
vn -0.6965 0.5104 -0.5044
vn -0.3871 0.8740 -0.2937
vn 0.0256 0.9997 -0.0045
vn 0.4293 0.8572 0.2843
vn 0.7175 0.4884 0.4966
vn 0.8162 -0.0079 0.5777
vn 0.7007 -0.5019 0.5071
vn 0.4004 -0.8649 0.3029
vn -0.0074 -0.9998 0.0174
vn -0.4153 -0.8674 -0.2742
vn -0.7126 -0.4992 -0.4929
vn -0.8162 0.0063 -0.5777
vn -0.7596 0.5119 -0.4012
vn -0.4259 0.8749 -0.2303
vn 0.0214 0.9998 0.0021
vn 0.4607 0.8565 0.2328
vn 0.7761 0.4869 0.4008
vn 0.8864 -0.0097 0.4629
vn 0.7640 -0.5036 0.4034
vn 0.4401 -0.8659 0.2376
vn -0.0019 -1.0000 0.0081
vn -0.4456 -0.8665 -0.2248
vn -0.7707 -0.4977 -0.3978
vn -0.8864 0.0081 -0.4628
vn -0.8071 0.5120 -0.2940
vn -0.4555 0.8749 -0.1645
vn 0.0178 0.9998 0.0090
vn 0.4840 0.8565 0.1792
vn 0.8199 0.4869 0.3012
vn 0.9391 -0.0100 0.3436
vn 0.8114 -0.5041 0.2957
vn 0.4697 -0.8664 0.1698
vn 0.0019 -1.0000 -0.0018
vn -0.4687 -0.8661 -0.1736
vn -0.8145 -0.4971 -0.2992
vn -0.9391 0.0085 -0.3435
vn -0.8386 0.5109 -0.1891
vn -0.4754 0.8741 -0.1000
vn 0.0148 0.9998 0.0158
vn 0.4989 0.8573 0.1269
vn 0.8487 0.4880 0.2039
vn 0.9739 -0.0091 0.2270
vn 0.8427 -0.5037 0.1903
vn 0.4889 -0.8662 0.1033
vn 0.0039 -0.9999 -0.0114
vn -0.4843 -0.8661 -0.1236
vn -0.8435 -0.4974 -0.2027
vn -0.9739 0.0077 -0.2269
vn -0.8560 0.5089 -0.0914
vn -0.4867 0.8726 -0.0398
vn 0.0126 0.9997 0.0224
vn 0.5066 0.8586 0.0784
vn 0.8643 0.4900 0.1134
vn 0.9929 -0.0072 0.1184
vn 0.8597 -0.5024 0.0921
vn 0.4990 -0.8656 0.0415
vn 0.0044 -0.9998 -0.0203
vn -0.4934 -0.8664 -0.0769
vn -0.8596 -0.4984 -0.1129
vn -0.9930 0.0060 -0.1183
vn -0.8607 0.5071 -0.0448
vn -0.4905 0.8714 -0.0111
vn 0.0114 0.9996 0.0256
vn 0.5085 0.8593 0.0553
vn 0.8684 0.4909 0.0702
vn 0.9978 -0.0061 0.0665
vn 0.8641 -0.5012 0.0453
vn 0.5016 -0.8650 0.0120
vn 0.0040 -0.9997 -0.0246
vn -0.4965 -0.8663 -0.0547
vn -0.8641 -0.4984 -0.0700
vn -0.9978 0.0050 -0.0665
vt 0.818182 0.000000
vt 0.636364 0.000000
vt 0.727273 0.000000
vt 0.545455 0.000000
vt 0.909091 0.000000
vt 0.454545 0.000000
vt 1.000000 0.000000
vt 0.363636 0.000000
vt 0.000000 0.000000
vt 0.272727 0.000000
vt 0.090909 0.000000
vt 0.181818 0.000000
vt 0.000000 1.000000
vt 0.014085 1.000000
vt 0.014085 0.916667
vt 0.000000 0.916667
vt 0.000000 0.083333
vt 0.014085 0.083333
vt 0.014085 0.000000
vt 0.000000 0.166667
vt 0.014085 0.166667
vt 0.000000 0.250000
vt 0.014085 0.250000
vt 0.000000 0.333333
vt 0.014085 0.333333
vt 0.000000 0.416667
vt 0.014085 0.416667
vt 0.000000 0.500000
vt 0.014085 0.500000
vt 0.000000 0.583333
vt 0.014085 0.583333
vt 0.000000 0.666667
vt 0.014085 0.666667
vt 0.000000 0.750000
vt 0.014085 0.750000
vt 0.000000 0.833333
vt 0.014085 0.833333
vt 0.028169 1.000000
vt 0.028169 0.916667
vt 0.028169 0.083333
vt 0.028169 0.000000
vt 0.028169 0.166667
vt 0.028169 0.250000
vt 0.028169 0.333333
vt 0.028169 0.416667
vt 0.028169 0.500000
vt 0.028169 0.583333
vt 0.028169 0.666667
vt 0.028169 0.750000
vt 0.028169 0.833333
vt 0.042254 1.000000
vt 0.042254 0.916667
vt 0.042254 0.083333
vt 0.042254 0.000000
vt 0.042254 0.166667
vt 0.042254 0.250000
vt 0.042254 0.333333
vt 0.042254 0.416667
vt 0.042254 0.500000
vt 0.042254 0.583333
vt 0.042254 0.666667
vt 0.042254 0.750000
vt 0.042254 0.833333
vt 0.056338 1.000000
vt 0.056338 0.916667
vt 0.056338 0.083333
vt 0.056338 0.000000
vt 0.056338 0.166667
vt 0.056338 0.250000
vt 0.056338 0.333333
vt 0.056338 0.416667
vt 0.056338 0.500000
vt 0.056338 0.583333
vt 0.056338 0.666667
vt 0.056338 0.750000
vt 0.056338 0.833333
vt 0.070423 1.000000
vt 0.070423 0.916667
vt 0.070423 0.083333
vt 0.070423 0.000000
vt 0.070423 0.166667
vt 0.070423 0.250000
vt 0.070423 0.333333
vt 0.070423 0.416667
vt 0.070423 0.500000
vt 0.070423 0.583333
vt 0.070423 0.666667
vt 0.070423 0.750000
vt 0.070423 0.833333
vt 0.084507 1.000000
vt 0.084507 0.916667
vt 0.084507 0.083333
vt 0.084507 0.000000
vt 0.084507 0.166667
vt 0.084507 0.250000
vt 0.084507 0.333333
vt 0.084507 0.416667
vt 0.084507 0.500000
vt 0.084507 0.583333
vt 0.084507 0.666667
vt 0.084507 0.750000
vt 0.084507 0.833333
vt 0.098592 1.000000
vt 0.098592 0.916667
vt 0.098592 0.083333
vt 0.098592 0.000000
vt 0.098592 0.166667
vt 0.098592 0.250000
vt 0.098592 0.333333
vt 0.098592 0.416667
vt 0.098592 0.500000
vt 0.098592 0.583333
vt 0.098592 0.666667
vt 0.098592 0.750000
vt 0.098592 0.833333
vt 0.112676 1.000000
vt 0.112676 0.916667
vt 0.112676 0.083333
vt 0.112676 0.000000
vt 0.112676 0.166667
vt 0.112676 0.250000
vt 0.112676 0.333333
vt 0.112676 0.416667
vt 0.112676 0.500000
vt 0.112676 0.583333
vt 0.112676 0.666667
vt 0.112676 0.750000
vt 0.112676 0.833333
vt 0.126761 1.000000
vt 0.126761 0.916667
vt 0.126761 0.083333
vt 0.126761 0.000000
vt 0.126761 0.166667
vt 0.126761 0.250000
vt 0.126761 0.333333
vt 0.126761 0.416667
vt 0.126761 0.500000
vt 0.126761 0.583333
vt 0.126761 0.666667
vt 0.126761 0.750000
vt 0.126761 0.833333
vt 0.140845 1.000000
vt 0.140845 0.916667
vt 0.140845 0.083333
vt 0.140845 0.000000
vt 0.140845 0.166667
vt 0.140845 0.250000
vt 0.140845 0.333333
vt 0.140845 0.416667
vt 0.140845 0.500000
vt 0.140845 0.583333
vt 0.140845 0.666667
vt 0.140845 0.750000
vt 0.140845 0.833333
vt 0.154930 1.000000
vt 0.154930 0.916667
vt 0.154930 0.083333
vt 0.154930 0.000000
vt 0.154930 0.166667
vt 0.154930 0.250000
vt 0.154930 0.333333
vt 0.154930 0.416667
vt 0.154930 0.500000
vt 0.154930 0.583333
vt 0.154930 0.666667
vt 0.154930 0.750000
vt 0.154930 0.833333
vt 0.169014 1.000000
vt 0.169014 0.916667
vt 0.169014 0.083333
vt 0.169014 0.000000
vt 0.169014 0.166667
vt 0.169014 0.250000
vt 0.169014 0.333333
vt 0.169014 0.416667
vt 0.169014 0.500000
vt 0.169014 0.583333
vt 0.169014 0.666667
vt 0.169014 0.750000
vt 0.169014 0.833333
vt 0.183099 1.000000
vt 0.183099 0.916667
vt 0.183099 0.083333
vt 0.183099 0.000000
vt 0.183099 0.166667
vt 0.183099 0.250000
vt 0.183099 0.333333
vt 0.183099 0.416667
vt 0.183099 0.500000
vt 0.183099 0.583333
vt 0.183099 0.666667
vt 0.183099 0.750000
vt 0.183099 0.833333
vt 0.197183 1.000000
vt 0.197183 0.916667
vt 0.197183 0.083333
vt 0.197183 0.000000
vt 0.197183 0.166667
vt 0.197183 0.250000
vt 0.197183 0.333333
vt 0.197183 0.416667
vt 0.197183 0.500000
vt 0.197183 0.583333
vt 0.197183 0.666667
vt 0.197183 0.750000
vt 0.197183 0.833333
vt 0.211268 1.000000
vt 0.211268 0.916667
vt 0.211268 0.083333
vt 0.211268 0.000000
vt 0.211268 0.166667
vt 0.211268 0.250000
vt 0.211268 0.333333
vt 0.211268 0.416667
vt 0.211268 0.500000
vt 0.211268 0.583333
vt 0.211268 0.666667
vt 0.211268 0.750000
vt 0.211268 0.833333
vt 0.225352 1.000000
vt 0.225352 0.916667
vt 0.225352 0.083333
vt 0.225352 0.000000
vt 0.225352 0.166667
vt 0.225352 0.250000
vt 0.225352 0.333333
vt 0.225352 0.416667
vt 0.225352 0.500000
vt 0.225352 0.583333
vt 0.225352 0.666667
vt 0.225352 0.750000
vt 0.225352 0.833333
vt 0.239437 1.000000
vt 0.239437 0.916667
vt 0.239437 0.083333
vt 0.239437 0.000000
vt 0.239437 0.166667
vt 0.239437 0.250000
vt 0.239437 0.333333
vt 0.239437 0.416667
vt 0.239437 0.500000
vt 0.239437 0.583333
vt 0.239437 0.666667
vt 0.239437 0.750000
vt 0.239437 0.833333
vt 0.253521 1.000000
vt 0.253521 0.916667
vt 0.253521 0.083333
vt 0.253521 0.000000
vt 0.253521 0.166667
vt 0.253521 0.250000
vt 0.253521 0.333333
vt 0.253521 0.416667
vt 0.253521 0.500000
vt 0.253521 0.583333
vt 0.253521 0.666667
vt 0.253521 0.750000
vt 0.253521 0.833333
vt 0.267606 1.000000
vt 0.267606 0.916667
vt 0.267606 0.083333
vt 0.267606 0.000000
vt 0.267606 0.166667
vt 0.267606 0.250000
vt 0.267606 0.333333
vt 0.267606 0.416667
vt 0.267606 0.500000
vt 0.267606 0.583333
vt 0.267606 0.666667
vt 0.267606 0.750000
vt 0.267606 0.833333
vt 0.281690 1.000000
vt 0.281690 0.916667
vt 0.281690 0.083333
vt 0.281690 0.000000
vt 0.281690 0.166667
vt 0.281690 0.250000
vt 0.281690 0.333333
vt 0.281690 0.416667
vt 0.281690 0.500000
vt 0.281690 0.583333
vt 0.281690 0.666667
vt 0.281690 0.750000
vt 0.281690 0.833333
vt 0.295775 1.000000
vt 0.295775 0.916667
vt 0.295775 0.083333
vt 0.295775 0.000000
vt 0.295775 0.166667
vt 0.295775 0.250000
vt 0.295775 0.333333
vt 0.295775 0.416667
vt 0.295775 0.500000
vt 0.295775 0.583333
vt 0.295775 0.666667
vt 0.295775 0.750000
vt 0.295775 0.833333
vt 0.309859 1.000000
vt 0.309859 0.916667
vt 0.309859 0.083333
vt 0.309859 0.000000
vt 0.309859 0.166667
vt 0.309859 0.250000
vt 0.309859 0.333333
vt 0.309859 0.416667
vt 0.309859 0.500000
vt 0.309859 0.583333
vt 0.309859 0.666667
vt 0.309859 0.750000
vt 0.309859 0.833333
vt 0.323944 1.000000
vt 0.323944 0.916667
vt 0.323944 0.083333
vt 0.323944 0.000000
vt 0.323944 0.166667
vt 0.323944 0.250000
vt 0.323944 0.333333
vt 0.323944 0.416667
vt 0.323944 0.500000
vt 0.323944 0.583333
vt 0.323944 0.666667
vt 0.323944 0.750000
vt 0.323944 0.833333
vt 0.338028 1.000000
vt 0.338028 0.916667
vt 0.338028 0.083333
vt 0.338028 0.000000
vt 0.338028 0.166667
vt 0.338028 0.250000
vt 0.338028 0.333333
vt 0.338028 0.416667
vt 0.338028 0.500000
vt 0.338028 0.583333
vt 0.338028 0.666667
vt 0.338028 0.750000
vt 0.338028 0.833333
vt 0.352113 1.000000
vt 0.352113 0.916667
vt 0.352113 0.083333
vt 0.352113 0.000000
vt 0.352113 0.166667
vt 0.352113 0.250000
vt 0.352113 0.333333
vt 0.352113 0.416667
vt 0.352113 0.500000
vt 0.352113 0.583333
vt 0.352113 0.666667
vt 0.352113 0.750000
vt 0.352113 0.833333
vt 0.366197 1.000000
vt 0.366197 0.916667
vt 0.366197 0.083333
vt 0.366197 0.000000
vt 0.366197 0.166667
vt 0.366197 0.250000
vt 0.366197 0.333333
vt 0.366197 0.416667
vt 0.366197 0.500000
vt 0.366197 0.583333
vt 0.366197 0.666667
vt 0.366197 0.750000
vt 0.366197 0.833333
vt 0.380282 1.000000
vt 0.380282 0.916667
vt 0.380282 0.083333
vt 0.380282 0.000000
vt 0.380282 0.166667
vt 0.380282 0.250000
vt 0.380282 0.333333
vt 0.380282 0.416667
vt 0.380282 0.500000
vt 0.380282 0.583333
vt 0.380282 0.666667
vt 0.380282 0.750000
vt 0.380282 0.833333
vt 0.394366 1.000000
vt 0.394366 0.916667
vt 0.394366 0.083333
vt 0.394366 0.000000
vt 0.394366 0.166667
vt 0.394366 0.250000
vt 0.394366 0.333333
vt 0.394366 0.416667
vt 0.394366 0.500000
vt 0.394366 0.583333
vt 0.394366 0.666667
vt 0.394366 0.750000
vt 0.394366 0.833333
vt 0.408451 1.000000
vt 0.408451 0.916667
vt 0.408451 0.083333
vt 0.408451 0.000000
vt 0.408451 0.166667
vt 0.408451 0.250000
vt 0.408451 0.333333
vt 0.408451 0.416667
vt 0.408451 0.500000
vt 0.408451 0.583333
vt 0.408451 0.666667
vt 0.408451 0.750000
vt 0.408451 0.833333
vt 0.422535 1.000000
vt 0.422535 0.916667
vt 0.422535 0.083333
vt 0.422535 0.000000
vt 0.422535 0.166667
vt 0.422535 0.250000
vt 0.422535 0.333333
vt 0.422535 0.416667
vt 0.422535 0.500000
vt 0.422535 0.583333
vt 0.422535 0.666667
vt 0.422535 0.750000
vt 0.422535 0.833333
vt 0.436620 1.000000
vt 0.436620 0.916667
vt 0.436620 0.083333
vt 0.436620 0.000000
vt 0.436620 0.166667
vt 0.436620 0.250000
vt 0.436620 0.333333
vt 0.436620 0.416667
vt 0.436620 0.500000
vt 0.436620 0.583333
vt 0.436620 0.666667
vt 0.436620 0.750000
vt 0.436620 0.833333
vt 0.450704 1.000000
vt 0.450704 0.916667
vt 0.450704 0.083333
vt 0.450704 0.000000
vt 0.450704 0.166667
vt 0.450704 0.250000
vt 0.450704 0.333333
vt 0.450704 0.416667
vt 0.450704 0.500000
vt 0.450704 0.583333
vt 0.450704 0.666667
vt 0.450704 0.750000
vt 0.450704 0.833333
vt 0.464789 1.000000
vt 0.464789 0.916667
vt 0.464789 0.083333
vt 0.464789 0.000000
vt 0.464789 0.166667
vt 0.464789 0.250000
vt 0.464789 0.333333
vt 0.464789 0.416667
vt 0.464789 0.500000
vt 0.464789 0.583333
vt 0.464789 0.666667
vt 0.464789 0.750000
vt 0.464789 0.833333
vt 0.478873 1.000000
vt 0.478873 0.916667
vt 0.478873 0.083333
vt 0.478873 0.000000
vt 0.478873 0.166667
vt 0.478873 0.250000
vt 0.478873 0.333333
vt 0.478873 0.416667
vt 0.478873 0.500000
vt 0.478873 0.583333
vt 0.478873 0.666667
vt 0.478873 0.750000
vt 0.478873 0.833333
vt 0.492958 1.000000
vt 0.492958 0.916667
vt 0.492958 0.083333
vt 0.492958 0.000000
vt 0.492958 0.166667
vt 0.492958 0.250000
vt 0.492958 0.333333
vt 0.492958 0.416667
vt 0.492958 0.500000
vt 0.492958 0.583333
vt 0.492958 0.666667
vt 0.492958 0.750000
vt 0.492958 0.833333
vt 0.507042 1.000000
vt 0.507042 0.916667
vt 0.507042 0.083333
vt 0.507042 0.000000
vt 0.507042 0.166667
vt 0.507042 0.250000
vt 0.507042 0.333333
vt 0.507042 0.416667
vt 0.507042 0.500000
vt 0.507042 0.583333
vt 0.507042 0.666667
vt 0.507042 0.750000
vt 0.507042 0.833333
vt 0.521127 1.000000
vt 0.521127 0.916667
vt 0.521127 0.083333
vt 0.521127 0.000000
vt 0.521127 0.166667
vt 0.521127 0.250000
vt 0.521127 0.333333
vt 0.521127 0.416667
vt 0.521127 0.500000
vt 0.521127 0.583333
vt 0.521127 0.666667
vt 0.521127 0.750000
vt 0.521127 0.833333
vt 0.535211 1.000000
vt 0.535211 0.916667
vt 0.535211 0.083333
vt 0.535211 0.000000
vt 0.535211 0.166667
vt 0.535211 0.250000
vt 0.535211 0.333333
vt 0.535211 0.416667
vt 0.535211 0.500000
vt 0.535211 0.583333
vt 0.535211 0.666667
vt 0.535211 0.750000
vt 0.535211 0.833333
vt 0.549296 1.000000
vt 0.549296 0.916667
vt 0.549296 0.083333
vt 0.549296 0.000000
vt 0.549296 0.166667
vt 0.549296 0.250000
vt 0.549296 0.333333
vt 0.549296 0.416667
vt 0.549296 0.500000
vt 0.549296 0.583333
vt 0.549296 0.666667
vt 0.549296 0.750000
vt 0.549296 0.833333
vt 0.563380 1.000000
vt 0.563380 0.916667
vt 0.563380 0.083333
vt 0.563380 0.000000
vt 0.563380 0.166667
vt 0.563380 0.250000
vt 0.563380 0.333333
vt 0.563380 0.416667
vt 0.563380 0.500000
vt 0.563380 0.583333
vt 0.563380 0.666667
vt 0.563380 0.750000
vt 0.563380 0.833333
vt 0.577465 1.000000
vt 0.577465 0.916667
vt 0.577465 0.083333
vt 0.577465 0.000000
vt 0.577465 0.166667
vt 0.577465 0.250000
vt 0.577465 0.333333
vt 0.577465 0.416667
vt 0.577465 0.500000
vt 0.577465 0.583333
vt 0.577465 0.666667
vt 0.577465 0.750000
vt 0.577465 0.833333
vt 0.591549 1.000000
vt 0.591549 0.916667
vt 0.591549 0.083333
vt 0.591549 0.000000
vt 0.591549 0.166667
vt 0.591549 0.250000
vt 0.591549 0.333333
vt 0.591549 0.416667
vt 0.591549 0.500000
vt 0.591549 0.583333
vt 0.591549 0.666667
vt 0.591549 0.750000
vt 0.591549 0.833333
vt 0.605634 1.000000
vt 0.605634 0.916667
vt 0.605634 0.083333
vt 0.605634 0.000000
vt 0.605634 0.166667
vt 0.605634 0.250000
vt 0.605634 0.333333
vt 0.605634 0.416667
vt 0.605634 0.500000
vt 0.605634 0.583333
vt 0.605634 0.666667
vt 0.605634 0.750000
vt 0.605634 0.833333
vt 0.619718 1.000000
vt 0.619718 0.916667
vt 0.619718 0.083333
vt 0.619718 0.000000
vt 0.619718 0.166667
vt 0.619718 0.250000
vt 0.619718 0.333333
vt 0.619718 0.416667
vt 0.619718 0.500000
vt 0.619718 0.583333
vt 0.619718 0.666667
vt 0.619718 0.750000
vt 0.619718 0.833333
vt 0.633803 1.000000
vt 0.633803 0.916667
vt 0.633803 0.083333
vt 0.633803 0.000000
vt 0.633803 0.166667
vt 0.633803 0.250000
vt 0.633803 0.333333
vt 0.633803 0.416667
vt 0.633803 0.500000
vt 0.633803 0.583333
vt 0.633803 0.666667
vt 0.633803 0.750000
vt 0.633803 0.833333
vt 0.647887 1.000000
vt 0.647887 0.916667
vt 0.647887 0.083333
vt 0.647887 0.000000
vt 0.647887 0.166667
vt 0.647887 0.250000
vt 0.647887 0.333333
vt 0.647887 0.416667
vt 0.647887 0.500000
vt 0.647887 0.583333
vt 0.647887 0.666667
vt 0.647887 0.750000
vt 0.647887 0.833333
vt 0.661972 1.000000
vt 0.661972 0.916667
vt 0.661972 0.083333
vt 0.661972 0.000000
vt 0.661972 0.166667
vt 0.661972 0.250000
vt 0.661972 0.333333
vt 0.661972 0.416667
vt 0.661972 0.500000
vt 0.661972 0.583333
vt 0.661972 0.666667
vt 0.661972 0.750000
vt 0.661972 0.833333
vt 0.676056 1.000000
vt 0.676056 0.916667
vt 0.676056 0.083333
vt 0.676056 0.000000
vt 0.676056 0.166667
vt 0.676056 0.250000
vt 0.676056 0.333333
vt 0.676056 0.416667
vt 0.676056 0.500000
vt 0.676056 0.583333
vt 0.676056 0.666667
vt 0.676056 0.750000
vt 0.676056 0.833333
vt 0.690141 1.000000
vt 0.690141 0.916667
vt 0.690141 0.083333
vt 0.690141 0.000000
vt 0.690141 0.166667
vt 0.690141 0.250000
vt 0.690141 0.333333
vt 0.690141 0.416667
vt 0.690141 0.500000
vt 0.690141 0.583333
vt 0.690141 0.666667
vt 0.690141 0.750000
vt 0.690141 0.833333
vt 0.704225 1.000000
vt 0.704225 0.916667
vt 0.704225 0.083333
vt 0.704225 0.000000
vt 0.704225 0.166667
vt 0.704225 0.250000
vt 0.704225 0.333333
vt 0.704225 0.416667
vt 0.704225 0.500000
vt 0.704225 0.583333
vt 0.704225 0.666667
vt 0.704225 0.750000
vt 0.704225 0.833333
vt 0.718310 1.000000
vt 0.718310 0.916667
vt 0.718310 0.083333
vt 0.718310 0.000000
vt 0.718310 0.166667
vt 0.718310 0.250000
vt 0.718310 0.333333
vt 0.718310 0.416667
vt 0.718310 0.500000
vt 0.718310 0.583333
vt 0.718310 0.666667
vt 0.718310 0.750000
vt 0.718310 0.833333
vt 0.732394 1.000000
vt 0.732394 0.916667
vt 0.732394 0.083333
vt 0.732394 0.000000
vt 0.732394 0.166667
vt 0.732394 0.250000
vt 0.732394 0.333333
vt 0.732394 0.416667
vt 0.732394 0.500000
vt 0.732394 0.583333
vt 0.732394 0.666667
vt 0.732394 0.750000
vt 0.732394 0.833333
vt 0.746479 1.000000
vt 0.746479 0.916667
vt 0.746479 0.083333
vt 0.746479 0.000000
vt 0.746479 0.166667
vt 0.746479 0.250000
vt 0.746479 0.333333
vt 0.746479 0.416667
vt 0.746479 0.500000
vt 0.746479 0.583333
vt 0.746479 0.666667
vt 0.746479 0.750000
vt 0.746479 0.833333
vt 0.760563 1.000000
vt 0.760563 0.916667
vt 0.760563 0.083333
vt 0.760563 0.000000
vt 0.760563 0.166667
vt 0.760563 0.250000
vt 0.760563 0.333333
vt 0.760563 0.416667
vt 0.760563 0.500000
vt 0.760563 0.583333
vt 0.760563 0.666667
vt 0.760563 0.750000
vt 0.760563 0.833333
vt 0.774648 1.000000
vt 0.774648 0.916667
vt 0.774648 0.083333
vt 0.774648 0.000000
vt 0.774648 0.166667
vt 0.774648 0.250000
vt 0.774648 0.333333
vt 0.774648 0.416667
vt 0.774648 0.500000
vt 0.774648 0.583333
vt 0.774648 0.666667
vt 0.774648 0.750000
vt 0.774648 0.833333
vt 0.788732 1.000000
vt 0.788732 0.916667
vt 0.788732 0.083333
vt 0.788732 0.000000
vt 0.788732 0.166667
vt 0.788732 0.250000
vt 0.788732 0.333333
vt 0.788732 0.416667
vt 0.788732 0.500000
vt 0.788732 0.583333
vt 0.788732 0.666667
vt 0.788732 0.750000
vt 0.788732 0.833333
vt 0.802817 1.000000
vt 0.802817 0.916667
vt 0.802817 0.083333
vt 0.802817 0.000000
vt 0.802817 0.166667
vt 0.802817 0.250000
vt 0.802817 0.333333
vt 0.802817 0.416667
vt 0.802817 0.500000
vt 0.802817 0.583333
vt 0.802817 0.666667
vt 0.802817 0.750000
vt 0.802817 0.833333
vt 0.816901 1.000000
vt 0.816901 0.916667
vt 0.816901 0.083333
vt 0.816901 0.000000
vt 0.816901 0.166667
vt 0.816901 0.250000
vt 0.816901 0.333333
vt 0.816901 0.416667
vt 0.816901 0.500000
vt 0.816901 0.583333
vt 0.816901 0.666667
vt 0.816901 0.750000
vt 0.816901 0.833333
vt 0.830986 1.000000
vt 0.830986 0.916667
vt 0.830986 0.083333
vt 0.830986 0.000000
vt 0.830986 0.166667
vt 0.830986 0.250000
vt 0.830986 0.333333
vt 0.830986 0.416667
vt 0.830986 0.500000
vt 0.830986 0.583333
vt 0.830986 0.666667
vt 0.830986 0.750000
vt 0.830986 0.833333
vt 0.845070 1.000000
vt 0.845070 0.916667
vt 0.845070 0.083333
vt 0.845070 0.000000
vt 0.845070 0.166667
vt 0.845070 0.250000
vt 0.845070 0.333333
vt 0.845070 0.416667
vt 0.845070 0.500000
vt 0.845070 0.583333
vt 0.845070 0.666667
vt 0.845070 0.750000
vt 0.845070 0.833333
vt 0.859155 1.000000
vt 0.859155 0.916667
vt 0.859155 0.083333
vt 0.859155 0.000000
vt 0.859155 0.166667
vt 0.859155 0.250000
vt 0.859155 0.333333
vt 0.859155 0.416667
vt 0.859155 0.500000
vt 0.859155 0.583333
vt 0.859155 0.666667
vt 0.859155 0.750000
vt 0.859155 0.833333
vt 0.873239 1.000000
vt 0.873239 0.916667
vt 0.873239 0.083333
vt 0.873239 0.000000
vt 0.873239 0.166667
vt 0.873239 0.250000
vt 0.873239 0.333333
vt 0.873239 0.416667
vt 0.873239 0.500000
vt 0.873239 0.583333
vt 0.873239 0.666667
vt 0.873239 0.750000
vt 0.873239 0.833333
vt 0.887324 1.000000
vt 0.887324 0.916667
vt 0.887324 0.083333
vt 0.887324 0.000000
vt 0.887324 0.166667
vt 0.887324 0.250000
vt 0.887324 0.333333
vt 0.887324 0.416667
vt 0.887324 0.500000
vt 0.887324 0.583333
vt 0.887324 0.666667
vt 0.887324 0.750000
vt 0.887324 0.833333
vt 0.901408 1.000000
vt 0.901408 0.916667
vt 0.901408 0.083333
vt 0.901408 0.000000
vt 0.901408 0.166667
vt 0.901408 0.250000
vt 0.901408 0.333333
vt 0.901408 0.416667
vt 0.901408 0.500000
vt 0.901408 0.583333
vt 0.901408 0.666667
vt 0.901408 0.750000
vt 0.901408 0.833333
vt 0.915493 1.000000
vt 0.915493 0.916667
vt 0.915493 0.083333
vt 0.915493 0.000000
vt 0.915493 0.166667
vt 0.915493 0.250000
vt 0.915493 0.333333
vt 0.915493 0.416667
vt 0.915493 0.500000
vt 0.915493 0.583333
vt 0.915493 0.666667
vt 0.915493 0.750000
vt 0.915493 0.833333
vt 0.929577 1.000000
vt 0.929577 0.916667
vt 0.929577 0.083333
vt 0.929577 0.000000
vt 0.929577 0.166667
vt 0.929577 0.250000
vt 0.929577 0.333333
vt 0.929577 0.416667
vt 0.929577 0.500000
vt 0.929577 0.583333
vt 0.929577 0.666667
vt 0.929577 0.750000
vt 0.929577 0.833333
vt 0.943662 1.000000
vt 0.943662 0.916667
vt 0.943662 0.083333
vt 0.943662 0.000000
vt 0.943662 0.166667
vt 0.943662 0.250000
vt 0.943662 0.333333
vt 0.943662 0.416667
vt 0.943662 0.500000
vt 0.943662 0.583333
vt 0.943662 0.666667
vt 0.943662 0.750000
vt 0.943662 0.833333
vt 0.957747 1.000000
vt 0.957747 0.916667
vt 0.957747 0.083333
vt 0.957747 0.000000
vt 0.957747 0.166667
vt 0.957747 0.250000
vt 0.957747 0.333333
vt 0.957747 0.416667
vt 0.957747 0.500000
vt 0.957747 0.583333
vt 0.957747 0.666667
vt 0.957747 0.750000
vt 0.957747 0.833333
vt 0.971831 1.000000
vt 0.971831 0.916667
vt 0.971831 0.083333
vt 0.971831 0.000000
vt 0.971831 0.166667
vt 0.971831 0.250000
vt 0.971831 0.333333
vt 0.971831 0.416667
vt 0.971831 0.500000
vt 0.971831 0.583333
vt 0.971831 0.666667
vt 0.971831 0.750000
vt 0.971831 0.833333
vt 0.985915 1.000000
vt 0.985915 0.916667
vt 0.985915 0.083333
vt 0.985915 0.000000
vt 0.985915 0.166667
vt 0.985915 0.250000
vt 0.985915 0.333333
vt 0.985915 0.416667
vt 0.985915 0.500000
vt 0.985915 0.583333
vt 0.985915 0.666667
vt 0.985915 0.750000
vt 0.985915 0.833333
vt 1.000000 1.000000
vt 1.000000 0.916667
vt 1.000000 0.083333
vt 1.000000 0.166667
vt 1.000000 0.250000
vt 1.000000 0.333333
vt 1.000000 0.416667
vt 1.000000 0.500000
vt 1.000000 0.583333
vt 1.000000 0.666667
vt 1.000000 0.750000
vt 1.000000 0.833333
s 1
f 1682/1911/1306 1680/1912/1306 1681/1913/1306
f 1682/1911/1306 1679/1914/1306 1680/1912/1306
f 1683/1915/1306 1679/1914/1306 1682/1911/1306
f 1683/1915/1306 1678/1916/1306 1679/1914/1306
f 1684/1917/1306 1678/1916/1306 1683/1915/1306
f 1684/1917/1306 1677/1918/1306 1678/1916/1306
f 1673/1919/1306 1677/1918/1306 1684/1917/1306
f 1673/1919/1306 1676/1920/1306 1677/1918/1306
f 1674/1921/1306 1676/1920/1306 1673/1919/1306
f 1674/1921/1306 1675/1922/1306 1676/1920/1306
f 1692/1912/1307 1694/1911/1307 1693/1913/1307
f 1691/1914/1307 1694/1911/1307 1692/1912/1307
f 1691/1914/1307 1695/1915/1307 1694/1911/1307
f 1690/1916/1307 1695/1915/1307 1691/1914/1307
f 1690/1916/1307 1696/1917/1307 1695/1915/1307
f 1689/1918/1307 1696/1917/1307 1690/1916/1307
f 1689/1918/1307 1685/1919/1307 1696/1917/1307
f 1688/1920/1307 1685/1919/1307 1689/1918/1307
f 1688/1920/1307 1686/1921/1307 1685/1919/1307
f 1687/1922/1307 1686/1921/1307 1688/1920/1307
f 1697/1923/1308 1709/1924/1320 1720/1925/1331 1708/1926/1319
f 1698/1927/1309 1710/1928/1321 1709/1929/1320 1697/1919/1308
f 1699/1930/1310 1711/1931/1322 1710/1928/1321 1698/1927/1309
f 1700/1932/1311 1712/1933/1323 1711/1931/1322 1699/1930/1310
f 1701/1934/1312 1713/1935/1324 1712/1933/1323 1700/1932/1311
f 1702/1936/1313 1714/1937/1325 1713/1935/1324 1701/1934/1312
f 1703/1938/1314 1715/1939/1326 1714/1937/1325 1702/1936/1313
f 1704/1940/1315 1716/1941/1327 1715/1939/1326 1703/1938/1314
f 1705/1942/1316 1717/1943/1328 1716/1941/1327 1704/1940/1315
f 1706/1944/1317 1718/1945/1329 1717/1943/1328 1705/1942/1316
f 1707/1946/1318 1719/1947/1330 1718/1945/1329 1706/1944/1317
f 1708/1926/1319 1720/1925/1331 1719/1947/1330 1707/1946/1318
f 1709/1924/1320 1721/1948/1332 1732/1949/1343 1720/1925/1331
f 1710/1928/1321 1722/1950/1333 1721/1951/1332 1709/1929/1320
f 1711/1931/1322 1723/1952/1334 1722/1950/1333 1710/1928/1321
f 1712/1933/1323 1724/1953/1335 1723/1952/1334 1711/1931/1322
f 1713/1935/1324 1725/1954/1336 1724/1953/1335 1712/1933/1323
f 1714/1937/1325 1726/1955/1337 1725/1954/1336 1713/1935/1324
f 1715/1939/1326 1727/1956/1338 1726/1955/1337 1714/1937/1325
f 1716/1941/1327 1728/1957/1339 1727/1956/1338 1715/1939/1326
f 1717/1943/1328 1729/1958/1340 1728/1957/1339 1716/1941/1327
f 1718/1945/1329 1730/1959/1341 1729/1958/1340 1717/1943/1328
f 1719/1947/1330 1731/1960/1342 1730/1959/1341 1718/1945/1329
f 1720/1925/1331 1732/1949/1343 1731/1960/1342 1719/1947/1330
f 1721/1948/1332 1733/1961/1344 1744/1962/1355 1732/1949/1343
f 1722/1950/1333 1734/1963/1345 1733/1964/1344 1721/1951/1332
f 1723/1952/1334 1735/1965/1346 1734/1963/1345 1722/1950/1333
f 1724/1953/1335 1736/1966/1347 1735/1965/1346 1723/1952/1334
f 1725/1954/1336 1737/1967/1348 1736/1966/1347 1724/1953/1335
f 1726/1955/1337 1738/1968/1349 1737/1967/1348 1725/1954/1336
f 1727/1956/1338 1739/1969/1350 1738/1968/1349 1726/1955/1337
f 1728/1957/1339 1740/1970/1351 1739/1969/1350 1727/1956/1338
f 1729/1958/1340 1741/1971/1352 1740/1970/1351 1728/1957/1339
f 1730/1959/1341 1742/1972/1353 1741/1971/1352 1729/1958/1340
f 1731/1960/1342 1743/1973/1354 1742/1972/1353 1730/1959/1341
f 1732/1949/1343 1744/1962/1355 1743/1973/1354 1731/1960/1342
f 1733/1961/1344 1745/1974/1356 1756/1975/1367 1744/1962/1355
f 1734/1963/1345 1746/1976/1357 1745/1977/1356 1733/1964/1344
f 1735/1965/1346 1747/1978/1358 1746/1976/1357 1734/1963/1345
f 1736/1966/1347 1748/1979/1359 1747/1978/1358 1735/1965/1346
f 1737/1967/1348 1749/1980/1360 1748/1979/1359 1736/1966/1347
f 1738/1968/1349 1750/1981/1361 1749/1980/1360 1737/1967/1348
f 1739/1969/1350 1751/1982/1362 1750/1981/1361 1738/1968/1349
f 1740/1970/1351 1752/1983/1363 1751/1982/1362 1739/1969/1350
f 1741/1971/1352 1753/1984/1364 1752/1983/1363 1740/1970/1351
f 1742/1972/1353 1754/1985/1365 1753/1984/1364 1741/1971/1352
f 1743/1973/1354 1755/1986/1366 1754/1985/1365 1742/1972/1353
f 1744/1962/1355 1756/1975/1367 1755/1986/1366 1743/1973/1354
f 1745/1974/1356 1757/1987/1368 1768/1988/1379 1756/1975/1367
f 1746/1976/1357 1758/1989/1369 1757/1990/1368 1745/1977/1356
f 1747/1978/1358 1759/1991/1370 1758/1989/1369 1746/1976/1357
f 1748/1979/1359 1760/1992/1371 1759/1991/1370 1747/1978/1358
f 1749/1980/1360 1761/1993/1372 1760/1992/1371 1748/1979/1359
f 1750/1981/1361 1762/1994/1373 1761/1993/1372 1749/1980/1360
f 1751/1982/1362 1763/1995/1374 1762/1994/1373 1750/1981/1361
f 1752/1983/1363 1764/1996/1375 1763/1995/1374 1751/1982/1362
f 1753/1984/1364 1765/1997/1376 1764/1996/1375 1752/1983/1363
f 1754/1985/1365 1766/1998/1377 1765/1997/1376 1753/1984/1364
f 1755/1986/1366 1767/1999/1378 1766/1998/1377 1754/1985/1365
f 1756/1975/1367 1768/1988/1379 1767/1999/1378 1755/1986/1366
f 1757/1987/1368 1769/2000/1380 1780/2001/1391 1768/1988/1379
f 1758/1989/1369 1770/2002/1381 1769/2003/1380 1757/1990/1368
f 1759/1991/1370 1771/2004/1382 1770/2002/1381 1758/1989/1369
f 1760/1992/1371 1772/2005/1383 1771/2004/1382 1759/1991/1370
f 1761/1993/1372 1773/2006/1384 1772/2005/1383 1760/1992/1371
f 1762/1994/1373 1774/2007/1385 1773/2006/1384 1761/1993/1372
f 1763/1995/1374 1775/2008/1386 1774/2007/1385 1762/1994/1373
f 1764/1996/1375 1776/2009/1387 1775/2008/1386 1763/1995/1374
f 1765/1997/1376 1777/2010/1388 1776/2009/1387 1764/1996/1375
f 1766/1998/1377 1778/2011/1389 1777/2010/1388 1765/1997/1376
f 1767/1999/1378 1779/2012/1390 1778/2011/1389 1766/1998/1377
f 1768/1988/1379 1780/2001/1391 1779/2012/1390 1767/1999/1378
f 1769/2000/1380 1781/2013/1392 1792/2014/1403 1780/2001/1391
f 1770/2002/1381 1782/2015/1393 1781/2016/1392 1769/2003/1380
f 1771/2004/1382 1783/2017/1394 1782/2015/1393 1770/2002/1381
f 1772/2005/1383 1784/2018/1395 1783/2017/1394 1771/2004/1382
f 1773/2006/1384 1785/2019/1396 1784/2018/1395 1772/2005/1383
f 1774/2007/1385 1786/2020/1397 1785/2019/1396 1773/2006/1384
f 1775/2008/1386 1787/2021/1398 1786/2020/1397 1774/2007/1385
f 1776/2009/1387 1788/2022/1399 1787/2021/1398 1775/2008/1386
f 1777/2010/1388 1789/2023/1400 1788/2022/1399 1776/2009/1387
f 1778/2011/1389 1790/2024/1401 1789/2023/1400 1777/2010/1388
f 1779/2012/1390 1791/2025/1402 1790/2024/1401 1778/2011/1389
f 1780/2001/1391 1792/2014/1403 1791/2025/1402 1779/2012/1390
f 1781/2013/1392 1793/2026/1404 1804/2027/1415 1792/2014/1403
f 1782/2015/1393 1794/2028/1405 1793/2029/1404 1781/2016/1392
f 1783/2017/1394 1795/2030/1406 1794/2028/1405 1782/2015/1393
f 1784/2018/1395 1796/2031/1407 1795/2030/1406 1783/2017/1394
f 1785/2019/1396 1797/2032/1408 1796/2031/1407 1784/2018/1395
f 1786/2020/1397 1798/2033/1409 1797/2032/1408 1785/2019/1396
f 1787/2021/1398 1799/2034/1410 1798/2033/1409 1786/2020/1397
f 1788/2022/1399 1800/2035/1411 1799/2034/1410 1787/2021/1398
f 1789/2023/1400 1801/2036/1412 1800/2035/1411 1788/2022/1399
f 1790/2024/1401 1802/2037/1413 1801/2036/1412 1789/2023/1400
f 1791/2025/1402 1803/2038/1414 1802/2037/1413 1790/2024/1401
f 1792/2014/1403 1804/2027/1415 1803/2038/1414 1791/2025/1402
f 1793/2026/1404 1805/2039/1416 1816/2040/1427 1804/2027/1415
f 1794/2028/1405 1806/2041/1417 1805/2042/1416 1793/2029/1404
f 1795/2030/1406 1807/2043/1418 1806/2041/1417 1794/2028/1405
f 1796/2031/1407 1808/2044/1419 1807/2043/1418 1795/2030/1406
f 1797/2032/1408 1809/2045/1420 1808/2044/1419 1796/2031/1407
f 1798/2033/1409 1810/2046/1421 1809/2045/1420 1797/2032/1408
f 1799/2034/1410 1811/2047/1422 1810/2046/1421 1798/2033/1409
f 1800/2035/1411 1812/2048/1423 1811/2047/1422 1799/2034/1410
f 1801/2036/1412 1813/2049/1424 1812/2048/1423 1800/2035/1411
f 1802/2037/1413 1814/2050/1425 1813/2049/1424 1801/2036/1412
f 1803/2038/1414 1815/2051/1426 1814/2050/1425 1802/2037/1413
f 1804/2027/1415 1816/2040/1427 1815/2051/1426 1803/2038/1414
f 1805/2039/1416 1817/2052/1428 1828/2053/1439 1816/2040/1427
f 1806/2041/1417 1818/2054/1429 1817/2055/1428 1805/2042/1416
f 1807/2043/1418 1819/2056/1430 1818/2054/1429 1806/2041/1417
f 1808/2044/1419 1820/2057/1431 1819/2056/1430 1807/2043/1418
f 1809/2045/1420 1821/2058/1432 1820/2057/1431 1808/2044/1419
f 1810/2046/1421 1822/2059/1433 1821/2058/1432 1809/2045/1420
f 1811/2047/1422 1823/2060/1434 1822/2059/1433 1810/2046/1421
f 1812/2048/1423 1824/2061/1435 1823/2060/1434 1811/2047/1422
f 1813/2049/1424 1825/2062/1436 1824/2061/1435 1812/2048/1423
f 1814/2050/1425 1826/2063/1437 1825/2062/1436 1813/2049/1424
f 1815/2051/1426 1827/2064/1438 1826/2063/1437 1814/2050/1425
f 1816/2040/1427 1828/2053/1439 1827/2064/1438 1815/2051/1426
f 1817/2052/1428 1829/2065/1440 1840/2066/1451 1828/2053/1439
f 1818/2054/1429 1830/2067/1441 1829/2068/1440 1817/2055/1428
f 1819/2056/1430 1831/2069/1442 1830/2067/1441 1818/2054/1429
f 1820/2057/1431 1832/2070/1443 1831/2069/1442 1819/2056/1430
f 1821/2058/1432 1833/2071/1444 1832/2070/1443 1820/2057/1431
f 1822/2059/1433 1834/2072/1445 1833/2071/1444 1821/2058/1432
f 1823/2060/1434 1835/2073/1446 1834/2072/1445 1822/2059/1433
f 1824/2061/1435 1836/2074/1447 1835/2073/1446 1823/2060/1434
f 1825/2062/1436 1837/2075/1448 1836/2074/1447 1824/2061/1435
f 1826/2063/1437 1838/2076/1449 1837/2075/1448 1825/2062/1436
f 1827/2064/1438 1839/2077/1450 1838/2076/1449 1826/2063/1437
f 1828/2053/1439 1840/2066/1451 1839/2077/1450 1827/2064/1438
f 1829/2065/1440 1841/2078/1452 1852/2079/1463 1840/2066/1451
f 1830/2067/1441 1842/2080/1453 1841/2081/1452 1829/2068/1440
f 1831/2069/1442 1843/2082/1454 1842/2080/1453 1830/2067/1441
f 1832/2070/1443 1844/2083/1455 1843/2082/1454 1831/2069/1442
f 1833/2071/1444 1845/2084/1456 1844/2083/1455 1832/2070/1443
f 1834/2072/1445 1846/2085/1457 1845/2084/1456 1833/2071/1444
f 1835/2073/1446 1847/2086/1458 1846/2085/1457 1834/2072/1445
f 1836/2074/1447 1848/2087/1459 1847/2086/1458 1835/2073/1446
f 1837/2075/1448 1849/2088/1460 1848/2087/1459 1836/2074/1447
f 1838/2076/1449 1850/2089/1461 1849/2088/1460 1837/2075/1448
f 1839/2077/1450 1851/2090/1462 1850/2089/1461 1838/2076/1449
f 1840/2066/1451 1852/2079/1463 1851/2090/1462 1839/2077/1450
f 1841/2078/1452 1853/2091/1464 1864/2092/1475 1852/2079/1463
f 1842/2080/1453 1854/2093/1465 1853/2094/1464 1841/2081/1452
f 1843/2082/1454 1855/2095/1466 1854/2093/1465 1842/2080/1453
f 1844/2083/1455 1856/2096/1467 1855/2095/1466 1843/2082/1454
f 1845/2084/1456 1857/2097/1468 1856/2096/1467 1844/2083/1455
f 1846/2085/1457 1858/2098/1469 1857/2097/1468 1845/2084/1456
f 1847/2086/1458 1859/2099/1470 1858/2098/1469 1846/2085/1457
f 1848/2087/1459 1860/2100/1471 1859/2099/1470 1847/2086/1458
f 1849/2088/1460 1861/2101/1472 1860/2100/1471 1848/2087/1459
f 1850/2089/1461 1862/2102/1473 1861/2101/1472 1849/2088/1460
f 1851/2090/1462 1863/2103/1474 1862/2102/1473 1850/2089/1461
f 1852/2079/1463 1864/2092/1475 1863/2103/1474 1851/2090/1462
f 1853/2091/1464 1865/2104/1476 1876/2105/1487 1864/2092/1475
f 1854/2093/1465 1866/2106/1477 1865/2107/1476 1853/2094/1464
f 1855/2095/1466 1867/2108/1478 1866/2106/1477 1854/2093/1465
f 1856/2096/1467 1868/2109/1479 1867/2108/1478 1855/2095/1466
f 1857/2097/1468 1869/2110/1480 1868/2109/1479 1856/2096/1467
f 1858/2098/1469 1870/2111/1481 1869/2110/1480 1857/2097/1468
f 1859/2099/1470 1871/2112/1482 1870/2111/1481 1858/2098/1469
f 1860/2100/1471 1872/2113/1483 1871/2112/1482 1859/2099/1470
f 1861/2101/1472 1873/2114/1484 1872/2113/1483 1860/2100/1471
f 1862/2102/1473 1874/2115/1485 1873/2114/1484 1861/2101/1472
f 1863/2103/1474 1875/2116/1486 1874/2115/1485 1862/2102/1473
f 1864/2092/1475 1876/2105/1487 1875/2116/1486 1863/2103/1474
f 1865/2104/1476 1877/2117/1488 1888/2118/1499 1876/2105/1487
f 1866/2106/1477 1878/2119/1489 1877/2120/1488 1865/2107/1476
f 1867/2108/1478 1879/2121/1490 1878/2119/1489 1866/2106/1477
f 1868/2109/1479 1880/2122/1491 1879/2121/1490 1867/2108/1478
f 1869/2110/1480 1881/2123/1492 1880/2122/1491 1868/2109/1479
f 1870/2111/1481 1882/2124/1493 1881/2123/1492 1869/2110/1480
f 1871/2112/1482 1883/2125/1494 1882/2124/1493 1870/2111/1481
f 1872/2113/1483 1884/2126/1495 1883/2125/1494 1871/2112/1482
f 1873/2114/1484 1885/2127/1496 1884/2126/1495 1872/2113/1483
f 1874/2115/1485 1886/2128/1497 1885/2127/1496 1873/2114/1484
f 1875/2116/1486 1887/2129/1498 1886/2128/1497 1874/2115/1485
f 1876/2105/1487 1888/2118/1499 1887/2129/1498 1875/2116/1486
f 1877/2117/1488 1889/2130/1500 1900/2131/1511 1888/2118/1499
f 1878/2119/1489 1890/2132/1501 1889/2133/1500 1877/2120/1488
f 1879/2121/1490 1891/2134/1502 1890/2132/1501 1878/2119/1489
f 1880/2122/1491 1892/2135/1503 1891/2134/1502 1879/2121/1490
f 1881/2123/1492 1893/2136/1504 1892/2135/1503 1880/2122/1491
f 1882/2124/1493 1894/2137/1505 1893/2136/1504 1881/2123/1492
f 1883/2125/1494 1895/2138/1506 1894/2137/1505 1882/2124/1493
f 1884/2126/1495 1896/2139/1507 1895/2138/1506 1883/2125/1494
f 1885/2127/1496 1897/2140/1508 1896/2139/1507 1884/2126/1495
f 1886/2128/1497 1898/2141/1509 1897/2140/1508 1885/2127/1496
f 1887/2129/1498 1899/2142/1510 1898/2141/1509 1886/2128/1497
f 1888/2118/1499 1900/2131/1511 1899/2142/1510 1887/2129/1498
f 1889/2130/1500 1901/2143/1512 1912/2144/1523 1900/2131/1511
f 1890/2132/1501 1902/2145/1513 1901/2146/1512 1889/2133/1500
f 1891/2134/1502 1903/2147/1514 1902/2145/1513 1890/2132/1501
f 1892/2135/1503 1904/2148/1515 1903/2147/1514 1891/2134/1502
f 1893/2136/1504 1905/2149/1516 1904/2148/1515 1892/2135/1503
f 1894/2137/1505 1906/2150/1517 1905/2149/1516 1893/2136/1504
f 1895/2138/1506 1907/2151/1518 1906/2150/1517 1894/2137/1505
f 1896/2139/1507 1908/2152/1519 1907/2151/1518 1895/2138/1506
f 1897/2140/1508 1909/2153/1520 1908/2152/1519 1896/2139/1507
f 1898/2141/1509 1910/2154/1521 1909/2153/1520 1897/2140/1508
f 1899/2142/1510 1911/2155/1522 1910/2154/1521 1898/2141/1509
f 1900/2131/1511 1912/2144/1523 1911/2155/1522 1899/2142/1510
f 1901/2143/1512 1913/2156/1524 1924/2157/1535 1912/2144/1523
f 1902/2145/1513 1914/2158/1525 1913/2159/1524 1901/2146/1512
f 1903/2147/1514 1915/2160/1526 1914/2158/1525 1902/2145/1513
f 1904/2148/1515 1916/2161/1527 1915/2160/1526 1903/2147/1514
f 1905/2149/1516 1917/2162/1528 1916/2161/1527 1904/2148/1515
f 1906/2150/1517 1918/2163/1529 1917/2162/1528 1905/2149/1516
f 1907/2151/1518 1919/2164/1530 1918/2163/1529 1906/2150/1517
f 1908/2152/1519 1920/2165/1531 1919/2164/1530 1907/2151/1518
f 1909/2153/1520 1921/2166/1532 1920/2165/1531 1908/2152/1519
f 1910/2154/1521 1922/2167/1533 1921/2166/1532 1909/2153/1520
f 1911/2155/1522 1923/2168/1534 1922/2167/1533 1910/2154/1521
f 1912/2144/1523 1924/2157/1535 1923/2168/1534 1911/2155/1522
f 1913/2156/1524 1925/2169/1536 1936/2170/1547 1924/2157/1535
f 1914/2158/1525 1926/2171/1537 1925/2172/1536 1913/2159/1524
f 1915/2160/1526 1927/2173/1538 1926/2171/1537 1914/2158/1525
f 1916/2161/1527 1928/2174/1539 1927/2173/1538 1915/2160/1526
f 1917/2162/1528 1929/2175/1540 1928/2174/1539 1916/2161/1527
f 1918/2163/1529 1930/2176/1541 1929/2175/1540 1917/2162/1528
f 1919/2164/1530 1931/2177/1542 1930/2176/1541 1918/2163/1529
f 1920/2165/1531 1932/2178/1543 1931/2177/1542 1919/2164/1530
f 1921/2166/1532 1933/2179/1544 1932/2178/1543 1920/2165/1531
f 1922/2167/1533 1934/2180/1545 1933/2179/1544 1921/2166/1532
f 1923/2168/1534 1935/2181/1546 1934/2180/1545 1922/2167/1533
f 1924/2157/1535 1936/2170/1547 1935/2181/1546 1923/2168/1534
f 1925/2169/1536 1937/2182/1548 1948/2183/1559 1936/2170/1547
f 1926/2171/1537 1938/2184/1549 1937/2185/1548 1925/2172/1536
f 1927/2173/1538 1939/2186/1550 1938/2184/1549 1926/2171/1537
f 1928/2174/1539 1940/2187/1551 1939/2186/1550 1927/2173/1538
f 1929/2175/1540 1941/2188/1552 1940/2187/1551 1928/2174/1539
f 1930/2176/1541 1942/2189/1553 1941/2188/1552 1929/2175/1540
f 1931/2177/1542 1943/2190/1554 1942/2189/1553 1930/2176/1541
f 1932/2178/1543 1944/2191/1555 1943/2190/1554 1931/2177/1542
f 1933/2179/1544 1945/2192/1556 1944/2191/1555 1932/2178/1543
f 1934/2180/1545 1946/2193/1557 1945/2192/1556 1933/2179/1544
f 1935/2181/1546 1947/2194/1558 1946/2193/1557 1934/2180/1545
f 1936/2170/1547 1948/2183/1559 1947/2194/1558 1935/2181/1546
f 1937/2182/1548 1949/2195/1560 1960/2196/1571 1948/2183/1559
f 1938/2184/1549 1950/2197/1561 1949/2198/1560 1937/2185/1548
f 1939/2186/1550 1951/2199/1562 1950/2197/1561 1938/2184/1549
f 1940/2187/1551 1952/2200/1563 1951/2199/1562 1939/2186/1550
f 1941/2188/1552 1953/2201/1564 1952/2200/1563 1940/2187/1551
f 1942/2189/1553 1954/2202/1565 1953/2201/1564 1941/2188/1552
f 1943/2190/1554 1955/2203/1566 1954/2202/1565 1942/2189/1553
f 1944/2191/1555 1956/2204/1567 1955/2203/1566 1943/2190/1554
f 1945/2192/1556 1957/2205/1568 1956/2204/1567 1944/2191/1555
f 1946/2193/1557 1958/2206/1569 1957/2205/1568 1945/2192/1556
f 1947/2194/1558 1959/2207/1570 1958/2206/1569 1946/2193/1557
f 1948/2183/1559 1960/2196/1571 1959/2207/1570 1947/2194/1558
f 1949/2195/1560 1961/2208/1572 1972/2209/1583 1960/2196/1571
f 1950/2197/1561 1962/2210/1573 1961/2211/1572 1949/2198/1560
f 1951/2199/1562 1963/2212/1574 1962/2210/1573 1950/2197/1561
f 1952/2200/1563 1964/2213/1575 1963/2212/1574 1951/2199/1562
f 1953/2201/1564 1965/2214/1576 1964/2213/1575 1952/2200/1563
f 1954/2202/1565 1966/2215/1577 1965/2214/1576 1953/2201/1564
f 1955/2203/1566 1967/2216/1578 1966/2215/1577 1954/2202/1565
f 1956/2204/1567 1968/2217/1579 1967/2216/1578 1955/2203/1566
f 1957/2205/1568 1969/2218/1580 1968/2217/1579 1956/2204/1567
f 1958/2206/1569 1970/2219/1581 1969/2218/1580 1957/2205/1568
f 1959/2207/1570 1971/2220/1582 1970/2219/1581 1958/2206/1569
f 1960/2196/1571 1972/2209/1583 1971/2220/1582 1959/2207/1570
f 1961/2208/1572 1973/2221/1584 1984/2222/1595 1972/2209/1583
f 1962/2210/1573 1974/2223/1585 1973/2224/1584 1961/2211/1572
f 1963/2212/1574 1975/2225/1586 1974/2223/1585 1962/2210/1573
f 1964/2213/1575 1976/2226/1587 1975/2225/1586 1963/2212/1574
f 1965/2214/1576 1977/2227/1588 1976/2226/1587 1964/2213/1575
f 1966/2215/1577 1978/2228/1589 1977/2227/1588 1965/2214/1576
f 1967/2216/1578 1979/2229/1590 1978/2228/1589 1966/2215/1577
f 1968/2217/1579 1980/2230/1591 1979/2229/1590 1967/2216/1578
f 1969/2218/1580 1981/2231/1592 1980/2230/1591 1968/2217/1579
f 1970/2219/1581 1982/2232/1593 1981/2231/1592 1969/2218/1580
f 1971/2220/1582 1983/2233/1594 1982/2232/1593 1970/2219/1581
f 1972/2209/1583 1984/2222/1595 1983/2233/1594 1971/2220/1582
f 1973/2221/1584 1985/2234/1596 1996/2235/1607 1984/2222/1595
f 1974/2223/1585 1986/2236/1597 1985/2237/1596 1973/2224/1584
f 1975/2225/1586 1987/2238/1598 1986/2236/1597 1974/2223/1585
f 1976/2226/1587 1988/2239/1599 1987/2238/1598 1975/2225/1586
f 1977/2227/1588 1989/2240/1600 1988/2239/1599 1976/2226/1587
f 1978/2228/1589 1990/2241/1601 1989/2240/1600 1977/2227/1588
f 1979/2229/1590 1991/2242/1602 1990/2241/1601 1978/2228/1589
f 1980/2230/1591 1992/2243/1603 1991/2242/1602 1979/2229/1590
f 1981/2231/1592 1993/2244/1604 1992/2243/1603 1980/2230/1591
f 1982/2232/1593 1994/2245/1605 1993/2244/1604 1981/2231/1592
f 1983/2233/1594 1995/2246/1606 1994/2245/1605 1982/2232/1593
f 1984/2222/1595 1996/2235/1607 1995/2246/1606 1983/2233/1594
f 1985/2234/1596 1997/2247/1608 2008/2248/1619 1996/2235/1607
f 1986/2236/1597 1998/2249/1609 1997/2250/1608 1985/2237/1596
f 1987/2238/1598 1999/2251/1610 1998/2249/1609 1986/2236/1597
f 1988/2239/1599 2000/2252/1611 1999/2251/1610 1987/2238/1598
f 1989/2240/1600 2001/2253/1612 2000/2252/1611 1988/2239/1599
f 1990/2241/1601 2002/2254/1613 2001/2253/1612 1989/2240/1600
f 1991/2242/1602 2003/2255/1614 2002/2254/1613 1990/2241/1601
f 1992/2243/1603 2004/2256/1615 2003/2255/1614 1991/2242/1602
f 1993/2244/1604 2005/2257/1616 2004/2256/1615 1992/2243/1603
f 1994/2245/1605 2006/2258/1617 2005/2257/1616 1993/2244/1604
f 1995/2246/1606 2007/2259/1618 2006/2258/1617 1994/2245/1605
f 1996/2235/1607 2008/2248/1619 2007/2259/1618 1995/2246/1606
f 1997/2247/1608 2009/2260/1620 2020/2261/1631 2008/2248/1619
f 1998/2249/1609 2010/2262/1621 2009/2263/1620 1997/2250/1608
f 1999/2251/1610 2011/2264/1622 2010/2262/1621 1998/2249/1609
f 2000/2252/1611 2012/2265/1623 2011/2264/1622 1999/2251/1610
f 2001/2253/1612 2013/2266/1624 2012/2265/1623 2000/2252/1611
f 2002/2254/1613 2014/2267/1625 2013/2266/1624 2001/2253/1612
f 2003/2255/1614 2015/2268/1626 2014/2267/1625 2002/2254/1613
f 2004/2256/1615 2016/2269/1627 2015/2268/1626 2003/2255/1614
f 2005/2257/1616 2017/2270/1628 2016/2269/1627 2004/2256/1615
f 2006/2258/1617 2018/2271/1629 2017/2270/1628 2005/2257/1616
f 2007/2259/1618 2019/2272/1630 2018/2271/1629 2006/2258/1617
f 2008/2248/1619 2020/2261/1631 2019/2272/1630 2007/2259/1618
f 2009/2260/1620 2021/2273/1632 2032/2274/1643 2020/2261/1631
f 2010/2262/1621 2022/2275/1633 2021/2276/1632 2009/2263/1620
f 2011/2264/1622 2023/2277/1634 2022/2275/1633 2010/2262/1621
f 2012/2265/1623 2024/2278/1635 2023/2277/1634 2011/2264/1622
f 2013/2266/1624 2025/2279/1636 2024/2278/1635 2012/2265/1623
f 2014/2267/1625 2026/2280/1637 2025/2279/1636 2013/2266/1624
f 2015/2268/1626 2027/2281/1638 2026/2280/1637 2014/2267/1625
f 2016/2269/1627 2028/2282/1639 2027/2281/1638 2015/2268/1626
f 2017/2270/1628 2029/2283/1640 2028/2282/1639 2016/2269/1627
f 2018/2271/1629 2030/2284/1641 2029/2283/1640 2017/2270/1628
f 2019/2272/1630 2031/2285/1642 2030/2284/1641 2018/2271/1629
f 2020/2261/1631 2032/2274/1643 2031/2285/1642 2019/2272/1630
f 2021/2273/1632 2033/2286/1644 2044/2287/1655 2032/2274/1643
f 2022/2275/1633 2034/2288/1645 2033/2289/1644 2021/2276/1632
f 2023/2277/1634 2035/2290/1646 2034/2288/1645 2022/2275/1633
f 2024/2278/1635 2036/2291/1647 2035/2290/1646 2023/2277/1634
f 2025/2279/1636 2037/2292/1648 2036/2291/1647 2024/2278/1635
f 2026/2280/1637 2038/2293/1649 2037/2292/1648 2025/2279/1636
f 2027/2281/1638 2039/2294/1650 2038/2293/1649 2026/2280/1637
f 2028/2282/1639 2040/2295/1651 2039/2294/1650 2027/2281/1638
f 2029/2283/1640 2041/2296/1652 2040/2295/1651 2028/2282/1639
f 2030/2284/1641 2042/2297/1653 2041/2296/1652 2029/2283/1640
f 2031/2285/1642 2043/2298/1654 2042/2297/1653 2030/2284/1641
f 2032/2274/1643 2044/2287/1655 2043/2298/1654 2031/2285/1642
f 2033/2286/1644 2045/2299/1656 2056/2300/1667 2044/2287/1655
f 2034/2288/1645 2046/2301/1657 2045/2302/1656 2033/2289/1644
f 2035/2290/1646 2047/2303/1658 2046/2301/1657 2034/2288/1645
f 2036/2291/1647 2048/2304/1659 2047/2303/1658 2035/2290/1646
f 2037/2292/1648 2049/2305/1660 2048/2304/1659 2036/2291/1647
f 2038/2293/1649 2050/2306/1661 2049/2305/1660 2037/2292/1648
f 2039/2294/1650 2051/2307/1662 2050/2306/1661 2038/2293/1649
f 2040/2295/1651 2052/2308/1663 2051/2307/1662 2039/2294/1650
f 2041/2296/1652 2053/2309/1664 2052/2308/1663 2040/2295/1651
f 2042/2297/1653 2054/2310/1665 2053/2309/1664 2041/2296/1652
f 2043/2298/1654 2055/2311/1666 2054/2310/1665 2042/2297/1653
f 2044/2287/1655 2056/2300/1667 2055/2311/1666 2043/2298/1654
f 2045/2299/1656 2057/2312/1668 2068/2313/1679 2056/2300/1667
f 2046/2301/1657 2058/2314/1669 2057/2315/1668 2045/2302/1656
f 2047/2303/1658 2059/2316/1670 2058/2314/1669 2046/2301/1657
f 2048/2304/1659 2060/2317/1671 2059/2316/1670 2047/2303/1658
f 2049/2305/1660 2061/2318/1672 2060/2317/1671 2048/2304/1659
f 2050/2306/1661 2062/2319/1673 2061/2318/1672 2049/2305/1660
f 2051/2307/1662 2063/2320/1674 2062/2319/1673 2050/2306/1661
f 2052/2308/1663 2064/2321/1675 2063/2320/1674 2051/2307/1662
f 2053/2309/1664 2065/2322/1676 2064/2321/1675 2052/2308/1663
f 2054/2310/1665 2066/2323/1677 2065/2322/1676 2053/2309/1664
f 2055/2311/1666 2067/2324/1678 2066/2323/1677 2054/2310/1665
f 2056/2300/1667 2068/2313/1679 2067/2324/1678 2055/2311/1666
f 2057/2312/1668 2069/2325/1680 2080/2326/1691 2068/2313/1679
f 2058/2314/1669 2070/2327/1681 2069/2328/1680 2057/2315/1668
f 2059/2316/1670 2071/2329/1682 2070/2327/1681 2058/2314/1669
f 2060/2317/1671 2072/2330/1683 2071/2329/1682 2059/2316/1670
f 2061/2318/1672 2073/2331/1684 2072/2330/1683 2060/2317/1671
f 2062/2319/1673 2074/2332/1685 2073/2331/1684 2061/2318/1672
f 2063/2320/1674 2075/2333/1686 2074/2332/1685 2062/2319/1673
f 2064/2321/1675 2076/2334/1687 2075/2333/1686 2063/2320/1674
f 2065/2322/1676 2077/2335/1688 2076/2334/1687 2064/2321/1675
f 2066/2323/1677 2078/2336/1689 2077/2335/1688 2065/2322/1676
f 2067/2324/1678 2079/2337/1690 2078/2336/1689 2066/2323/1677
f 2068/2313/1679 2080/2326/1691 2079/2337/1690 2067/2324/1678
f 2069/2325/1680 2081/2338/1692 2092/2339/1703 2080/2326/1691
f 2070/2327/1681 2082/2340/1693 2081/2341/1692 2069/2328/1680
f 2071/2329/1682 2083/2342/1694 2082/2340/1693 2070/2327/1681
f 2072/2330/1683 2084/2343/1695 2083/2342/1694 2071/2329/1682
f 2073/2331/1684 2085/2344/1696 2084/2343/1695 2072/2330/1683
f 2074/2332/1685 2086/2345/1697 2085/2344/1696 2073/2331/1684
f 2075/2333/1686 2087/2346/1698 2086/2345/1697 2074/2332/1685
f 2076/2334/1687 2088/2347/1699 2087/2346/1698 2075/2333/1686
f 2077/2335/1688 2089/2348/1700 2088/2347/1699 2076/2334/1687
f 2078/2336/1689 2090/2349/1701 2089/2348/1700 2077/2335/1688
f 2079/2337/1690 2091/2350/1702 2090/2349/1701 2078/2336/1689
f 2080/2326/1691 2092/2339/1703 2091/2350/1702 2079/2337/1690
f 2081/2338/1692 2093/2351/1704 2104/2352/1715 2092/2339/1703
f 2082/2340/1693 2094/2353/1705 2093/2354/1704 2081/2341/1692
f 2083/2342/1694 2095/2355/1706 2094/2353/1705 2082/2340/1693
f 2084/2343/1695 2096/2356/1707 2095/2355/1706 2083/2342/1694
f 2085/2344/1696 2097/2357/1708 2096/2356/1707 2084/2343/1695
f 2086/2345/1697 2098/2358/1709 2097/2357/1708 2085/2344/1696
f 2087/2346/1698 2099/2359/1710 2098/2358/1709 2086/2345/1697
f 2088/2347/1699 2100/2360/1711 2099/2359/1710 2087/2346/1698
f 2089/2348/1700 2101/2361/1712 2100/2360/1711 2088/2347/1699
f 2090/2349/1701 2102/2362/1713 2101/2361/1712 2089/2348/1700
f 2091/2350/1702 2103/2363/1714 2102/2362/1713 2090/2349/1701
f 2092/2339/1703 2104/2352/1715 2103/2363/1714 2091/2350/1702
f 2093/2351/1704 2105/2364/1716 2116/2365/1727 2104/2352/1715
f 2094/2353/1705 2106/2366/1717 2105/2367/1716 2093/2354/1704
f 2095/2355/1706 2107/2368/1718 2106/2366/1717 2094/2353/1705
f 2096/2356/1707 2108/2369/1719 2107/2368/1718 2095/2355/1706
f 2097/2357/1708 2109/2370/1720 2108/2369/1719 2096/2356/1707
f 2098/2358/1709 2110/2371/1721 2109/2370/1720 2097/2357/1708
f 2099/2359/1710 2111/2372/1722 2110/2371/1721 2098/2358/1709
f 2100/2360/1711 2112/2373/1723 2111/2372/1722 2099/2359/1710
f 2101/2361/1712 2113/2374/1724 2112/2373/1723 2100/2360/1711
f 2102/2362/1713 2114/2375/1725 2113/2374/1724 2101/2361/1712
f 2103/2363/1714 2115/2376/1726 2114/2375/1725 2102/2362/1713
f 2104/2352/1715 2116/2365/1727 2115/2376/1726 2103/2363/1714
f 2105/2364/1716 2117/2377/1728 2128/2378/1739 2116/2365/1727
f 2106/2366/1717 2118/2379/1729 2117/2380/1728 2105/2367/1716
f 2107/2368/1718 2119/2381/1730 2118/2379/1729 2106/2366/1717
f 2108/2369/1719 2120/2382/1731 2119/2381/1730 2107/2368/1718
f 2109/2370/1720 2121/2383/1732 2120/2382/1731 2108/2369/1719
f 2110/2371/1721 2122/2384/1733 2121/2383/1732 2109/2370/1720
f 2111/2372/1722 2123/2385/1734 2122/2384/1733 2110/2371/1721
f 2112/2373/1723 2124/2386/1735 2123/2385/1734 2111/2372/1722
f 2113/2374/1724 2125/2387/1736 2124/2386/1735 2112/2373/1723
f 2114/2375/1725 2126/2388/1737 2125/2387/1736 2113/2374/1724
f 2115/2376/1726 2127/2389/1738 2126/2388/1737 2114/2375/1725
f 2116/2365/1727 2128/2378/1739 2127/2389/1738 2115/2376/1726
f 2117/2377/1728 2129/2390/1740 2140/2391/1751 2128/2378/1739
f 2118/2379/1729 2130/2392/1741 2129/2393/1740 2117/2380/1728
f 2119/2381/1730 2131/2394/1742 2130/2392/1741 2118/2379/1729
f 2120/2382/1731 2132/2395/1743 2131/2394/1742 2119/2381/1730
f 2121/2383/1732 2133/2396/1744 2132/2395/1743 2120/2382/1731
f 2122/2384/1733 2134/2397/1745 2133/2396/1744 2121/2383/1732
f 2123/2385/1734 2135/2398/1746 2134/2397/1745 2122/2384/1733
f 2124/2386/1735 2136/2399/1747 2135/2398/1746 2123/2385/1734
f 2125/2387/1736 2137/2400/1748 2136/2399/1747 2124/2386/1735
f 2126/2388/1737 2138/2401/1749 2137/2400/1748 2125/2387/1736
f 2127/2389/1738 2139/2402/1750 2138/2401/1749 2126/2388/1737
f 2128/2378/1739 2140/2391/1751 2139/2402/1750 2127/2389/1738
f 2129/2390/1740 2141/2403/1752 2152/2404/1763 2140/2391/1751
f 2130/2392/1741 2142/2405/1753 2141/2406/1752 2129/2393/1740
f 2131/2394/1742 2143/2407/1754 2142/2405/1753 2130/2392/1741
f 2132/2395/1743 2144/2408/1755 2143/2407/1754 2131/2394/1742
f 2133/2396/1744 2145/2409/1756 2144/2408/1755 2132/2395/1743
f 2134/2397/1745 2146/2410/1757 2145/2409/1756 2133/2396/1744
f 2135/2398/1746 2147/2411/1758 2146/2410/1757 2134/2397/1745
f 2136/2399/1747 2148/2412/1759 2147/2411/1758 2135/2398/1746
f 2137/2400/1748 2149/2413/1760 2148/2412/1759 2136/2399/1747
f 2138/2401/1749 2150/2414/1761 2149/2413/1760 2137/2400/1748
f 2139/2402/1750 2151/2415/1762 2150/2414/1761 2138/2401/1749
f 2140/2391/1751 2152/2404/1763 2151/2415/1762 2139/2402/1750
f 2141/2403/1752 2153/2416/1764 2164/2417/1775 2152/2404/1763
f 2142/2405/1753 2154/2418/1765 2153/2419/1764 2141/2406/1752
f 2143/2407/1754 2155/2420/1766 2154/2418/1765 2142/2405/1753
f 2144/2408/1755 2156/2421/1767 2155/2420/1766 2143/2407/1754
f 2145/2409/1756 2157/2422/1768 2156/2421/1767 2144/2408/1755
f 2146/2410/1757 2158/2423/1769 2157/2422/1768 2145/2409/1756
f 2147/2411/1758 2159/2424/1770 2158/2423/1769 2146/2410/1757
f 2148/2412/1759 2160/2425/1771 2159/2424/1770 2147/2411/1758
f 2149/2413/1760 2161/2426/1772 2160/2425/1771 2148/2412/1759
f 2150/2414/1761 2162/2427/1773 2161/2426/1772 2149/2413/1760
f 2151/2415/1762 2163/2428/1774 2162/2427/1773 2150/2414/1761
f 2152/2404/1763 2164/2417/1775 2163/2428/1774 2151/2415/1762
f 2153/2416/1764 2165/2429/1776 2176/2430/1787 2164/2417/1775
f 2154/2418/1765 2166/2431/1777 2165/2432/1776 2153/2419/1764
f 2155/2420/1766 2167/2433/1778 2166/2431/1777 2154/2418/1765
f 2156/2421/1767 2168/2434/1779 2167/2433/1778 2155/2420/1766
f 2157/2422/1768 2169/2435/1780 2168/2434/1779 2156/2421/1767
f 2158/2423/1769 2170/2436/1781 2169/2435/1780 2157/2422/1768
f 2159/2424/1770 2171/2437/1782 2170/2436/1781 2158/2423/1769
f 2160/2425/1771 2172/2438/1783 2171/2437/1782 2159/2424/1770
f 2161/2426/1772 2173/2439/1784 2172/2438/1783 2160/2425/1771
f 2162/2427/1773 2174/2440/1785 2173/2439/1784 2161/2426/1772
f 2163/2428/1774 2175/2441/1786 2174/2440/1785 2162/2427/1773
f 2164/2417/1775 2176/2430/1787 2175/2441/1786 2163/2428/1774
f 2165/2429/1776 2177/2442/1788 2188/2443/1799 2176/2430/1787
f 2166/2431/1777 2178/2444/1789 2177/2445/1788 2165/2432/1776
f 2167/2433/1778 2179/2446/1790 2178/2444/1789 2166/2431/1777
f 2168/2434/1779 2180/2447/1791 2179/2446/1790 2167/2433/1778
f 2169/2435/1780 2181/2448/1792 2180/2447/1791 2168/2434/1779
f 2170/2436/1781 2182/2449/1793 2181/2448/1792 2169/2435/1780
f 2171/2437/1782 2183/2450/1794 2182/2449/1793 2170/2436/1781
f 2172/2438/1783 2184/2451/1795 2183/2450/1794 2171/2437/1782
f 2173/2439/1784 2185/2452/1796 2184/2451/1795 2172/2438/1783
f 2174/2440/1785 2186/2453/1797 2185/2452/1796 2173/2439/1784
f 2175/2441/1786 2187/2454/1798 2186/2453/1797 2174/2440/1785
f 2176/2430/1787 2188/2443/1799 2187/2454/1798 2175/2441/1786
f 2177/2442/1788 2189/2455/1800 2200/2456/1811 2188/2443/1799
f 2178/2444/1789 2190/2457/1801 2189/2458/1800 2177/2445/1788
f 2179/2446/1790 2191/2459/1802 2190/2457/1801 2178/2444/1789
f 2180/2447/1791 2192/2460/1803 2191/2459/1802 2179/2446/1790
f 2181/2448/1792 2193/2461/1804 2192/2460/1803 2180/2447/1791
f 2182/2449/1793 2194/2462/1805 2193/2461/1804 2181/2448/1792
f 2183/2450/1794 2195/2463/1806 2194/2462/1805 2182/2449/1793
f 2184/2451/1795 2196/2464/1807 2195/2463/1806 2183/2450/1794
f 2185/2452/1796 2197/2465/1808 2196/2464/1807 2184/2451/1795
f 2186/2453/1797 2198/2466/1809 2197/2465/1808 2185/2452/1796
f 2187/2454/1798 2199/2467/1810 2198/2466/1809 2186/2453/1797
f 2188/2443/1799 2200/2456/1811 2199/2467/1810 2187/2454/1798
f 2189/2455/1800 2201/2468/1812 2212/2469/1823 2200/2456/1811
f 2190/2457/1801 2202/2470/1813 2201/2471/1812 2189/2458/1800
f 2191/2459/1802 2203/2472/1814 2202/2470/1813 2190/2457/1801
f 2192/2460/1803 2204/2473/1815 2203/2472/1814 2191/2459/1802
f 2193/2461/1804 2205/2474/1816 2204/2473/1815 2192/2460/1803
f 2194/2462/1805 2206/2475/1817 2205/2474/1816 2193/2461/1804
f 2195/2463/1806 2207/2476/1818 2206/2475/1817 2194/2462/1805
f 2196/2464/1807 2208/2477/1819 2207/2476/1818 2195/2463/1806
f 2197/2465/1808 2209/2478/1820 2208/2477/1819 2196/2464/1807
f 2198/2466/1809 2210/2479/1821 2209/2478/1820 2197/2465/1808
f 2199/2467/1810 2211/2480/1822 2210/2479/1821 2198/2466/1809
f 2200/2456/1811 2212/2469/1823 2211/2480/1822 2199/2467/1810
f 2201/2468/1812 2213/2481/1824 2224/2482/1835 2212/2469/1823
f 2202/2470/1813 2214/2483/1825 2213/2484/1824 2201/2471/1812
f 2203/2472/1814 2215/2485/1826 2214/2483/1825 2202/2470/1813
f 2204/2473/1815 2216/2486/1827 2215/2485/1826 2203/2472/1814
f 2205/2474/1816 2217/2487/1828 2216/2486/1827 2204/2473/1815
f 2206/2475/1817 2218/2488/1829 2217/2487/1828 2205/2474/1816
f 2207/2476/1818 2219/2489/1830 2218/2488/1829 2206/2475/1817
f 2208/2477/1819 2220/2490/1831 2219/2489/1830 2207/2476/1818
f 2209/2478/1820 2221/2491/1832 2220/2490/1831 2208/2477/1819
f 2210/2479/1821 2222/2492/1833 2221/2491/1832 2209/2478/1820
f 2211/2480/1822 2223/2493/1834 2222/2492/1833 2210/2479/1821
f 2212/2469/1823 2224/2482/1835 2223/2493/1834 2211/2480/1822
f 2213/2481/1824 2225/2494/1836 2236/2495/1847 2224/2482/1835
f 2214/2483/1825 2226/2496/1837 2225/2497/1836 2213/2484/1824
f 2215/2485/1826 2227/2498/1838 2226/2496/1837 2214/2483/1825
f 2216/2486/1827 2228/2499/1839 2227/2498/1838 2215/2485/1826
f 2217/2487/1828 2229/2500/1840 2228/2499/1839 2216/2486/1827
f 2218/2488/1829 2230/2501/1841 2229/2500/1840 2217/2487/1828
f 2219/2489/1830 2231/2502/1842 2230/2501/1841 2218/2488/1829
f 2220/2490/1831 2232/2503/1843 2231/2502/1842 2219/2489/1830
f 2221/2491/1832 2233/2504/1844 2232/2503/1843 2220/2490/1831
f 2222/2492/1833 2234/2505/1845 2233/2504/1844 2221/2491/1832
f 2223/2493/1834 2235/2506/1846 2234/2505/1845 2222/2492/1833
f 2224/2482/1835 2236/2495/1847 2235/2506/1846 2223/2493/1834
f 2225/2494/1836 2237/2507/1848 2248/2508/1859 2236/2495/1847
f 2226/2496/1837 2238/2509/1849 2237/2510/1848 2225/2497/1836
f 2227/2498/1838 2239/2511/1850 2238/2509/1849 2226/2496/1837
f 2228/2499/1839 2240/2512/1851 2239/2511/1850 2227/2498/1838
f 2229/2500/1840 2241/2513/1852 2240/2512/1851 2228/2499/1839
f 2230/2501/1841 2242/2514/1853 2241/2513/1852 2229/2500/1840
f 2231/2502/1842 2243/2515/1854 2242/2514/1853 2230/2501/1841
f 2232/2503/1843 2244/2516/1855 2243/2515/1854 2231/2502/1842
f 2233/2504/1844 2245/2517/1856 2244/2516/1855 2232/2503/1843
f 2234/2505/1845 2246/2518/1857 2245/2517/1856 2233/2504/1844
f 2235/2506/1846 2247/2519/1858 2246/2518/1857 2234/2505/1845
f 2236/2495/1847 2248/2508/1859 2247/2519/1858 2235/2506/1846
f 2237/2507/1848 2249/2520/1860 2260/2521/1871 2248/2508/1859
f 2238/2509/1849 2250/2522/1861 2249/2523/1860 2237/2510/1848
f 2239/2511/1850 2251/2524/1862 2250/2522/1861 2238/2509/1849
f 2240/2512/1851 2252/2525/1863 2251/2524/1862 2239/2511/1850
f 2241/2513/1852 2253/2526/1864 2252/2525/1863 2240/2512/1851
f 2242/2514/1853 2254/2527/1865 2253/2526/1864 2241/2513/1852
f 2243/2515/1854 2255/2528/1866 2254/2527/1865 2242/2514/1853
f 2244/2516/1855 2256/2529/1867 2255/2528/1866 2243/2515/1854
f 2245/2517/1856 2257/2530/1868 2256/2529/1867 2244/2516/1855
f 2246/2518/1857 2258/2531/1869 2257/2530/1868 2245/2517/1856
f 2247/2519/1858 2259/2532/1870 2258/2531/1869 2246/2518/1857
f 2248/2508/1859 2260/2521/1871 2259/2532/1870 2247/2519/1858
f 2249/2520/1860 2261/2533/1872 2272/2534/1883 2260/2521/1871
f 2250/2522/1861 2262/2535/1873 2261/2536/1872 2249/2523/1860
f 2251/2524/1862 2263/2537/1874 2262/2535/1873 2250/2522/1861
f 2252/2525/1863 2264/2538/1875 2263/2537/1874 2251/2524/1862
f 2253/2526/1864 2265/2539/1876 2264/2538/1875 2252/2525/1863
f 2254/2527/1865 2266/2540/1877 2265/2539/1876 2253/2526/1864
f 2255/2528/1866 2267/2541/1878 2266/2540/1877 2254/2527/1865
f 2256/2529/1867 2268/2542/1879 2267/2541/1878 2255/2528/1866
f 2257/2530/1868 2269/2543/1880 2268/2542/1879 2256/2529/1867
f 2258/2531/1869 2270/2544/1881 2269/2543/1880 2257/2530/1868
f 2259/2532/1870 2271/2545/1882 2270/2544/1881 2258/2531/1869
f 2260/2521/1871 2272/2534/1883 2271/2545/1882 2259/2532/1870
f 2261/2533/1872 2273/2546/1884 2284/2547/1895 2272/2534/1883
f 2262/2535/1873 2274/2548/1885 2273/2549/1884 2261/2536/1872
f 2263/2537/1874 2275/2550/1886 2274/2548/1885 2262/2535/1873
f 2264/2538/1875 2276/2551/1887 2275/2550/1886 2263/2537/1874
f 2265/2539/1876 2277/2552/1888 2276/2551/1887 2264/2538/1875
f 2266/2540/1877 2278/2553/1889 2277/2552/1888 2265/2539/1876
f 2267/2541/1878 2279/2554/1890 2278/2553/1889 2266/2540/1877
f 2268/2542/1879 2280/2555/1891 2279/2554/1890 2267/2541/1878
f 2269/2543/1880 2281/2556/1892 2280/2555/1891 2268/2542/1879
f 2270/2544/1881 2282/2557/1893 2281/2556/1892 2269/2543/1880
f 2271/2545/1882 2283/2558/1894 2282/2557/1893 2270/2544/1881
f 2272/2534/1883 2284/2547/1895 2283/2558/1894 2271/2545/1882
f 2273/2546/1884 2285/2559/1896 2296/2560/1907 2284/2547/1895
f 2274/2548/1885 2286/2561/1897 2285/2562/1896 2273/2549/1884
f 2275/2550/1886 2287/2563/1898 2286/2561/1897 2274/2548/1885
f 2276/2551/1887 2288/2564/1899 2287/2563/1898 2275/2550/1886
f 2277/2552/1888 2289/2565/1900 2288/2564/1899 2276/2551/1887
f 2278/2553/1889 2290/2566/1901 2289/2565/1900 2277/2552/1888
f 2279/2554/1890 2291/2567/1902 2290/2566/1901 2278/2553/1889
f 2280/2555/1891 2292/2568/1903 2291/2567/1902 2279/2554/1890
f 2281/2556/1892 2293/2569/1904 2292/2568/1903 2280/2555/1891
f 2282/2557/1893 2294/2570/1905 2293/2569/1904 2281/2556/1892
f 2283/2558/1894 2295/2571/1906 2294/2570/1905 2282/2557/1893
f 2284/2547/1895 2296/2560/1907 2295/2571/1906 2283/2558/1894
f 2285/2559/1896 2297/2572/1908 2308/2573/1919 2296/2560/1907
f 2286/2561/1897 2298/2574/1909 2297/2575/1908 2285/2562/1896
f 2287/2563/1898 2299/2576/1910 2298/2574/1909 2286/2561/1897
f 2288/2564/1899 2300/2577/1911 2299/2576/1910 2287/2563/1898
f 2289/2565/1900 2301/2578/1912 2300/2577/1911 2288/2564/1899
f 2290/2566/1901 2302/2579/1913 2301/2578/1912 2289/2565/1900
f 2291/2567/1902 2303/2580/1914 2302/2579/1913 2290/2566/1901
f 2292/2568/1903 2304/2581/1915 2303/2580/1914 2291/2567/1902
f 2293/2569/1904 2305/2582/1916 2304/2581/1915 2292/2568/1903
f 2294/2570/1905 2306/2583/1917 2305/2582/1916 2293/2569/1904
f 2295/2571/1906 2307/2584/1918 2306/2583/1917 2294/2570/1905
f 2296/2560/1907 2308/2573/1919 2307/2584/1918 2295/2571/1906
f 2297/2572/1908 2309/2585/1920 2320/2586/1931 2308/2573/1919
f 2298/2574/1909 2310/2587/1921 2309/2588/1920 2297/2575/1908
f 2299/2576/1910 2311/2589/1922 2310/2587/1921 2298/2574/1909
f 2300/2577/1911 2312/2590/1923 2311/2589/1922 2299/2576/1910
f 2301/2578/1912 2313/2591/1924 2312/2590/1923 2300/2577/1911
f 2302/2579/1913 2314/2592/1925 2313/2591/1924 2301/2578/1912
f 2303/2580/1914 2315/2593/1926 2314/2592/1925 2302/2579/1913
f 2304/2581/1915 2316/2594/1927 2315/2593/1926 2303/2580/1914
f 2305/2582/1916 2317/2595/1928 2316/2594/1927 2304/2581/1915
f 2306/2583/1917 2318/2596/1929 2317/2595/1928 2305/2582/1916
f 2307/2584/1918 2319/2597/1930 2318/2596/1929 2306/2583/1917
f 2308/2573/1919 2320/2586/1931 2319/2597/1930 2307/2584/1918
f 2309/2585/1920 2321/2598/1932 2332/2599/1943 2320/2586/1931
f 2310/2587/1921 2322/2600/1933 2321/2601/1932 2309/2588/1920
f 2311/2589/1922 2323/2602/1934 2322/2600/1933 2310/2587/1921
f 2312/2590/1923 2324/2603/1935 2323/2602/1934 2311/2589/1922
f 2313/2591/1924 2325/2604/1936 2324/2603/1935 2312/2590/1923
f 2314/2592/1925 2326/2605/1937 2325/2604/1936 2313/2591/1924
f 2315/2593/1926 2327/2606/1938 2326/2605/1937 2314/2592/1925
f 2316/2594/1927 2328/2607/1939 2327/2606/1938 2315/2593/1926
f 2317/2595/1928 2329/2608/1940 2328/2607/1939 2316/2594/1927
f 2318/2596/1929 2330/2609/1941 2329/2608/1940 2317/2595/1928
f 2319/2597/1930 2331/2610/1942 2330/2609/1941 2318/2596/1929
f 2320/2586/1931 2332/2599/1943 2331/2610/1942 2319/2597/1930
f 2321/2598/1932 2333/2611/1944 2344/2612/1955 2332/2599/1943
f 2322/2600/1933 2334/2613/1945 2333/2614/1944 2321/2601/1932
f 2323/2602/1934 2335/2615/1946 2334/2613/1945 2322/2600/1933
f 2324/2603/1935 2336/2616/1947 2335/2615/1946 2323/2602/1934
f 2325/2604/1936 2337/2617/1948 2336/2616/1947 2324/2603/1935
f 2326/2605/1937 2338/2618/1949 2337/2617/1948 2325/2604/1936
f 2327/2606/1938 2339/2619/1950 2338/2618/1949 2326/2605/1937
f 2328/2607/1939 2340/2620/1951 2339/2619/1950 2327/2606/1938
f 2329/2608/1940 2341/2621/1952 2340/2620/1951 2328/2607/1939
f 2330/2609/1941 2342/2622/1953 2341/2621/1952 2329/2608/1940
f 2331/2610/1942 2343/2623/1954 2342/2622/1953 2330/2609/1941
f 2332/2599/1943 2344/2612/1955 2343/2623/1954 2331/2610/1942
f 2333/2611/1944 2345/2624/1956 2356/2625/1967 2344/2612/1955
f 2334/2613/1945 2346/2626/1957 2345/2627/1956 2333/2614/1944
f 2335/2615/1946 2347/2628/1958 2346/2626/1957 2334/2613/1945
f 2336/2616/1947 2348/2629/1959 2347/2628/1958 2335/2615/1946
f 2337/2617/1948 2349/2630/1960 2348/2629/1959 2336/2616/1947
f 2338/2618/1949 2350/2631/1961 2349/2630/1960 2337/2617/1948
f 2339/2619/1950 2351/2632/1962 2350/2631/1961 2338/2618/1949
f 2340/2620/1951 2352/2633/1963 2351/2632/1962 2339/2619/1950
f 2341/2621/1952 2353/2634/1964 2352/2633/1963 2340/2620/1951
f 2342/2622/1953 2354/2635/1965 2353/2634/1964 2341/2621/1952
f 2343/2623/1954 2355/2636/1966 2354/2635/1965 2342/2622/1953
f 2344/2612/1955 2356/2625/1967 2355/2636/1966 2343/2623/1954
f 2345/2624/1956 2357/2637/1968 2368/2638/1978 2356/2625/1967
f 2346/2626/1957 2358/2639/1969 2357/2640/1968 2345/2627/1956
f 2347/2628/1958 2359/2641/1970 2358/2639/1969 2346/2626/1957
f 2348/2629/1959 2360/2642/1971 2359/2641/1970 2347/2628/1958
f 2349/2630/1960 2361/2643/1972 2360/2642/1971 2348/2629/1959
f 2350/2631/1961 2362/2644/1973 2361/2643/1972 2349/2630/1960
f 2351/2632/1962 2363/2645/1974 2362/2644/1973 2350/2631/1961
f 2352/2633/1963 2364/2646/1783 2363/2645/1974 2351/2632/1962
f 2353/2634/1964 2365/2647/1975 2364/2646/1783 2352/2633/1963
f 2354/2635/1965 2366/2648/1976 2365/2647/1975 2353/2634/1964
f 2355/2636/1966 2367/2649/1977 2366/2648/1976 2354/2635/1965
f 2356/2625/1967 2368/2638/1978 2367/2649/1977 2355/2636/1966
f 2357/2637/1968 2369/2650/1979 2380/2651/1990 2368/2638/1978
f 2358/2639/1969 2370/2652/1980 2369/2653/1979 2357/2640/1968
f 2359/2641/1970 2371/2654/1981 2370/2652/1980 2358/2639/1969
f 2360/2642/1971 2372/2655/1982 2371/2654/1981 2359/2641/1970
f 2361/2643/1972 2373/2656/1983 2372/2655/1982 2360/2642/1971
f 2362/2644/1973 2374/2657/1984 2373/2656/1983 2361/2643/1972
f 2363/2645/1974 2375/2658/1985 2374/2657/1984 2362/2644/1973
f 2364/2646/1783 2376/2659/1986 2375/2658/1985 2363/2645/1974
f 2365/2647/1975 2377/2660/1987 2376/2659/1986 2364/2646/1783
f 2366/2648/1976 2378/2661/1988 2377/2660/1987 2365/2647/1975
f 2367/2649/1977 2379/2662/1989 2378/2661/1988 2366/2648/1976
f 2368/2638/1978 2380/2651/1990 2379/2662/1989 2367/2649/1977
f 2369/2650/1979 2381/2663/1991 2392/2664/2002 2380/2651/1990
f 2370/2652/1980 2382/2665/1992 2381/2666/1991 2369/2653/1979
f 2371/2654/1981 2383/2667/1993 2382/2665/1992 2370/2652/1980
f 2372/2655/1982 2384/2668/1994 2383/2667/1993 2371/2654/1981
f 2373/2656/1983 2385/2669/1995 2384/2668/1994 2372/2655/1982
f 2374/2657/1984 2386/2670/1996 2385/2669/1995 2373/2656/1983
f 2375/2658/1985 2387/2671/1997 2386/2670/1996 2374/2657/1984
f 2376/2659/1986 2388/2672/1998 2387/2671/1997 2375/2658/1985
f 2377/2660/1987 2389/2673/1999 2388/2672/1998 2376/2659/1986
f 2378/2661/1988 2390/2674/2000 2389/2673/1999 2377/2660/1987
f 2379/2662/1989 2391/2675/2001 2390/2674/2000 2378/2661/1988
f 2380/2651/1990 2392/2664/2002 2391/2675/2001 2379/2662/1989
f 2381/2663/1991 2393/2676/2003 2404/2677/2014 2392/2664/2002
f 2382/2665/1992 2394/2678/2004 2393/2679/2003 2381/2666/1991
f 2383/2667/1993 2395/2680/2005 2394/2678/2004 2382/2665/1992
f 2384/2668/1994 2396/2681/2006 2395/2680/2005 2383/2667/1993
f 2385/2669/1995 2397/2682/2007 2396/2681/2006 2384/2668/1994
f 2386/2670/1996 2398/2683/2008 2397/2682/2007 2385/2669/1995
f 2387/2671/1997 2399/2684/2009 2398/2683/2008 2386/2670/1996
f 2388/2672/1998 2400/2685/2010 2399/2684/2009 2387/2671/1997
f 2389/2673/1999 2401/2686/2011 2400/2685/2010 2388/2672/1998
f 2390/2674/2000 2402/2687/2012 2401/2686/2011 2389/2673/1999
f 2391/2675/2001 2403/2688/2013 2402/2687/2012 2390/2674/2000
f 2392/2664/2002 2404/2677/2014 2403/2688/2013 2391/2675/2001
f 2393/2676/2003 2405/2689/2015 2416/2690/2026 2404/2677/2014
f 2394/2678/2004 2406/2691/2016 2405/2692/2015 2393/2679/2003
f 2395/2680/2005 2407/2693/2017 2406/2691/2016 2394/2678/2004
f 2396/2681/2006 2408/2694/2018 2407/2693/2017 2395/2680/2005
f 2397/2682/2007 2409/2695/2019 2408/2694/2018 2396/2681/2006
f 2398/2683/2008 2410/2696/2020 2409/2695/2019 2397/2682/2007
f 2399/2684/2009 2411/2697/2021 2410/2696/2020 2398/2683/2008
f 2400/2685/2010 2412/2698/2022 2411/2697/2021 2399/2684/2009
f 2401/2686/2011 2413/2699/2023 2412/2698/2022 2400/2685/2010
f 2402/2687/2012 2414/2700/2024 2413/2699/2023 2401/2686/2011
f 2403/2688/2013 2415/2701/2025 2414/2700/2024 2402/2687/2012
f 2404/2677/2014 2416/2690/2026 2415/2701/2025 2403/2688/2013
f 2405/2689/2015 2417/2702/2027 2428/2703/2038 2416/2690/2026
f 2406/2691/2016 2418/2704/2028 2417/2705/2027 2405/2692/2015
f 2407/2693/2017 2419/2706/2029 2418/2704/2028 2406/2691/2016
f 2408/2694/2018 2420/2707/2030 2419/2706/2029 2407/2693/2017
f 2409/2695/2019 2421/2708/2031 2420/2707/2030 2408/2694/2018
f 2410/2696/2020 2422/2709/2032 2421/2708/2031 2409/2695/2019
f 2411/2697/2021 2423/2710/2033 2422/2709/2032 2410/2696/2020
f 2412/2698/2022 2424/2711/2034 2423/2710/2033 2411/2697/2021
f 2413/2699/2023 2425/2712/2035 2424/2711/2034 2412/2698/2022
f 2414/2700/2024 2426/2713/2036 2425/2712/2035 2413/2699/2023
f 2415/2701/2025 2427/2714/2037 2426/2713/2036 2414/2700/2024
f 2416/2690/2026 2428/2703/2038 2427/2714/2037 2415/2701/2025
f 2417/2702/2027 2429/2715/2039 2440/2716/2050 2428/2703/2038
f 2418/2704/2028 2430/2717/2040 2429/2718/2039 2417/2705/2027
f 2419/2706/2029 2431/2719/2041 2430/2717/2040 2418/2704/2028
f 2420/2707/2030 2432/2720/2042 2431/2719/2041 2419/2706/2029
f 2421/2708/2031 2433/2721/2043 2432/2720/2042 2420/2707/2030
f 2422/2709/2032 2434/2722/2044 2433/2721/2043 2421/2708/2031
f 2423/2710/2033 2435/2723/2045 2434/2722/2044 2422/2709/2032
f 2424/2711/2034 2436/2724/2046 2435/2723/2045 2423/2710/2033
f 2425/2712/2035 2437/2725/2047 2436/2724/2046 2424/2711/2034
f 2426/2713/2036 2438/2726/2048 2437/2725/2047 2425/2712/2035
f 2427/2714/2037 2439/2727/2049 2438/2726/2048 2426/2713/2036
f 2428/2703/2038 2440/2716/2050 2439/2727/2049 2427/2714/2037
f 2429/2715/2039 2441/2728/2051 2452/2729/2062 2440/2716/2050
f 2430/2717/2040 2442/2730/2052 2441/2731/2051 2429/2718/2039
f 2431/2719/2041 2443/2732/2053 2442/2730/2052 2430/2717/2040
f 2432/2720/2042 2444/2733/2054 2443/2732/2053 2431/2719/2041
f 2433/2721/2043 2445/2734/2055 2444/2733/2054 2432/2720/2042
f 2434/2722/2044 2446/2735/2056 2445/2734/2055 2433/2721/2043
f 2435/2723/2045 2447/2736/2057 2446/2735/2056 2434/2722/2044
f 2436/2724/2046 2448/2737/2058 2447/2736/2057 2435/2723/2045
f 2437/2725/2047 2449/2738/2059 2448/2737/2058 2436/2724/2046
f 2438/2726/2048 2450/2739/2060 2449/2738/2059 2437/2725/2047
f 2439/2727/2049 2451/2740/2061 2450/2739/2060 2438/2726/2048
f 2440/2716/2050 2452/2729/2062 2451/2740/2061 2439/2727/2049
f 2441/2728/2051 2453/2741/2063 2464/2742/2074 2452/2729/2062
f 2442/2730/2052 2454/2743/2064 2453/2744/2063 2441/2731/2051
f 2443/2732/2053 2455/2745/2065 2454/2743/2064 2442/2730/2052
f 2444/2733/2054 2456/2746/2066 2455/2745/2065 2443/2732/2053
f 2445/2734/2055 2457/2747/2067 2456/2746/2066 2444/2733/2054
f 2446/2735/2056 2458/2748/2068 2457/2747/2067 2445/2734/2055
f 2447/2736/2057 2459/2749/2069 2458/2748/2068 2446/2735/2056
f 2448/2737/2058 2460/2750/2070 2459/2749/2069 2447/2736/2057
f 2449/2738/2059 2461/2751/2071 2460/2750/2070 2448/2737/2058
f 2450/2739/2060 2462/2752/2072 2461/2751/2071 2449/2738/2059
f 2451/2740/2061 2463/2753/2073 2462/2752/2072 2450/2739/2060
f 2452/2729/2062 2464/2742/2074 2463/2753/2073 2451/2740/2061
f 2453/2741/2063 2465/2754/2075 2476/2755/2086 2464/2742/2074
f 2454/2743/2064 2466/2756/2076 2465/2757/2075 2453/2744/2063
f 2455/2745/2065 2467/2758/2077 2466/2756/2076 2454/2743/2064
f 2456/2746/2066 2468/2759/2078 2467/2758/2077 2455/2745/2065
f 2457/2747/2067 2469/2760/2079 2468/2759/2078 2456/2746/2066
f 2458/2748/2068 2470/2761/2080 2469/2760/2079 2457/2747/2067
f 2459/2749/2069 2471/2762/2081 2470/2761/2080 2458/2748/2068
f 2460/2750/2070 2472/2763/2082 2471/2762/2081 2459/2749/2069
f 2461/2751/2071 2473/2764/2083 2472/2763/2082 2460/2750/2070
f 2462/2752/2072 2474/2765/2084 2473/2764/2083 2461/2751/2071
f 2463/2753/2073 2475/2766/2085 2474/2765/2084 2462/2752/2072
f 2464/2742/2074 2476/2755/2086 2475/2766/2085 2463/2753/2073
f 2465/2754/2075 2477/2767/2087 2488/2768/2098 2476/2755/2086
f 2466/2756/2076 2478/2769/2088 2477/2770/2087 2465/2757/2075
f 2467/2758/2077 2479/2771/2089 2478/2769/2088 2466/2756/2076
f 2468/2759/2078 2480/2772/2090 2479/2771/2089 2467/2758/2077
f 2469/2760/2079 2481/2773/2091 2480/2772/2090 2468/2759/2078
f 2470/2761/2080 2482/2774/2092 2481/2773/2091 2469/2760/2079
f 2471/2762/2081 2483/2775/2093 2482/2774/2092 2470/2761/2080
f 2472/2763/2082 2484/2776/2094 2483/2775/2093 2471/2762/2081
f 2473/2764/2083 2485/2777/2095 2484/2776/2094 2472/2763/2082
f 2474/2765/2084 2486/2778/2096 2485/2777/2095 2473/2764/2083
f 2475/2766/2085 2487/2779/2097 2486/2778/2096 2474/2765/2084
f 2476/2755/2086 2488/2768/2098 2487/2779/2097 2475/2766/2085
f 2477/2767/2087 2489/2780/2099 2500/2781/2110 2488/2768/2098
f 2478/2769/2088 2490/2782/2100 2489/2783/2099 2477/2770/2087
f 2479/2771/2089 2491/2784/2101 2490/2782/2100 2478/2769/2088
f 2480/2772/2090 2492/2785/2102 2491/2784/2101 2479/2771/2089
f 2481/2773/2091 2493/2786/2103 2492/2785/2102 2480/2772/2090
f 2482/2774/2092 2494/2787/2104 2493/2786/2103 2481/2773/2091
f 2483/2775/2093 2495/2788/2105 2494/2787/2104 2482/2774/2092
f 2484/2776/2094 2496/2789/2106 2495/2788/2105 2483/2775/2093
f 2485/2777/2095 2497/2790/2107 2496/2789/2106 2484/2776/2094
f 2486/2778/2096 2498/2791/2108 2497/2790/2107 2485/2777/2095
f 2487/2779/2097 2499/2792/2109 2498/2791/2108 2486/2778/2096
f 2488/2768/2098 2500/2781/2110 2499/2792/2109 2487/2779/2097
f 2489/2780/2099 2501/2793/2111 2512/2794/2122 2500/2781/2110
f 2490/2782/2100 2502/2795/2112 2501/2796/2111 2489/2783/2099
f 2491/2784/2101 2503/2797/2113 2502/2795/2112 2490/2782/2100
f 2492/2785/2102 2504/2798/2114 2503/2797/2113 2491/2784/2101
f 2493/2786/2103 2505/2799/2115 2504/2798/2114 2492/2785/2102
f 2494/2787/2104 2506/2800/2116 2505/2799/2115 2493/2786/2103
f 2495/2788/2105 2507/2801/2117 2506/2800/2116 2494/2787/2104
f 2496/2789/2106 2508/2802/2118 2507/2801/2117 2495/2788/2105
f 2497/2790/2107 2509/2803/2119 2508/2802/2118 2496/2789/2106
f 2498/2791/2108 2510/2804/2120 2509/2803/2119 2497/2790/2107
f 2499/2792/2109 2511/2805/2121 2510/2804/2120 2498/2791/2108
f 2500/2781/2110 2512/2794/2122 2511/2805/2121 2499/2792/2109
f 2501/2793/2111 2513/2806/2123 2524/2807/2134 2512/2794/2122
f 2502/2795/2112 2514/2808/2124 2513/2809/2123 2501/2796/2111
f 2503/2797/2113 2515/2810/2125 2514/2808/2124 2502/2795/2112
f 2504/2798/2114 2516/2811/2126 2515/2810/2125 2503/2797/2113
f 2505/2799/2115 2517/2812/2127 2516/2811/2126 2504/2798/2114
f 2506/2800/2116 2518/2813/2128 2517/2812/2127 2505/2799/2115
f 2507/2801/2117 2519/2814/2129 2518/2813/2128 2506/2800/2116
f 2508/2802/2118 2520/2815/2130 2519/2814/2129 2507/2801/2117
f 2509/2803/2119 2521/2816/2131 2520/2815/2130 2508/2802/2118
f 2510/2804/2120 2522/2817/2132 2521/2816/2131 2509/2803/2119
f 2511/2805/2121 2523/2818/2133 2522/2817/2132 2510/2804/2120
f 2512/2794/2122 2524/2807/2134 2523/2818/2133 2511/2805/2121
f 2513/2806/2123 2525/2819/2135 2536/2820/2146 2524/2807/2134
f 2514/2808/2124 2526/2821/2136 2525/2822/2135 2513/2809/2123
f 2515/2810/2125 2527/2823/2137 2526/2821/2136 2514/2808/2124
f 2516/2811/2126 2528/2824/2138 2527/2823/2137 2515/2810/2125
f 2517/2812/2127 2529/2825/2139 2528/2824/2138 2516/2811/2126
f 2518/2813/2128 2530/2826/2140 2529/2825/2139 2517/2812/2127
f 2519/2814/2129 2531/2827/2141 2530/2826/2140 2518/2813/2128
f 2520/2815/2130 2532/2828/2142 2531/2827/2141 2519/2814/2129
f 2521/2816/2131 2533/2829/2143 2532/2828/2142 2520/2815/2130
f 2522/2817/2132 2534/2830/2144 2533/2829/2143 2521/2816/2131
f 2523/2818/2133 2535/2831/2145 2534/2830/2144 2522/2817/2132
f 2524/2807/2134 2536/2820/2146 2535/2831/2145 2523/2818/2133
f 2525/2819/2135 2537/2832/2147 2548/2833/2158 2536/2820/2146
f 2526/2821/2136 2538/2834/2148 2537/2835/2147 2525/2822/2135
f 2527/2823/2137 2539/2836/2149 2538/2834/2148 2526/2821/2136
f 2528/2824/2138 2540/2837/2150 2539/2836/2149 2527/2823/2137
f 2529/2825/2139 2541/2838/2151 2540/2837/2150 2528/2824/2138
f 2530/2826/2140 2542/2839/2152 2541/2838/2151 2529/2825/2139
f 2531/2827/2141 2543/2840/2153 2542/2839/2152 2530/2826/2140
f 2532/2828/2142 2544/2841/2154 2543/2840/2153 2531/2827/2141
f 2533/2829/2143 2545/2842/2155 2544/2841/2154 2532/2828/2142
f 2534/2830/2144 2546/2843/2156 2545/2842/2155 2533/2829/2143
f 2535/2831/2145 2547/2844/2157 2546/2843/2156 2534/2830/2144
f 2536/2820/2146 2548/2833/2158 2547/2844/2157 2535/2831/2145
f 2537/2832/2147 2549/2845/2159 2560/2846/2170 2548/2833/2158
f 2538/2834/2148 2550/2847/2160 2549/1917/2159 2537/2835/2147
f 2539/2836/2149 2551/2848/2161 2550/2847/2160 2538/2834/2148
f 2540/2837/2150 2552/2849/2162 2551/2848/2161 2539/2836/2149
f 2541/2838/2151 2553/2850/2163 2552/2849/2162 2540/2837/2150
f 2542/2839/2152 2554/2851/2164 2553/2850/2163 2541/2838/2151
f 2543/2840/2153 2555/2852/2165 2554/2851/2164 2542/2839/2152
f 2544/2841/2154 2556/2853/2166 2555/2852/2165 2543/2840/2153
f 2545/2842/2155 2557/2854/2167 2556/2853/2166 2544/2841/2154
f 2546/2843/2156 2558/2855/2168 2557/2854/2167 2545/2842/2155
f 2547/2844/2157 2559/2856/2169 2558/2855/2168 2546/2843/2156
f 2548/2833/2158 2560/2846/2170 2559/2856/2169 2547/2844/2157
